name,position,team,element,team_id,position_id,GW,value,minutes,goals_scored,assists,clean_sheets,goals_conceded,saves,bps,bonus,yellow_cards,red_cards,penalties_saved,penalties_missed,total_points,was_home,opponent_team,fixture_id,team_h_score,team_a_score,kickoff_time,strength_overall_home,strength_overall_away,strength_attack_home,strength_attack_away,strength_defence_home,strength_defence_away,roll3_total_points,roll3_minutes,roll3_goals_scored,roll3_assists,roll3_clean_sheets,roll3_bps,avg_points_last3,avg_minutes_last3,goals_last3,std_points_last3,avg_points_last5,avg_minutes_last5,goals_last5,std_points_last5,ema_points
Raya,GKP,ARS,1,1,1,1,60,90,0,0,1,0,1,24,0,0,0,0,0,6,0.0,0.0,1,3,0,2026-08-21T19:00:00Z,4,5,0,0,0,0,0.0,0.0,0.0,0.0,0.0,0.0,0.0,0.0,0.0,0.0,0.0,0.0,0.0,0.0,0.0
Raya,GKP,ARS,1,1,1,2,60,90,0,0,1,0,0,21,0,0,0,0,0,6,0.0,0.0,20,0,1,2026-08-31T19:00:00Z,4,5,0,0,0,0,6.0,90.0,0.0,0.0,1.0,24.0,0.0,0.0,0.0,0.0,0.0,0.0,0.0,0.0,6.0
Raya,GKP,ARS,1,1,1,3,60,90,0,0,0,1,4,15,0,0,0,0,0,3,0.0,0.0,29,2,1,2026-09-06T15:30:00Z,4,5,0,0,0,0,6.0,90.0,0.0,0.0,1.0,22.5,0.0,0.0,0.0,0.0,0.0,0.0,0.0,0.0,6.0
Arrizabalaga,GKP,ARS,2,1,1,1,49,0,0,0,0,0,0,0,0,0,0,0,0,0,0.0,0.0,1,3,0,2026-08-21T19:00:00Z,4,5,0,0,0,0,0.0,0.0,0.0,0.0,0.0,0.0,5.0,90.0,0.0,1.7320508075688772,0.0,0.0,0.0,0.0,4.5
Arrizabalaga,GKP,ARS,2,1,1,2,49,0,0,0,0,0,0,0,0,0,0,0,0,0,0.0,0.0,20,0,1,2026-08-31T19:00:00Z,4,5,0,0,0,0,0.0,0.0,0.0,0.0,0.0,0.0,0.0,0.0,0.0,0.0,0.0,0.0,0.0,0.0,0.0
Arrizabalaga,GKP,ARS,2,1,1,3,49,0,0,0,0,0,0,0,0,0,0,0,0,0,0.0,0.0,29,2,1,2026-09-06T15:30:00Z,4,5,0,0,0,0,0.0,0.0,0.0,0.0,0.0,0.0,0.0,0.0,0.0,0.0,0.0,0.0,0.0,0.0,0.0
Meslier,GKP,ARS,3,1,1,1,49,0,0,0,0,0,0,0,0,0,0,0,0,0,0.0,0.0,1,3,0,2026-08-21T19:00:00Z,4,5,0,0,0,0,0.0,0.0,0.0,0.0,0.0,0.0,0.0,0.0,0.0,0.0,0.0,0.0,0.0,0.0,0.0
Meslier,GKP,ARS,3,1,1,2,49,0,0,0,0,0,0,0,0,0,0,0,0,0,0.0,0.0,20,0,1,2026-08-31T19:00:00Z,4,5,0,0,0,0,0.0,0.0,0.0,0.0,0.0,0.0,0.0,0.0,0.0,0.0,0.0,0.0,0.0,0.0,0.0
Meslier,GKP,ARS,3,1,1,3,49,0,0,0,0,0,0,0,0,0,0,0,0,0,0.0,0.0,29,2,1,2026-09-06T15:30:00Z,4,5,0,0,0,0,0.0,0.0,0.0,0.0,0.0,0.0,0.0,0.0,0.0,0.0,0.0,0.0,0.0,0.0,0.0
Gabriel,DEF,ARS,4,1,2,1,80,90,0,0,1,0,0,21,0,1,0,0,0,5,0.0,0.0,1,3,0,2026-08-21T19:00:00Z,4,5,0,0,0,0,0.0,0.0,0.0,0.0,0.0,0.0,0.0,0.0,0.0,0.0,0.0,0.0,0.0,0.0,0.0
Gabriel,DEF,ARS,4,1,2,2,80,90,0,0,1,0,0,23,0,0,0,0,0,8,0.0,0.0,20,0,1,2026-08-31T19:00:00Z,4,5,0,0,0,0,5.0,90.0,0.0,0.0,1.0,21.0,0.0,0.0,0.0,0.0,0.0,0.0,0.0,0.0,5.0
Gabriel,DEF,ARS,4,1,2,3,80,90,0,0,0,1,0,10,0,0,0,0,0,2,0.0,0.0,29,2,1,2026-09-06T15:30:00Z,4,5,0,0,0,0,6.5,90.0,0.0,0.0,1.0,22.0,0.0,0.0,0.0,0.0,0.0,0.0,0.0,0.0,6.5
J.Timber,DEF,ARS,5,1,2,1,65,0,0,0,0,0,0,0,0,0,0,0,0,0,0.0,0.0,1,3,0,2026-08-21T19:00:00Z,4,5,0,0,0,0,0.0,0.0,0.0,0.0,0.0,0.0,5.0,90.0,0.0,3.0,0.0,0.0,0.0,0.0,4.25
J.Timber,DEF,ARS,5,1,2,2,65,0,0,0,0,0,0,0,0,0,0,0,0,0,0.0,0.0,20,0,1,2026-08-31T19:00:00Z,4,5,0,0,0,0,0.0,0.0,0.0,0.0,0.0,0.0,0.0,0.0,0.0,0.0,0.0,0.0,0.0,0.0,0.0
J.Timber,DEF,ARS,5,1,2,3,65,0,0,0,0,0,0,0,0,0,0,0,0,0,0.0,0.0,29,2,1,2026-09-06T15:30:00Z,4,5,0,0,0,0,0.0,0.0,0.0,0.0,0.0,0.0,0.0,0.0,0.0,0.0,0.0,0.0,0.0,0.0,0.0
Saliba,DEF,ARS,6,1,2,1,59,0,0,0,0,0,0,0,0,0,0,0,0,0,0.0,0.0,1,3,0,2026-08-21T19:00:00Z,4,5,0,0,0,0,0.0,0.0,0.0,0.0,0.0,0.0,0.0,0.0,0.0,0.0,0.0,0.0,0.0,0.0,0.0
Saliba,DEF,ARS,6,1,2,2,59,0,0,0,0,0,0,0,0,0,0,0,0,0,0.0,0.0,20,0,1,2026-08-31T19:00:00Z,4,5,0,0,0,0,0.0,0.0,0.0,0.0,0.0,0.0,0.0,0.0,0.0,0.0,0.0,0.0,0.0,0.0,0.0
Saliba,DEF,ARS,6,1,2,3,59,0,0,0,0,0,0,0,0,0,0,0,0,0,0.0,0.0,29,2,1,2026-09-06T15:30:00Z,4,5,0,0,0,0,0.0,0.0,0.0,0.0,0.0,0.0,0.0,0.0,0.0,0.0,0.0,0.0,0.0,0.0,0.0
Lewis-Skelly,MID,ARS,7,1,3,1,55,90,0,0,1,0,0,15,0,0,0,0,0,3,0.0,0.0,1,3,0,2026-08-21T19:00:00Z,4,5,0,0,0,0,0.0,0.0,0.0,0.0,0.0,0.0,0.0,0.0,0.0,0.0,0.0,0.0,0.0,0.0,0.0
Lewis-Skelly,MID,ARS,7,1,3,2,55,70,0,0,1,0,0,15,0,0,0,0,0,3,0.0,0.0,20,0,1,2026-08-31T19:00:00Z,4,5,0,0,0,0,3.0,90.0,0.0,0.0,1.0,15.0,0.0,0.0,0.0,0.0,0.0,0.0,0.0,0.0,3.0
Lewis-Skelly,MID,ARS,7,1,3,3,55,66,0,0,0,1,0,5,0,0,0,0,0,2,0.0,0.0,29,2,1,2026-09-06T15:30:00Z,4,5,0,0,0,0,3.0,80.0,0.0,0.0,1.0,15.0,0.0,0.0,0.0,0.0,0.0,0.0,0.0,0.0,3.0
Calafiori,DEF,ARS,8,1,2,1,58,80,0,1,1,0,0,31,0,0,0,0,0,9,0.0,0.0,1,3,0,2026-08-21T19:00:00Z,4,5,0,0,0,0,0.0,0.0,0.0,0.0,0.0,0.0,2.6666666666666665,75.33333333333333,0.0,0.5773502691896257,0.0,0.0,0.0,0.0,2.5
Calafiori,DEF,ARS,8,1,2,2,58,90,0,1,1,0,0,30,2,0,0,0,0,11,0.0,0.0,20,0,1,2026-08-31T19:00:00Z,4,5,0,0,0,0,9.0,80.0,0.0,1.0,1.0,31.0,0.0,0.0,0.0,0.0,0.0,0.0,0.0,0.0,9.0
Calafiori,DEF,ARS,8,1,2,3,58,66,0,0,0,1,0,0,0,0,0,0,0,2,0.0,0.0,29,2,1,2026-09-06T15:30:00Z,4,5,0,0,0,0,10.0,85.0,0.0,1.0,1.0,30.5,0.0,0.0,0.0,0.0,0.0,0.0,0.0,0.0,10.0
Hincapie,DEF,ARS,9,1,2,1,53,9,0,0,0,0,0,3,0,0,0,0,0,1,0.0,0.0,1,3,0,2026-08-21T19:00:00Z,4,5,0,0,0,0,0.0,0.0,0.0,0.0,0.0,0.0,7.333333333333333,78.66666666666667,0.0,4.725815626252609,0.0,0.0,0.0,0.0,6.0
Hincapie,DEF,ARS,9,1,2,2,53,0,0,0,0,0,0,0,0,0,0,0,0,0,0.0,0.0,20,0,1,2026-08-31T19:00:00Z,4,5,0,0,0,0,1.0,9.0,0.0,0.0,0.0,3.0,0.0,0.0,0.0,0.0,0.0,0.0,0.0,0.0,1.0
Hincapie,DEF,ARS,9,1,2,3,53,23,0,0,0,0,0,3,0,0,0,0,0,1,0.0,0.0,29,2,1,2026-09-06T15:30:00Z,4,5,0,0,0,0,0.5,4.5,0.0,0.0,0.0,1.5,0.0,0.0,0.0,0.0,0.0,0.0,0.0,0.0,0.5
White,DEF,ARS,10,1,2,1,55,90,0,1,1,0,0,37,2,0,0,0,0,11,0.0,0.0,1,3,0,2026-08-21T19:00:00Z,4,5,0,0,0,0,0.0,0.0,0.0,0.0,0.0,0.0,0.6666666666666666,10.666666666666666,0.0,0.5773502691896258,0.0,0.0,0.0,0.0,0.75
White,DEF,ARS,10,1,2,2,55,90,0,0,1,0,0,26,1,0,0,0,0,7,0.0,0.0,20,0,1,2026-08-31T19:00:00Z,4,5,0,0,0,0,11.0,90.0,0.0,1.0,1.0,37.0,0.0,0.0,0.0,0.0,0.0,0.0,0.0,0.0,11.0
White,DEF,ARS,10,1,2,3,55,90,0,0,0,1,0,11,0,0,0,0,0,2,0.0,0.0,29,2,1,2026-09-06T15:30:00Z,4,5,0,0,0,0,9.0,90.0,0.0,0.5,1.0,31.5,0.0,0.0,0.0,0.0,0.0,0.0,0.0,0.0,9.0
Mosquera,DEF,ARS,11,1,2,1,54,90,0,0,1,0,0,27,0,0,0,0,0,6,0.0,0.0,1,3,0,2026-08-21T19:00:00Z,4,5,0,0,0,0,0.0,0.0,0.0,0.0,0.0,0.0,6.666666666666667,90.0,0.0,4.509249752822894,0.0,0.0,0.0,0.0,5.5
Mosquera,DEF,ARS,11,1,2,2,54,78,0,0,1,0,0,25,0,0,0,0,0,6,0.0,0.0,20,0,1,2026-08-31T19:00:00Z,4,5,0,0,0,0,6.0,90.0,0.0,0.0,1.0,27.0,0.0,0.0,0.0,0.0,0.0,0.0,0.0,0.0,6.0
Mosquera,DEF,ARS,11,1,2,3,54,0,0,0,0,0,0,0,0,0,0,0,0,0,0.0,0.0,29,2,1,2026-09-06T15:30:00Z,4,5,0,0,0,0,6.0,84.0,0.0,0.0,1.0,26.0,0.0,0.0,0.0,0.0,0.0,0.0,0.0,0.0,6.0
Saka,MID,ARS,12,1,3,1,95,67,1,0,1,0,0,36,1,0,0,0,0,9,0.0,0.0,1,3,0,2026-08-21T19:00:00Z,4,5,0,0,0,0,0.0,0.0,0.0,0.0,0.0,0.0,4.0,56.0,0.0,3.4641016151377544,0.0,0.0,0.0,0.0,3.0
Saka,MID,ARS,12,1,3,2,95,90,1,0,1,0,0,46,3,0,0,0,0,11,0.0,0.0,20,0,1,2026-08-31T19:00:00Z,4,5,0,0,0,0,9.0,67.0,1.0,0.0,1.0,36.0,0.0,0.0,0.0,0.0,0.0,0.0,0.0,0.0,9.0
Saka,MID,ARS,12,1,3,3,95,89,0,0,0,1,0,13,0,0,0,0,0,2,0.0,0.0,29,2,1,2026-09-06T15:30:00Z,4,5,0,0,0,0,10.0,78.5,1.0,0.0,1.0,41.0,0.0,0.0,0.0,0.0,0.0,0.0,0.0,0.0,10.0
Rice,MID,ARS,13,1,3,1,74,67,0,0,1,0,0,10,0,0,0,0,0,3,0.0,0.0,1,3,0,2026-08-21T19:00:00Z,4,5,0,0,0,0,0.0,0.0,0.0,0.0,0.0,0.0,7.333333333333333,82.0,2.0,4.725815626252609,0.0,0.0,0.0,0.0,6.0
Rice,MID,ARS,13,1,3,2,74,84,0,0,1,0,0,19,0,0,0,0,0,5,0.0,0.0,20,0,1,2026-08-31T19:00:00Z,4,5,0,0,0,0,3.0,67.0,0.0,0.0,1.0,10.0,0.0,0.0,0.0,0.0,0.0,0.0,0.0,0.0,3.0
Rice,MID,ARS,13,1,3,3,74,90,0,1,0,1,0,22,0,0,0,0,0,5,0.0,0.0,29,2,1,2026-09-06T15:30:00Z,4,5,0,0,0,0,4.0,75.5,0.0,0.0,1.0,14.5,0.0,0.0,0.0,0.0,0.0,0.0,0.0,0.0,4.0
Eze,MID,ARS,14,1,3,1,63,14,0,0,0,0,0,4,0,0,0,0,0,1,0.0,0.0,1,3,0,2026-08-21T19:00:00Z,4,5,0,0,0,0,0.0,0.0,0.0,0.0,0.0,0.0,4.333333333333333,80.33333333333333,0.0,1.1547005383792517,0.0,0.0,0.0,0.0,4.5
Eze,MID,ARS,14,1,3,2,63,45,0,0,0,0,0,6,0,0,0,0,0,1,0.0,0.0,20,0,1,2026-08-31T19:00:00Z,4,5,0,0,0,0,1.0,14.0,0.0,0.0,0.0,4.0,0.0,0.0,0.0,0.0,0.0,0.0,0.0,0.0,1.0
Eze,MID,ARS,14,1,3,3,63,0,0,0,0,0,0,0,0,0,0,0,0,0,0.0,0.0,29,2,1,2026-09-06T15:30:00Z,4,5,0,0,0,0,1.0,29.5,0.0,0.0,0.0,5.0,0.0,0.0,0.0,0.0,0.0,0.0,0.0,0.0,1.0
Ødegaard,MID,ARS,15,1,3,1,67,75,1,0,1,0,0,41,3,0,0,0,0,11,0.0,0.0,1,3,0,2026-08-21T19:00:00Z,4,5,0,0,0,0,0.0,0.0,0.0,0.0,0.0,0.0,0.6666666666666666,19.666666666666668,0.0,0.5773502691896258,0.0,0.0,0.0,0.0,0.5
Ødegaard,MID,ARS,15,1,3,2,67,70,0,0,1,0,0,13,0,0,0,0,0,3,0.0,0.0,20,0,1,2026-08-31T19:00:00Z,4,5,0,0,0,0,11.0,75.0,1.0,0.0,1.0,41.0,0.0,0.0,0.0,0.0,0.0,0.0,0.0,0.0,11.0
Ødegaard,MID,ARS,15,1,3,3,67,76,1,0,0,1,0,47,3,0,0,0,0,10,0.0,0.0,29,2,1,2026-09-06T15:30:00Z,4,5,0,0,0,0,7.0,72.5,0.5,0.0,1.0,27.0,0.0,0.0,0.0,0.0,0.0,0.0,0.0,0.0,7.0
Madueke,MID,ARS,16,1,3,1,63,22,0,0,0,0,0,8,0,0,0,0,0,1,0.0,0.0,1,3,0,2026-08-21T19:00:00Z,4,5,0,0,0,0,0.0,0.0,0.0,0.0,0.0,0.0,8.0,73.66666666666667,2.0,4.358898943540674,0.0,0.0,0.0,0.0,8.5
Madueke,MID,ARS,16,1,3,2,63,0,0,0,0,0,0,0,0,0,0,0,0,0,0.0,0.0,20,0,1,2026-08-31T19:00:00Z,4,5,0,0,0,0,1.0,22.0,0.0,0.0,0.0,8.0,0.0,0.0,0.0,0.0,0.0,0.0,0.0,0.0,1.0
Madueke,MID,ARS,16,1,3,3,63,1,0,0,0,0,0,3,0,0,0,0,0,1,0.0,0.0,29,2,1,2026-09-06T15:30:00Z,4,5,0,0,0,0,0.5,11.0,0.0,0.0,0.0,4.0,0.0,0.0,0.0,0.0,0.0,0.0,0.0,0.0,0.5
Merino,MID,ARS,17,1,3,1,58,14,0,0,0,0,0,5,0,0,0,0,0,1,0.0,0.0,1,3,0,2026-08-21T19:00:00Z,4,5,0,0,0,0,0.0,0.0,0.0,0.0,0.0,0.0,0.6666666666666666,7.666666666666667,0.0,0.5773502691896258,0.0,0.0,0.0,0.0,0.75
Merino,MID,ARS,17,1,3,2,58,19,0,0,0,0,0,7,0,0,0,0,0,1,0.0,0.0,20,0,1,2026-08-31T19:00:00Z,4,5,0,0,0,0,1.0,14.0,0.0,0.0,0.0,5.0,0.0,0.0,0.0,0.0,0.0,0.0,0.0,0.0,1.0
Merino,MID,ARS,17,1,3,3,58,13,0,0,0,0,0,0,0,1,0,0,0,0,0.0,0.0,29,2,1,2026-09-06T15:30:00Z,4,5,0,0,0,0,1.0,16.5,0.0,0.0,0.0,6.0,0.0,0.0,0.0,0.0,0.0,0.0,0.0,0.0,1.0
Martinelli,MID,ARS,18,1,3,1,63,0,0,0,0,0,0,0,0,0,0,0,0,0,0.0,0.0,1,3,0,2026-08-21T19:00:00Z,4,5,0,0,0,0,0.0,0.0,0.0,0.0,0.0,0.0,0.6666666666666666,15.333333333333334,0.0,0.5773502691896258,0.0,0.0,0.0,0.0,0.5
Martinelli,MID,ARS,18,1,3,2,63,0,0,0,0,0,0,0,0,0,0,0,0,0,0.0,0.0,20,0,1,2026-08-31T19:00:00Z,4,5,0,0,0,0,0.0,0.0,0.0,0.0,0.0,0.0,0.0,0.0,0.0,0.0,0.0,0.0,0.0,0.0,0.0
Martinelli,MID,ARS,18,1,3,3,63,0,0,0,0,0,0,0,0,0,0,0,0,0,0.0,0.0,29,2,1,2026-09-06T15:30:00Z,4,5,0,0,0,0,0.0,0.0,0.0,0.0,0.0,0.0,0.0,0.0,0.0,0.0,0.0,0.0,0.0,0.0,0.0
Zubimendi,MID,ARS,19,1,3,1,54,22,0,0,0,0,0,3,0,0,0,0,0,1,0.0,0.0,1,3,0,2026-08-21T19:00:00Z,4,5,0,0,0,0,0.0,0.0,0.0,0.0,0.0,0.0,0.0,0.0,0.0,0.0,0.0,0.0,0.0,0.0,0.0
Zubimendi,MID,ARS,19,1,3,2,54,5,0,0,0,0,0,5,0,0,0,0,0,1,0.0,0.0,20,0,1,2026-08-31T19:00:00Z,4,5,0,0,0,0,1.0,22.0,0.0,0.0,0.0,3.0,0.0,0.0,0.0,0.0,0.0,0.0,0.0,0.0,1.0
Zubimendi,MID,ARS,19,1,3,3,54,23,0,0,0,0,0,1,0,0,0,0,0,1,0.0,0.0,29,2,1,2026-09-06T15:30:00Z,4,5,0,0,0,0,1.0,13.5,0.0,0.0,0.0,4.0,0.0,0.0,0.0,0.0,0.0,0.0,0.0,0.0,1.0
Dowman,MID,ARS,20,1,3,1,53,0,0,0,0,0,0,0,0,0,0,0,0,0,0.0,0.0,1,3,0,2026-08-21T19:00:00Z,4,5,0,0,0,0,0.0,0.0,0.0,0.0,0.0,0.0,1.0,16.666666666666668,0.0,0.0,0.0,0.0,0.0,0.0,1.0
Dowman,MID,ARS,20,1,3,2,53,0,0,0,0,0,0,0,0,0,0,0,0,0,0.0,0.0,20,0,1,2026-08-31T19:00:00Z,4,5,0,0,0,0,0.0,0.0,0.0,0.0,0.0,0.0,0.0,0.0,0.0,0.0,0.0,0.0,0.0,0.0,0.0
Dowman,MID,ARS,20,1,3,3,53,0,0,0,0,0,0,0,0,0,0,0,0,0,0.0,0.0,29,2,1,2026-09-06T15:30:00Z,4,5,0,0,0,0,0.0,0.0,0.0,0.0,0.0,0.0,0.0,0.0,0.0,0.0,0.0,0.0,0.0,0.0,0.0
Nørgaard,MID,EVE,21,9,3,1,49,0,0,0,0,0,0,0,0,0,0,0,0,0,0.0,0.0,3,2,0,2026-08-22T14:00:00Z,3,3,0,0,0,0,0.0,0.0,0.0,0.0,0.0,0.0,0.0,0.0,0.0,0.0,0.0,0.0,0.0,0.0,0.0
Nørgaard,MID,EVE,21,9,3,2,49,0,0,0,0,0,0,0,0,0,0,0,0,0,0.0,0.0,12,1,1,2026-08-29T14:00:00Z,3,3,0,0,0,0,0.0,0.0,0.0,0.0,0.0,0.0,0.0,0.0,0.0,0.0,0.0,0.0,0.0,0.0,0.0
Nørgaard,MID,EVE,21,9,3,3,49,0,0,0,0,0,0,0,0,0,0,0,0,0,0.0,0.0,30,2,2,2026-09-06T13:00:00Z,3,3,0,0,0,0,0.0,0.0,0.0,0.0,0.0,0.0,0.0,0.0,0.0,0.0,0.0,0.0,0.0,0.0,0.0
Nwaneri,MID,ARS,22,1,3,1,54,0,0,0,0,0,0,0,0,0,0,0,0,0,0.0,0.0,1,3,0,2026-08-21T19:00:00Z,4,5,0,0,0,0,0.0,0.0,0.0,0.0,0.0,0.0,0.0,0.0,0.0,0.0,0.0,0.0,0.0,0.0,0.0
Nwaneri,MID,ARS,22,1,3,2,54,0,0,0,0,0,0,0,0,0,0,0,0,0,0.0,0.0,20,0,1,2026-08-31T19:00:00Z,4,5,0,0,0,0,0.0,0.0,0.0,0.0,0.0,0.0,0.0,0.0,0.0,0.0,0.0,0.0,0.0,0.0,0.0
Nwaneri,MID,ARS,22,1,3,3,54,0,0,0,0,0,0,0,0,0,0,0,0,0,0.0,0.0,29,2,1,2026-09-06T15:30:00Z,4,5,0,0,0,0,0.0,0.0,0.0,0.0,0.0,0.0,0.0,0.0,0.0,0.0,0.0,0.0,0.0,0.0,0.0
Fábio Vieira,MID,ARS,23,1,3,1,55,0,0,0,0,0,0,0,0,0,0,0,0,0,0.0,0.0,1,3,0,2026-08-21T19:00:00Z,4,5,0,0,0,0,0.0,0.0,0.0,0.0,0.0,0.0,0.0,0.0,0.0,0.0,0.0,0.0,0.0,0.0,0.0
Fábio Vieira,MID,ARS,23,1,3,2,55,0,0,0,0,0,0,0,0,0,0,0,0,0,0.0,0.0,20,0,1,2026-08-31T19:00:00Z,4,5,0,0,0,0,0.0,0.0,0.0,0.0,0.0,0.0,0.0,0.0,0.0,0.0,0.0,0.0,0.0,0.0,0.0
Fábio Vieira,MID,ARS,23,1,3,3,55,0,0,0,0,0,0,0,0,0,0,0,0,0,0.0,0.0,29,2,1,2026-09-06T15:30:00Z,4,5,0,0,0,0,0.0,0.0,0.0,0.0,0.0,0.0,0.0,0.0,0.0,0.0,0.0,0.0,0.0,0.0,0.0
Nelson,MID,ARS,24,1,3,1,55,0,0,0,0,0,0,0,0,0,0,0,0,0,0.0,0.0,1,3,0,2026-08-21T19:00:00Z,4,5,0,0,0,0,0.0,0.0,0.0,0.0,0.0,0.0,0.0,0.0,0.0,0.0,0.0,0.0,0.0,0.0,0.0
Nelson,MID,ARS,24,1,3,2,55,0,0,0,0,0,0,0,0,0,0,0,0,0,0.0,0.0,20,0,1,2026-08-31T19:00:00Z,4,5,0,0,0,0,0.0,0.0,0.0,0.0,0.0,0.0,0.0,0.0,0.0,0.0,0.0,0.0,0.0,0.0,0.0
Nelson,MID,ARS,24,1,3,3,55,0,0,0,0,0,0,0,0,0,0,0,0,0,0.0,0.0,29,2,1,2026-09-06T15:30:00Z,4,5,0,0,0,0,0.0,0.0,0.0,0.0,0.0,0.0,0.0,0.0,0.0,0.0,0.0,0.0,0.0,0.0,0.0
Gyökeres,FWD,ARS,25,1,4,1,72,0,0,0,0,0,0,0,0,0,0,0,0,0,0.0,0.0,1,3,0,2026-08-21T19:00:00Z,4,5,0,0,0,0,0.0,0.0,0.0,0.0,0.0,0.0,0.0,0.0,0.0,0.0,0.0,0.0,0.0,0.0,0.0
Gyökeres,FWD,ARS,25,1,4,2,72,0,0,0,0,0,0,0,0,0,0,0,0,0,0.0,0.0,20,0,1,2026-08-31T19:00:00Z,4,5,0,0,0,0,0.0,0.0,0.0,0.0,0.0,0.0,0.0,0.0,0.0,0.0,0.0,0.0,0.0,0.0,0.0
Gyökeres,FWD,ARS,25,1,4,3,72,12,0,0,0,0,0,2,0,0,0,0,0,1,0.0,0.0,29,2,1,2026-09-06T15:30:00Z,4,5,0,0,0,0,0.0,0.0,0.0,0.0,0.0,0.0,0.0,0.0,0.0,0.0,0.0,0.0,0.0,0.0,0.0
Havertz,FWD,ARS,26,1,4,1,75,90,1,0,1,0,0,34,0,0,0,0,0,6,0.0,0.0,1,3,0,2026-08-21T19:00:00Z,4,5,0,0,0,0,0.0,0.0,0.0,0.0,0.0,0.0,0.3333333333333333,4.0,0.0,0.5773502691896258,0.0,0.0,0.0,0.0,0.5
Havertz,FWD,ARS,26,1,4,2,75,90,0,0,1,0,0,5,0,0,0,0,0,2,0.0,0.0,20,0,1,2026-08-31T19:00:00Z,4,5,0,0,0,0,6.0,90.0,1.0,0.0,1.0,34.0,0.0,0.0,0.0,0.0,0.0,0.0,0.0,0.0,6.0
Havertz,FWD,ARS,26,1,4,3,75,77,1,0,0,1,0,38,2,0,0,0,0,8,0.0,0.0,29,2,1,2026-09-06T15:30:00Z,4,5,0,0,0,0,4.0,90.0,0.5,0.0,1.0,19.5,0.0,0.0,0.0,0.0,0.0,0.0,0.0,0.0,4.0
G.Jesus,FWD,ARS,27,1,4,1,59,0,0,0,0,0,0,0,0,0,0,0,0,0,0.0,0.0,1,3,0,2026-08-21T19:00:00Z,4,5,0,0,0,0,0.0,0.0,0.0,0.0,0.0,0.0,5.333333333333333,85.66666666666667,2.0,3.0550504633038935,0.0,0.0,0.0,0.0,6.0
G.Jesus,FWD,ARS,27,1,4,2,59,0,0,0,0,0,0,0,0,0,0,0,0,0,0.0,0.0,20,0,1,2026-08-31T19:00:00Z,4,5,0,0,0,0,0.0,0.0,0.0,0.0,0.0,0.0,0.0,0.0,0.0,0.0,0.0,0.0,0.0,0.0,0.0
G.Jesus,FWD,ARS,27,1,4,3,59,0,0,0,0,0,0,0,0,0,0,0,0,0,0.0,0.0,29,2,1,2026-09-06T15:30:00Z,4,5,0,0,0,0,0.0,0.0,0.0,0.0,0.0,0.0,0.0,0.0,0.0,0.0,0.0,0.0,0.0,0.0,0.0
Martinez,GKP,CHE,28,6,1,1,50,0,0,0,0,0,0,0,0,0,0,0,0,0,0.0,0.0,7,4,0,2026-08-23T13:00:00Z,4,4,0,0,0,0,0.0,0.0,0.0,0.0,0.0,0.0,0.0,0.0,0.0,0.0,0.0,0.0,0.0,0.0,0.0
Martinez,GKP,CHE,28,6,1,2,50,90,0,0,0,3,4,18,0,0,0,0,0,2,0.0,0.0,16,4,3,2026-08-30T13:00:00Z,4,4,0,0,0,0,0.0,0.0,0.0,0.0,0.0,0.0,0.0,0.0,0.0,0.0,0.0,0.0,0.0,0.0,0.0
Martinez,GKP,CHE,28,6,1,3,50,90,0,0,0,2,8,26,0,0,0,0,0,3,0.0,0.0,29,2,1,2026-09-06T15:30:00Z,4,4,0,0,0,0,1.0,45.0,0.0,0.0,0.0,9.0,0.0,0.0,0.0,0.0,0.0,0.0,0.0,0.0,1.0
M.Bizot,GKP,AVL,29,2,1,1,45,90,0,0,0,4,3,1,0,0,0,0,0,1,0.0,0.0,7,4,0,2026-08-23T13:00:00Z,3,4,0,0,0,0,0.0,0.0,0.0,0.0,0.0,0.0,1.6666666666666667,60.0,0.0,1.5275252316519468,0.0,0.0,0.0,0.0,2.0
M.Bizot,GKP,AVL,29,2,1,2,45,0,0,0,0,0,0,0,0,0,0,0,0,0,0.0,0.0,20,0,1,2026-08-31T19:00:00Z,3,4,0,0,0,0,1.0,90.0,0.0,0.0,0.0,1.0,0.0,0.0,0.0,0.0,0.0,0.0,0.0,0.0,1.0
M.Bizot,GKP,AVL,29,2,1,3,45,0,0,0,0,0,0,0,0,0,0,0,0,0,0.0,0.0,25,0,0,2026-09-05T16:30:00Z,3,4,0,0,0,0,0.5,45.0,0.0,0.0,0.0,0.5,0.0,0.0,0.0,0.0,0.0,0.0,0.0,0.0,0.5
Digne,DEF,AVL,30,2,2,1,45,0,0,0,0,0,0,0,0,0,0,0,0,0,0.0,0.0,7,4,0,2026-08-23T13:00:00Z,3,4,0,0,0,0,0.0,0.0,0.0,0.0,0.0,0.0,0.3333333333333333,30.0,0.0,0.5773502691896258,0.0,0.0,0.0,0.0,0.25
Digne,DEF,AVL,30,2,2,2,45,0,0,0,0,0,0,0,0,0,0,0,0,0,0.0,0.0,20,0,1,2026-08-31T19:00:00Z,3,4,0,0,0,0,0.0,0.0,0.0,0.0,0.0,0.0,0.0,0.0,0.0,0.0,0.0,0.0,0.0,0.0,0.0
Digne,DEF,AVL,30,2,2,3,45,0,0,0,0,0,0,0,0,0,0,0,0,0,0.0,0.0,25,0,0,2026-09-05T16:30:00Z,3,4,0,0,0,0,0.0,0.0,0.0,0.0,0.0,0.0,0.0,0.0,0.0,0.0,0.0,0.0,0.0,0.0,0.0
Konsa,DEF,ARS,31,1,2,1,45,0,0,0,0,0,0,0,0,0,0,0,0,0,0.0,0.0,1,3,0,2026-08-21T19:00:00Z,4,5,0,0,0,0,0.0,0.0,0.0,0.0,0.0,0.0,0.0,0.0,0.0,0.0,0.0,0.0,0.0,0.0,0.0
Konsa,DEF,ARS,31,1,2,2,45,11,0,0,0,0,0,3,0,0,0,0,0,1,0.0,0.0,20,0,1,2026-08-31T19:00:00Z,4,5,0,0,0,0,0.0,0.0,0.0,0.0,0.0,0.0,0.0,0.0,0.0,0.0,0.0,0.0,0.0,0.0,0.0
Konsa,DEF,ARS,31,1,2,3,45,90,0,0,0,1,0,15,0,0,0,0,0,4,0.0,0.0,29,2,1,2026-09-06T15:30:00Z,4,5,0,0,0,0,0.5,5.5,0.0,0.0,0.0,1.5,0.0,0.0,0.0,0.0,0.0,0.0,0.0,0.0,0.5
Cash,DEF,AVL,32,2,2,1,45,90,0,0,0,4,0,-8,0,1,0,0,0,-1,0.0,0.0,7,4,0,2026-08-23T13:00:00Z,3,4,0,0,0,0,0.0,0.0,0.0,0.0,0.0,0.0,1.6666666666666667,33.666666666666664,0.0,2.0816659994661326,0.0,0.0,0.0,0.0,2.25
Cash,DEF,AVL,32,2,2,2,45,77,0,0,0,1,0,8,0,0,0,0,0,2,0.0,0.0,20,0,1,2026-08-31T19:00:00Z,3,4,0,0,0,0,-1.0,90.0,0.0,0.0,0.0,-8.0,0.0,0.0,0.0,0.0,0.0,0.0,0.0,0.0,-1.0
Cash,DEF,AVL,32,2,2,3,45,84,0,0,1,0,0,23,0,0,0,0,0,6,0.0,0.0,25,0,0,2026-09-05T16:30:00Z,3,4,0,0,0,0,0.5,83.5,0.0,0.0,0.0,0.0,0.0,0.0,0.0,0.0,0.0,0.0,0.0,0.0,0.5
Mings,DEF,AVL,33,2,2,1,45,16,0,0,0,0,0,5,0,0,0,0,0,1,0.0,0.0,7,4,0,2026-08-23T13:00:00Z,3,4,0,0,0,0,0.0,0.0,0.0,0.0,0.0,0.0,2.3333333333333335,83.66666666666667,0.0,3.5118845842842465,0.0,0.0,0.0,0.0,3.25
Mings,DEF,AVL,33,2,2,2,45,0,0,0,0,0,0,0,0,0,0,0,0,0,0.0,0.0,20,0,1,2026-08-31T19:00:00Z,3,4,0,0,0,0,1.0,16.0,0.0,0.0,0.0,5.0,0.0,0.0,0.0,0.0,0.0,0.0,0.0,0.0,1.0
Mings,DEF,AVL,33,2,2,3,45,90,0,0,1,0,0,28,0,0,0,0,0,6,0.0,0.0,25,0,0,2026-09-05T16:30:00Z,3,4,0,0,0,0,0.5,8.0,0.0,0.0,0.0,2.5,0.0,0.0,0.0,0.0,0.0,0.0,0.0,0.0,0.5
Pau,DEF,AVL,34,2,2,1,45,73,0,0,0,4,0,-14,0,0,0,0,0,0,0.0,0.0,7,4,0,2026-08-23T13:00:00Z,3,4,0,0,0,0,0.0,0.0,0.0,0.0,0.0,0.0,2.3333333333333335,35.333333333333336,0.0,3.2145502536643185,0.0,0.0,0.0,0.0,3.25
Pau,DEF,AVL,34,2,2,2,45,90,0,0,0,1,0,6,0,0,0,0,0,2,0.0,0.0,20,0,1,2026-08-31T19:00:00Z,3,4,0,0,0,0,0.0,73.0,0.0,0.0,0.0,-14.0,0.0,0.0,0.0,0.0,0.0,0.0,0.0,0.0,0.0
Pau,DEF,AVL,34,2,2,3,45,0,0,0,0,0,0,0,0,0,0,0,0,0,0.0,0.0,25,0,0,2026-09-05T16:30:00Z,3,4,0,0,0,0,1.0,81.5,0.0,0.0,0.0,-4.0,0.0,0.0,0.0,0.0,0.0,0.0,0.0,0.0,1.0
Bogarde,MID,AVL,35,2,3,1,50,16,0,0,0,0,0,3,0,0,0,0,0,1,0.0,0.0,7,4,0,2026-08-23T13:00:00Z,3,4,0,0,0,0,0.0,0.0,0.0,0.0,0.0,0.0,0.6666666666666666,54.333333333333336,0.0,1.1547005383792517,0.0,0.0,0.0,0.0,0.5
Bogarde,MID,AVL,35,2,3,2,50,0,0,0,0,0,0,0,0,0,0,0,0,0,0.0,0.0,20,0,1,2026-08-31T19:00:00Z,3,4,0,0,0,0,1.0,16.0,0.0,0.0,0.0,3.0,0.0,0.0,0.0,0.0,0.0,0.0,0.0,0.0,1.0
Bogarde,MID,AVL,35,2,3,3,50,0,0,0,0,0,0,0,0,0,0,0,0,0,0.0,0.0,25,0,0,2026-09-05T16:30:00Z,3,4,0,0,0,0,0.5,8.0,0.0,0.0,0.0,1.5,0.0,0.0,0.0,0.0,0.0,0.0,0.0,0.0,0.5
Maatsen,DEF,AVL,36,2,2,1,45,81,0,0,0,4,0,-9,0,0,0,0,0,0,0.0,0.0,7,4,0,2026-08-23T13:00:00Z,3,4,0,0,0,0,0.0,0.0,0.0,0.0,0.0,0.0,0.3333333333333333,5.333333333333333,0.0,0.5773502691896258,0.0,0.0,0.0,0.0,0.25
Maatsen,DEF,AVL,36,2,2,2,45,90,0,0,0,1,0,-5,0,1,0,0,0,1,0.0,0.0,20,0,1,2026-08-31T19:00:00Z,3,4,0,0,0,0,0.0,81.0,0.0,0.0,0.0,-9.0,0.0,0.0,0.0,0.0,0.0,0.0,0.0,0.0,0.0
Maatsen,DEF,AVL,36,2,2,3,45,74,0,0,1,0,0,29,1,0,0,0,0,7,0.0,0.0,25,0,0,2026-09-05T16:30:00Z,3,4,0,0,0,0,0.5,85.5,0.0,0.0,0.0,-7.0,0.0,0.0,0.0,0.0,0.0,0.0,0.0,0.0,0.5
Lindelöf,DEF,AVL,37,2,2,1,45,90,0,0,0,4,0,-13,0,0,0,0,0,-2,0.0,0.0,7,4,0,2026-08-23T13:00:00Z,3,4,0,0,0,0,0.0,0.0,0.0,0.0,0.0,0.0,2.6666666666666665,81.66666666666667,0.0,3.785938897200183,0.0,0.0,0.0,0.0,3.75
Lindelöf,DEF,AVL,37,2,2,2,45,90,0,0,0,1,0,10,0,0,0,0,0,2,0.0,0.0,20,0,1,2026-08-31T19:00:00Z,3,4,0,0,0,0,-2.0,90.0,0.0,0.0,0.0,-13.0,0.0,0.0,0.0,0.0,0.0,0.0,0.0,0.0,-2.0
Lindelöf,DEF,AVL,37,2,2,3,45,90,0,0,1,0,0,28,0,0,0,0,0,6,0.0,0.0,25,0,0,2026-09-05T16:30:00Z,3,4,0,0,0,0,0.0,90.0,0.0,0.0,0.0,-1.5,0.0,0.0,0.0,0.0,0.0,0.0,0.0,0.0,0.0
A.García,DEF,AVL,38,2,2,1,40,0,0,0,0,0,0,0,0,0,0,0,0,0,0.0,0.0,7,4,0,2026-08-23T13:00:00Z,3,4,0,0,0,0,0.0,0.0,0.0,0.0,0.0,0.0,2.0,90.0,0.0,4.0,0.0,0.0,0.0,0.0,3.0
A.García,DEF,AVL,38,2,2,2,40,0,0,0,0,0,0,0,0,0,0,0,0,0,0.0,0.0,20,0,1,2026-08-31T19:00:00Z,3,4,0,0,0,0,0.0,0.0,0.0,0.0,0.0,0.0,0.0,0.0,0.0,0.0,0.0,0.0,0.0,0.0,0.0
A.García,DEF,AVL,38,2,2,3,40,0,0,0,0,0,0,0,0,0,0,0,0,0,0.0,0.0,25,0,0,2026-09-05T16:30:00Z,3,4,0,0,0,0,0.0,0.0,0.0,0.0,0.0,0.0,0.0,0.0,0.0,0.0,0.0,0.0,0.0,0.0,0.0
Nedeljkovic,DEF,AVL,39,2,2,1,40,0,0,0,0,0,0,0,0,0,0,0,0,0,0.0,0.0,7,4,0,2026-08-23T13:00:00Z,3,4,0,0,0,0,0.0,0.0,0.0,0.0,0.0,0.0,0.0,0.0,0.0,0.0,0.0,0.0,0.0,0.0,0.0
Nedeljkovic,DEF,AVL,39,2,2,2,40,0,0,0,0,0,0,0,0,0,0,0,0,0,0.0,0.0,20,0,1,2026-08-31T19:00:00Z,3,4,0,0,0,0,0.0,0.0,0.0,0.0,0.0,0.0,0.0,0.0,0.0,0.0,0.0,0.0,0.0,0.0,0.0
Nedeljkovic,DEF,AVL,39,2,2,3,40,0,0,0,0,0,0,0,0,0,0,0,0,0,0.0,0.0,25,0,0,2026-09-05T16:30:00Z,3,4,0,0,0,0,0.0,0.0,0.0,0.0,0.0,0.0,0.0,0.0,0.0,0.0,0.0,0.0,0.0,0.0,0.0
Rogers,MID,CHE,40,6,3,1,76,81,1,0,0,2,0,37,1,0,0,0,0,8,0.0,0.0,10,2,3,2026-08-24T19:00:00Z,4,4,0,0,0,0,0.0,0.0,0.0,0.0,0.0,0.0,0.0,0.0,0.0,0.0,0.0,0.0,0.0,0.0,0.0
Rogers,MID,CHE,40,6,3,2,76,90,0,1,0,3,0,28,0,0,0,0,0,5,0.0,0.0,16,4,3,2026-08-30T13:00:00Z,4,4,0,0,0,0,8.0,81.0,1.0,0.0,0.0,37.0,0.0,0.0,0.0,0.0,0.0,0.0,0.0,0.0,8.0
Rogers,MID,CHE,40,6,3,3,76,86,1,0,0,2,0,22,0,1,0,0,0,6,0.0,0.0,29,2,1,2026-09-06T15:30:00Z,4,4,0,0,0,0,6.5,85.5,0.5,0.5,0.0,32.5,0.0,0.0,0.0,0.0,0.0,0.0,0.0,0.0,6.5
Buendía,MID,AVL,41,2,3,1,59,85,0,0,0,4,0,4,0,0,0,0,0,2,0.0,0.0,7,4,0,2026-08-23T13:00:00Z,3,4,0,0,0,0,0.0,0.0,0.0,0.0,0.0,0.0,6.333333333333333,85.66666666666667,2.0,1.5275252316519465,0.0,0.0,0.0,0.0,6.25
Buendía,MID,AVL,41,2,3,2,59,90,0,0,0,1,0,9,0,0,0,0,0,2,0.0,0.0,20,0,1,2026-08-31T19:00:00Z,3,4,0,0,0,0,2.0,85.0,0.0,0.0,0.0,4.0,0.0,0.0,0.0,0.0,0.0,0.0,0.0,0.0,2.0
Buendía,MID,AVL,41,2,3,3,59,74,0,0,1,0,0,2,0,0,0,0,0,3,0.0,0.0,25,0,0,2026-09-05T16:30:00Z,3,4,0,0,0,0,2.0,87.5,0.0,0.0,0.0,6.5,0.0,0.0,0.0,0.0,0.0,0.0,0.0,0.0,2.0
Guessand,MID,CRY,42,8,3,1,55,27,0,0,0,0,0,3,0,0,0,0,0,1,0.0,0.0,3,2,0,2026-08-22T14:00:00Z,3,3,0,0,0,0,0.0,0.0,0.0,0.0,0.0,0.0,2.3333333333333335,83.0,0.0,0.5773502691896257,0.0,0.0,0.0,0.0,2.5
Guessand,MID,CRY,42,8,3,2,55,27,0,0,0,1,0,3,0,0,0,0,0,1,0.0,0.0,11,1,4,2026-08-28T19:00:00Z,3,3,0,0,0,0,1.0,27.0,0.0,0.0,0.0,3.0,0.0,0.0,0.0,0.0,0.0,0.0,0.0,0.0,1.0
Guessand,MID,CRY,42,8,3,3,55,0,0,0,0,0,0,0,0,0,0,0,0,0,0.0,0.0,24,2,3,2026-09-05T14:00:00Z,3,3,0,0,0,0,1.0,27.0,0.0,0.0,0.0,3.0,0.0,0.0,0.0,0.0,0.0,0.0,0.0,0.0,1.0
Tielemans,MID,MUN,43,16,3,1,59,66,0,0,0,2,0,13,0,0,0,0,0,2,0.0,0.0,4,2,0,2026-08-22T11:30:00Z,4,4,0,0,0,0,0.0,0.0,0.0,0.0,0.0,0.0,0.6666666666666666,18.0,0.0,0.5773502691896258,0.0,0.0,0.0,0.0,0.5
Tielemans,MID,MUN,43,16,3,2,59,90,0,0,0,2,0,26,0,0,0,0,0,4,0.0,0.0,18,5,2,2026-08-30T15:30:00Z,4,4,0,0,0,0,2.0,66.0,0.0,0.0,0.0,13.0,0.0,0.0,0.0,0.0,0.0,0.0,0.0,0.0,2.0
Tielemans,MID,MUN,43,16,3,3,59,90,0,0,0,2,0,17,0,0,0,0,0,2,0.0,0.0,30,2,2,2026-09-06T13:00:00Z,4,4,0,0,0,0,3.0,78.0,0.0,0.0,0.0,19.5,0.0,0.0,0.0,0.0,0.0,0.0,0.0,0.0,3.0
Bailey,MID,AVL,44,2,3,1,54,0,0,0,0,0,0,0,0,0,0,0,0,0,0.0,0.0,7,4,0,2026-08-23T13:00:00Z,3,4,0,0,0,0,0.0,0.0,0.0,0.0,0.0,0.0,2.6666666666666665,82.0,0.0,1.1547005383792515,0.0,0.0,0.0,0.0,2.5
Bailey,MID,AVL,44,2,3,2,54,0,0,0,0,0,0,0,0,0,0,0,0,0,0.0,0.0,20,0,1,2026-08-31T19:00:00Z,3,4,0,0,0,0,0.0,0.0,0.0,0.0,0.0,0.0,0.0,0.0,0.0,0.0,0.0,0.0,0.0,0.0,0.0
Bailey,MID,AVL,44,2,3,3,54,0,0,0,0,0,0,0,0,0,0,0,0,0,0.0,0.0,25,0,0,2026-09-05T16:30:00Z,3,4,0,0,0,0,0.0,0.0,0.0,0.0,0.0,0.0,0.0,0.0,0.0,0.0,0.0,0.0,0.0,0.0,0.0
McGinn,MID,AVL,45,2,3,1,54,81,0,0,0,4,0,8,0,1,0,0,0,1,0.0,0.0,7,4,0,2026-08-23T13:00:00Z,3,4,0,0,0,0,0.0,0.0,0.0,0.0,0.0,0.0,0.0,0.0,0.0,0.0,0.0,0.0,0.0,0.0,0.0
McGinn,MID,AVL,45,2,3,2,54,90,0,0,0,1,0,2,0,1,0,0,0,1,0.0,0.0,20,0,1,2026-08-31T19:00:00Z,3,4,0,0,0,0,1.0,81.0,0.0,0.0,0.0,8.0,0.0,0.0,0.0,0.0,0.0,0.0,0.0,0.0,1.0
McGinn,MID,AVL,45,2,3,3,54,90,0,0,1,0,0,6,0,0,0,0,0,3,0.0,0.0,25,0,0,2026-09-05T16:30:00Z,3,4,0,0,0,0,1.0,85.5,0.0,0.0,0.0,5.0,0.0,0.0,0.0,0.0,0.0,0.0,0.0,0.0,1.0
Barkley,MID,AVL,46,2,3,1,50,73,0,0,0,4,0,11,0,0,0,0,0,2,0.0,0.0,7,4,0,2026-08-23T13:00:00Z,3,4,0,0,0,0,0.0,0.0,0.0,0.0,0.0,0.0,1.6666666666666667,87.0,0.0,1.1547005383792517,0.0,0.0,0.0,0.0,2.0
Barkley,MID,AVL,46,2,3,2,50,77,0,0,0,1,0,23,0,0,0,0,0,2,0.0,0.0,20,0,1,2026-08-31T19:00:00Z,3,4,0,0,0,0,2.0,73.0,0.0,0.0,0.0,11.0,0.0,0.0,0.0,0.0,0.0,0.0,0.0,0.0,2.0
Barkley,MID,AVL,46,2,3,3,50,90,0,0,1,0,0,15,0,0,0,0,0,3,0.0,0.0,25,0,0,2026-09-05T16:30:00Z,3,4,0,0,0,0,2.0,75.0,0.0,0.0,0.0,17.0,0.0,0.0,0.0,0.0,0.0,0.0,0.0,0.0,2.0
Kamara,MID,AVL,47,2,3,1,50,90,0,0,0,4,0,9,0,0,0,0,0,2,0.0,0.0,7,4,0,2026-08-23T13:00:00Z,3,4,0,0,0,0,0.0,0.0,0.0,0.0,0.0,0.0,2.3333333333333335,80.0,0.0,0.5773502691896257,0.0,0.0,0.0,0.0,2.5
Kamara,MID,AVL,47,2,3,2,50,90,0,0,0,1,0,13,0,0,0,0,0,2,0.0,0.0,20,0,1,2026-08-31T19:00:00Z,3,4,0,0,0,0,2.0,90.0,0.0,0.0,0.0,9.0,0.0,0.0,0.0,0.0,0.0,0.0,0.0,0.0,2.0
Kamara,MID,AVL,47,2,3,3,50,90,0,0,1,0,0,20,0,0,0,0,0,3,0.0,0.0,25,0,0,2026-09-05T16:30:00Z,3,4,0,0,0,0,2.0,90.0,0.0,0.0,0.0,11.0,0.0,0.0,0.0,0.0,0.0,0.0,0.0,0.0,2.0
Onana,MID,AVL,48,2,3,1,50,0,0,0,0,0,0,0,0,0,0,0,0,0,0.0,0.0,7,4,0,2026-08-23T13:00:00Z,3,4,0,0,0,0,0.0,0.0,0.0,0.0,0.0,0.0,2.3333333333333335,90.0,0.0,0.5773502691896257,0.0,0.0,0.0,0.0,2.5
Onana,MID,AVL,48,2,3,2,50,0,0,0,0,0,0,0,0,0,0,0,0,0,0.0,0.0,20,0,1,2026-08-31T19:00:00Z,3,4,0,0,0,0,0.0,0.0,0.0,0.0,0.0,0.0,0.0,0.0,0.0,0.0,0.0,0.0,0.0,0.0,0.0
Onana,MID,AVL,48,2,3,3,50,0,0,0,0,0,0,0,0,0,0,0,0,0,0.0,0.0,25,0,0,2026-09-05T16:30:00Z,3,4,0,0,0,0,0.0,0.0,0.0,0.0,0.0,0.0,0.0,0.0,0.0,0.0,0.0,0.0,0.0,0.0,0.0
Iling Jr,MID,AVL,49,2,3,1,50,0,0,0,0,0,0,0,0,0,0,0,0,0,0.0,0.0,7,4,0,2026-08-23T13:00:00Z,3,4,0,0,0,0,0.0,0.0,0.0,0.0,0.0,0.0,0.0,0.0,0.0,0.0,0.0,0.0,0.0,0.0,0.0
Iling Jr,MID,AVL,49,2,3,2,50,0,0,0,0,0,0,0,0,0,0,0,0,0,0.0,0.0,20,0,1,2026-08-31T19:00:00Z,3,4,0,0,0,0,0.0,0.0,0.0,0.0,0.0,0.0,0.0,0.0,0.0,0.0,0.0,0.0,0.0,0.0,0.0
Iling Jr,MID,AVL,49,2,3,3,50,0,0,0,0,0,0,0,0,0,0,0,0,0,0.0,0.0,25,0,0,2026-09-05T16:30:00Z,3,4,0,0,0,0,0.0,0.0,0.0,0.0,0.0,0.0,0.0,0.0,0.0,0.0,0.0,0.0,0.0,0.0,0.0
Burrowes,MID,AVL,50,2,3,1,45,0,0,0,0,0,0,0,0,0,0,0,0,0,0.0,0.0,7,4,0,2026-08-23T13:00:00Z,3,4,0,0,0,0,0.0,0.0,0.0,0.0,0.0,0.0,0.0,0.0,0.0,0.0,0.0,0.0,0.0,0.0,0.0
Burrowes,MID,AVL,50,2,3,2,45,0,0,0,0,0,0,0,0,0,0,0,0,0,0.0,0.0,20,0,1,2026-08-31T19:00:00Z,3,4,0,0,0,0,0.0,0.0,0.0,0.0,0.0,0.0,0.0,0.0,0.0,0.0,0.0,0.0,0.0,0.0,0.0
Burrowes,MID,AVL,50,2,3,3,45,0,0,0,0,0,0,0,0,0,0,0,0,0,0.0,0.0,25,0,0,2026-09-05T16:30:00Z,3,4,0,0,0,0,0.0,0.0,0.0,0.0,0.0,0.0,0.0,0.0,0.0,0.0,0.0,0.0,0.0,0.0,0.0
George Hemmings,MID,AVL,51,2,3,1,45,90,0,0,0,4,0,12,0,0,0,0,0,2,0.0,0.0,7,4,0,2026-08-23T13:00:00Z,3,4,0,0,0,0,0.0,0.0,0.0,0.0,0.0,0.0,0.0,0.0,0.0,0.0,0.0,0.0,0.0,0.0,0.0
George Hemmings,MID,AVL,51,2,3,2,45,70,0,0,0,1,0,5,0,0,0,0,0,2,0.0,0.0,20,0,1,2026-08-31T19:00:00Z,3,4,0,0,0,0,2.0,90.0,0.0,0.0,0.0,12.0,0.0,0.0,0.0,0.0,0.0,0.0,0.0,0.0,2.0
George Hemmings,MID,AVL,51,2,3,3,45,74,0,0,1,0,0,12,0,0,0,0,0,3,0.0,0.0,25,0,0,2026-09-05T16:30:00Z,3,4,0,0,0,0,2.0,80.0,0.0,0.0,0.0,8.5,0.0,0.0,0.0,0.0,0.0,0.0,0.0,0.0,2.0
Alysson,MID,AVL,52,2,3,1,50,8,0,0,0,0,0,5,0,0,0,0,0,1,0.0,0.0,7,4,0,2026-08-23T13:00:00Z,3,4,0,0,0,0,0.0,0.0,0.0,0.0,0.0,0.0,2.3333333333333335,78.0,0.0,0.5773502691896257,0.0,0.0,0.0,0.0,2.5
Alysson,MID,AVL,52,2,3,2,50,19,0,0,0,0,0,2,0,1,0,0,0,0,0.0,0.0,20,0,1,2026-08-31T19:00:00Z,3,4,0,0,0,0,1.0,8.0,0.0,0.0,0.0,5.0,0.0,0.0,0.0,0.0,0.0,0.0,0.0,0.0,1.0
Alysson,MID,AVL,52,2,3,3,50,15,0,0,0,0,0,3,0,0,0,0,0,1,0.0,0.0,25,0,0,2026-09-05T16:30:00Z,3,4,0,0,0,0,0.5,13.5,0.0,0.0,0.0,3.5,0.0,0.0,0.0,0.0,0.0,0.0,0.0,0.0,0.5
Manzambi,MID,AVL,53,2,3,1,59,0,0,0,0,0,0,0,0,0,0,0,0,0,0.0,0.0,7,4,0,2026-08-23T13:00:00Z,3,4,0,0,0,0,0.0,0.0,0.0,0.0,0.0,0.0,0.6666666666666666,14.0,0.0,0.5773502691896258,0.0,0.0,0.0,0.0,0.75
Manzambi,MID,AVL,53,2,3,2,59,0,0,0,0,0,0,0,0,0,0,0,0,0,0.0,0.0,20,0,1,2026-08-31T19:00:00Z,3,4,0,0,0,0,0.0,0.0,0.0,0.0,0.0,0.0,0.0,0.0,0.0,0.0,0.0,0.0,0.0,0.0,0.0
Manzambi,MID,AVL,53,2,3,3,59,0,0,0,0,0,0,0,0,0,0,0,0,0,0.0,0.0,25,0,0,2026-09-05T16:30:00Z,3,4,0,0,0,0,0.0,0.0,0.0,0.0,0.0,0.0,0.0,0.0,0.0,0.0,0.0,0.0,0.0,0.0,0.0
Gomes,MID,AVL,54,2,3,1,55,39,0,0,0,4,0,-2,0,0,1,0,0,-2,0.0,0.0,7,4,0,2026-08-23T13:00:00Z,3,4,0,0,0,0,0.0,0.0,0.0,0.0,0.0,0.0,0.0,0.0,0.0,0.0,0.0,0.0,0.0,0.0,0.0
Gomes,MID,AVL,54,2,3,2,55,0,0,0,0,0,0,0,0,0,0,0,0,0,0.0,0.0,20,0,1,2026-08-31T19:00:00Z,3,4,0,0,0,0,-2.0,39.0,0.0,0.0,0.0,-2.0,0.0,0.0,0.0,0.0,0.0,0.0,0.0,0.0,-2.0
Gomes,MID,AVL,54,2,3,3,55,0,0,0,0,0,0,0,0,0,0,0,0,0,0.0,0.0,25,0,0,2026-09-05T16:30:00Z,3,4,0,0,0,0,-1.0,19.5,0.0,0.0,0.0,-1.0,0.0,0.0,0.0,0.0,0.0,0.0,0.0,0.0,-1.0
Watkins,FWD,AVL,55,2,4,1,78,0,0,0,0,0,0,0,0,0,0,0,0,0,0.0,0.0,7,4,0,2026-08-23T13:00:00Z,3,4,0,0,0,0,0.0,0.0,0.0,0.0,0.0,0.0,-0.6666666666666666,13.0,0.0,1.1547005383792517,0.0,0.0,0.0,0.0,-0.5
Watkins,FWD,AVL,55,2,4,2,78,0,0,0,0,0,0,0,0,0,0,0,0,0,0.0,0.0,20,0,1,2026-08-31T19:00:00Z,3,4,0,0,0,0,0.0,0.0,0.0,0.0,0.0,0.0,0.0,0.0,0.0,0.0,0.0,0.0,0.0,0.0,0.0
Watkins,FWD,AVL,55,2,4,3,78,0,0,0,0,0,0,0,0,0,0,0,0,0,0.0,0.0,25,0,0,2026-09-05T16:30:00Z,3,4,0,0,0,0,0.0,0.0,0.0,0.0,0.0,0.0,0.0,0.0,0.0,0.0,0.0,0.0,0.0,0.0,0.0
Abraham,FWD,AVL,56,2,4,1,55,0,0,0,0,0,0,0,0,0,0,0,0,0,0.0,0.0,7,4,0,2026-08-23T13:00:00Z,3,4,0,0,0,0,0.0,0.0,0.0,0.0,0.0,0.0,0.0,0.0,0.0,0.0,0.0,0.0,0.0,0.0,0.0
Abraham,FWD,AVL,56,2,4,2,55,19,0,0,0,0,0,3,0,0,0,0,0,1,0.0,0.0,20,0,1,2026-08-31T19:00:00Z,3,4,0,0,0,0,0.0,0.0,0.0,0.0,0.0,0.0,0.0,0.0,0.0,0.0,0.0,0.0,0.0,0.0,0.0
Abraham,FWD,AVL,56,2,4,3,55,5,0,0,0,0,0,3,0,0,0,0,0,1,0.0,0.0,25,0,0,2026-09-05T16:30:00Z,3,4,0,0,0,0,0.5,9.5,0.0,0.0,0.0,1.5,0.0,0.0,0.0,0.0,0.0,0.0,0.0,0.0,0.5
Petrović,GKP,BOU,57,3,1,1,45,90,0,0,0,2,4,13,0,0,0,0,0,2,0.0,0.0,8,2,1,2026-08-23T13:00:00Z,3,3,0,0,0,0,0.0,0.0,0.0,0.0,0.0,0.0,0.6666666666666666,8.0,0.0,0.5773502691896258,0.0,0.0,0.0,0.0,0.75
Petrović,GKP,BOU,57,3,1,2,45,90,0,0,0,1,5,20,0,0,0,0,0,3,0.0,0.0,12,1,1,2026-08-29T14:00:00Z,3,3,0,0,0,0,2.0,90.0,0.0,0.0,0.0,13.0,0.0,0.0,0.0,0.0,0.0,0.0,0.0,0.0,2.0
Petrović,GKP,BOU,57,3,1,3,45,90,0,0,0,2,0,0,0,0,0,0,0,1,0.0,0.0,27,2,2,2026-09-05T11:30:00Z,3,3,0,0,0,0,2.5,90.0,0.0,0.0,0.0,16.5,0.0,0.0,0.0,0.0,0.0,0.0,0.0,0.0,2.5
Forster,GKP,BOU,58,3,1,1,40,0,0,0,0,0,0,0,0,0,0,0,0,0,0.0,0.0,8,2,1,2026-08-23T13:00:00Z,3,3,0,0,0,0,0.0,0.0,0.0,0.0,0.0,0.0,2.0,90.0,0.0,1.0,0.0,0.0,0.0,0.0,1.75
Forster,GKP,BOU,58,3,1,2,40,0,0,0,0,0,0,0,0,0,0,0,0,0,0.0,0.0,12,1,1,2026-08-29T14:00:00Z,3,3,0,0,0,0,0.0,0.0,0.0,0.0,0.0,0.0,0.0,0.0,0.0,0.0,0.0,0.0,0.0,0.0,0.0
Forster,GKP,BOU,58,3,1,3,40,0,0,0,0,0,0,0,0,0,0,0,0,0,0.0,0.0,27,2,2,2026-09-05T11:30:00Z,3,3,0,0,0,0,0.0,0.0,0.0,0.0,0.0,0.0,0.0,0.0,0.0,0.0,0.0,0.0,0.0,0.0,0.0
Dennis,GKP,BOU,59,3,1,1,40,0,0,0,0,0,0,0,0,0,0,0,0,0,0.0,0.0,8,2,1,2026-08-23T13:00:00Z,3,3,0,0,0,0,0.0,0.0,0.0,0.0,0.0,0.0,0.0,0.0,0.0,0.0,0.0,0.0,0.0,0.0,0.0
Dennis,GKP,BOU,59,3,1,2,40,0,0,0,0,0,0,0,0,0,0,0,0,0,0.0,0.0,12,1,1,2026-08-29T14:00:00Z,3,3,0,0,0,0,0.0,0.0,0.0,0.0,0.0,0.0,0.0,0.0,0.0,0.0,0.0,0.0,0.0,0.0,0.0
Dennis,GKP,BOU,59,3,1,3,40,0,0,0,0,0,0,0,0,0,0,0,0,0,0.0,0.0,27,2,2,2026-09-05T11:30:00Z,3,3,0,0,0,0,0.0,0.0,0.0,0.0,0.0,0.0,0.0,0.0,0.0,0.0,0.0,0.0,0.0,0.0,0.0
Hill,DEF,BOU,60,3,2,1,55,90,0,0,0,2,0,0,0,0,0,0,0,1,0.0,0.0,8,2,1,2026-08-23T13:00:00Z,3,3,0,0,0,0,0.0,0.0,0.0,0.0,0.0,0.0,0.0,0.0,0.0,0.0,0.0,0.0,0.0,0.0,0.0
Hill,DEF,BOU,60,3,2,2,55,90,0,0,0,1,0,19,0,0,0,0,0,4,0.0,0.0,12,1,1,2026-08-29T14:00:00Z,3,3,0,0,0,0,1.0,90.0,0.0,0.0,0.0,0.0,0.0,0.0,0.0,0.0,0.0,0.0,0.0,0.0,1.0
Hill,DEF,BOU,60,3,2,3,55,90,0,0,0,2,0,4,0,0,0,0,0,1,0.0,0.0,27,2,2,2026-09-05T11:30:00Z,3,3,0,0,0,0,2.5,90.0,0.0,0.0,0.0,9.5,0.0,0.0,0.0,0.0,0.0,0.0,0.0,0.0,2.5
Truffert,DEF,BOU,61,3,2,1,55,90,0,0,0,2,0,0,0,0,0,0,0,1,0.0,0.0,8,2,1,2026-08-23T13:00:00Z,3,3,0,0,0,0,0.0,0.0,0.0,0.0,0.0,0.0,2.0,90.0,0.0,1.7320508075688772,0.0,0.0,0.0,0.0,1.75
Truffert,DEF,BOU,61,3,2,2,55,90,0,0,0,1,0,27,2,0,0,0,0,4,0.0,0.0,12,1,1,2026-08-29T14:00:00Z,3,3,0,0,0,0,1.0,90.0,0.0,0.0,0.0,0.0,0.0,0.0,0.0,0.0,0.0,0.0,0.0,0.0,1.0
Truffert,DEF,BOU,61,3,2,3,55,90,0,0,0,2,0,-3,0,1,0,0,0,0,0.0,0.0,27,2,2,2026-09-05T11:30:00Z,3,3,0,0,0,0,2.5,90.0,0.0,0.0,0.0,13.5,0.0,0.0,0.0,0.0,0.0,0.0,0.0,0.0,2.5
Diakité,DEF,BOU,62,3,2,1,50,0,0,0,0,0,0,0,0,0,0,0,0,0,0.0,0.0,8,2,1,2026-08-23T13:00:00Z,3,3,0,0,0,0,0.0,0.0,0.0,0.0,0.0,0.0,1.6666666666666667,90.0,0.0,2.0816659994661326,0.0,0.0,0.0,0.0,1.25
Diakité,DEF,BOU,62,3,2,2,50,0,0,0,0,0,0,0,0,0,0,0,0,0,0.0,0.0,12,1,1,2026-08-29T14:00:00Z,3,3,0,0,0,0,0.0,0.0,0.0,0.0,0.0,0.0,0.0,0.0,0.0,0.0,0.0,0.0,0.0,0.0,0.0
Diakité,DEF,BOU,62,3,2,3,50,0,0,0,0,0,0,0,0,0,0,0,0,0,0.0,0.0,27,2,2,2026-09-05T11:30:00Z,3,3,0,0,0,0,0.0,0.0,0.0,0.0,0.0,0.0,0.0,0.0,0.0,0.0,0.0,0.0,0.0,0.0,0.0
Milosavljević,DEF,BOU,63,3,2,1,50,0,0,0,0,0,0,0,0,0,0,0,0,0,0.0,0.0,8,2,1,2026-08-23T13:00:00Z,3,3,0,0,0,0,0.0,0.0,0.0,0.0,0.0,0.0,0.0,0.0,0.0,0.0,0.0,0.0,0.0,0.0,0.0
Milosavljević,DEF,BOU,63,3,2,2,50,0,0,0,0,0,0,0,0,0,0,0,0,0,0.0,0.0,12,1,1,2026-08-29T14:00:00Z,3,3,0,0,0,0,0.0,0.0,0.0,0.0,0.0,0.0,0.0,0.0,0.0,0.0,0.0,0.0,0.0,0.0,0.0
Milosavljević,DEF,BOU,63,3,2,3,50,0,0,0,0,0,0,0,0,0,0,0,0,0,0.0,0.0,27,2,2,2026-09-05T11:30:00Z,3,3,0,0,0,0,0.0,0.0,0.0,0.0,0.0,0.0,0.0,0.0,0.0,0.0,0.0,0.0,0.0,0.0,0.0
Smith,DEF,BOU,64,3,2,1,45,90,0,0,0,2,0,4,0,0,0,0,0,1,0.0,0.0,8,2,1,2026-08-23T13:00:00Z,3,3,0,0,0,0,0.0,0.0,0.0,0.0,0.0,0.0,0.0,0.0,0.0,0.0,0.0,0.0,0.0,0.0,0.0
Smith,DEF,BOU,64,3,2,2,45,90,0,0,0,1,0,5,0,1,0,0,0,1,0.0,0.0,12,1,1,2026-08-29T14:00:00Z,3,3,0,0,0,0,1.0,90.0,0.0,0.0,0.0,4.0,0.0,0.0,0.0,0.0,0.0,0.0,0.0,0.0,1.0
Smith,DEF,BOU,64,3,2,3,45,90,0,0,0,2,0,3,0,1,0,0,0,0,0.0,0.0,27,2,2,2026-09-05T11:30:00Z,3,3,0,0,0,0,1.0,90.0,0.0,0.0,0.0,4.5,0.0,0.0,0.0,0.0,0.0,0.0,0.0,0.0,1.0
J.Araujo,DEF,BOU,65,3,2,1,44,0,0,0,0,0,0,0,0,0,0,0,0,0,0.0,0.0,8,2,1,2026-08-23T13:00:00Z,3,3,0,0,0,0,0.0,0.0,0.0,0.0,0.0,0.0,0.6666666666666666,90.0,0.0,0.5773502691896258,0.0,0.0,0.0,0.0,0.5
J.Araujo,DEF,BOU,65,3,2,2,44,0,0,0,0,0,0,0,0,0,0,0,0,0,0.0,0.0,12,1,1,2026-08-29T14:00:00Z,3,3,0,0,0,0,0.0,0.0,0.0,0.0,0.0,0.0,0.0,0.0,0.0,0.0,0.0,0.0,0.0,0.0,0.0
J.Araujo,DEF,BOU,65,3,2,3,44,0,0,0,0,0,0,0,0,0,0,0,0,0,0.0,0.0,27,2,2,2026-09-05T11:30:00Z,3,3,0,0,0,0,0.0,0.0,0.0,0.0,0.0,0.0,0.0,0.0,0.0,0.0,0.0,0.0,0.0,0.0,0.0
Soler,DEF,BOU,66,3,2,1,40,0,0,0,0,0,0,0,0,0,0,0,0,0,0.0,0.0,8,2,1,2026-08-23T13:00:00Z,3,3,0,0,0,0,0.0,0.0,0.0,0.0,0.0,0.0,0.0,0.0,0.0,0.0,0.0,0.0,0.0,0.0,0.0
Soler,DEF,BOU,66,3,2,2,40,0,0,0,0,0,0,0,0,0,0,0,0,0,0.0,0.0,12,1,1,2026-08-29T14:00:00Z,3,3,0,0,0,0,0.0,0.0,0.0,0.0,0.0,0.0,0.0,0.0,0.0,0.0,0.0,0.0,0.0,0.0,0.0
Soler,DEF,BOU,66,3,2,3,40,0,0,0,0,0,0,0,0,0,0,0,0,0,0.0,0.0,27,2,2,2026-09-05T11:30:00Z,3,3,0,0,0,0,0.0,0.0,0.0,0.0,0.0,0.0,0.0,0.0,0.0,0.0,0.0,0.0,0.0,0.0,0.0
Rayan,MID,BOU,67,3,3,1,64,88,0,0,0,1,0,9,0,0,0,0,0,2,0.0,0.0,8,2,1,2026-08-23T13:00:00Z,3,3,0,0,0,0,0.0,0.0,0.0,0.0,0.0,0.0,0.0,0.0,0.0,0.0,0.0,0.0,0.0,0.0,0.0
Rayan,MID,BOU,67,3,3,2,64,90,0,0,0,1,0,4,0,0,0,0,0,2,0.0,0.0,12,1,1,2026-08-29T14:00:00Z,3,3,0,0,0,0,2.0,88.0,0.0,0.0,0.0,9.0,0.0,0.0,0.0,0.0,0.0,0.0,0.0,0.0,2.0
Rayan,MID,BOU,67,3,3,3,64,88,0,0,0,2,0,8,0,0,0,0,0,2,0.0,0.0,27,2,2,2026-09-05T11:30:00Z,3,3,0,0,0,0,2.0,89.0,0.0,0.0,0.0,6.5,0.0,0.0,0.0,0.0,0.0,0.0,0.0,0.0,2.0
Tavernier,MID,BOU,68,3,3,1,60,90,1,0,0,2,0,32,3,0,0,0,0,10,0.0,0.0,8,2,1,2026-08-23T13:00:00Z,3,3,0,0,0,0,0.0,0.0,0.0,0.0,0.0,0.0,2.0,88.66666666666667,0.0,0.0,0.0,0.0,0.0,0.0,2.0
Tavernier,MID,BOU,68,3,3,2,60,90,0,0,0,1,0,20,0,1,0,0,0,1,0.0,0.0,12,1,1,2026-08-29T14:00:00Z,3,3,0,0,0,0,10.0,90.0,1.0,0.0,0.0,32.0,0.0,0.0,0.0,0.0,0.0,0.0,0.0,0.0,10.0
Tavernier,MID,BOU,68,3,3,3,60,88,1,0,0,2,0,43,3,0,0,0,0,10,0.0,0.0,27,2,2,2026-09-05T11:30:00Z,3,3,0,0,0,0,5.5,90.0,0.5,0.0,0.0,26.0,0.0,0.0,0.0,0.0,0.0,0.0,0.0,0.0,5.5
Scott,MID,BOU,69,3,3,1,61,90,0,0,0,2,0,17,0,0,0,0,0,2,0.0,0.0,8,2,1,2026-08-23T13:00:00Z,3,3,0,0,0,0,0.0,0.0,0.0,0.0,0.0,0.0,7.0,89.33333333333333,2.0,5.196152422706632,0.0,0.0,0.0,0.0,7.75
Scott,MID,BOU,69,3,3,2,61,86,1,0,1,0,0,39,3,1,0,0,0,12,0.0,0.0,12,1,1,2026-08-29T14:00:00Z,3,3,0,0,0,0,2.0,90.0,0.0,0.0,0.0,17.0,0.0,0.0,0.0,0.0,0.0,0.0,0.0,0.0,2.0
Scott,MID,BOU,69,3,3,3,61,90,0,2,0,2,0,37,2,0,0,0,0,10,0.0,0.0,27,2,2,2026-09-05T11:30:00Z,3,3,0,0,0,0,7.0,88.0,0.5,0.0,0.5,28.0,0.0,0.0,0.0,0.0,0.0,0.0,0.0,0.0,7.0
Kluivert,MID,BOU,70,3,3,1,60,74,0,0,1,0,0,15,0,0,0,0,0,3,0.0,0.0,8,2,1,2026-08-23T13:00:00Z,3,3,0,0,0,0,0.0,0.0,0.0,0.0,0.0,0.0,8.0,88.66666666666667,1.0,5.291502622129181,0.0,0.0,0.0,0.0,8.5
Kluivert,MID,BOU,70,3,3,2,60,80,0,0,1,0,0,12,0,0,0,0,0,3,0.0,0.0,12,1,1,2026-08-29T14:00:00Z,3,3,0,0,0,0,3.0,74.0,0.0,0.0,1.0,15.0,0.0,0.0,0.0,0.0,0.0,0.0,0.0,0.0,3.0
Kluivert,MID,BOU,70,3,3,3,60,75,0,0,0,1,0,6,0,1,0,0,0,1,0.0,0.0,27,2,2,2026-09-05T11:30:00Z,3,3,0,0,0,0,3.0,77.0,0.0,0.0,1.0,13.5,0.0,0.0,0.0,0.0,0.0,0.0,0.0,0.0,3.0
Cook,MID,BOU,71,3,3,1,50,75,0,0,1,0,0,8,0,0,0,0,0,3,0.0,0.0,8,2,1,2026-08-23T13:00:00Z,3,3,0,0,0,0,0.0,0.0,0.0,0.0,0.0,0.0,2.3333333333333335,76.33333333333333,0.0,1.1547005383792517,0.0,0.0,0.0,0.0,2.0
Cook,MID,BOU,71,3,3,2,50,68,0,0,1,0,0,13,0,0,0,0,0,3,0.0,0.0,12,1,1,2026-08-29T14:00:00Z,3,3,0,0,0,0,3.0,75.0,0.0,0.0,1.0,8.0,0.0,0.0,0.0,0.0,0.0,0.0,0.0,0.0,3.0
Cook,MID,BOU,71,3,3,3,50,14,0,0,0,1,0,2,0,0,0,0,0,1,0.0,0.0,27,2,2,2026-09-05T11:30:00Z,3,3,0,0,0,0,3.0,71.5,0.0,0.0,1.0,10.5,0.0,0.0,0.0,0.0,0.0,0.0,0.0,0.0,3.0
Gannon-Doak,MID,BOU,72,3,3,1,49,1,0,0,0,1,0,3,0,0,0,0,0,1,0.0,0.0,8,2,1,2026-08-23T13:00:00Z,3,3,0,0,0,0,0.0,0.0,0.0,0.0,0.0,0.0,2.3333333333333335,52.333333333333336,0.0,1.1547005383792517,0.0,0.0,0.0,0.0,2.0
Gannon-Doak,MID,BOU,72,3,3,2,49,0,0,0,0,0,0,0,0,0,0,0,0,0,0.0,0.0,12,1,1,2026-08-29T14:00:00Z,3,3,0,0,0,0,1.0,1.0,0.0,0.0,0.0,3.0,0.0,0.0,0.0,0.0,0.0,0.0,0.0,0.0,1.0
Gannon-Doak,MID,BOU,72,3,3,3,49,1,0,0,0,0,0,3,0,0,0,0,0,1,0.0,0.0,27,2,2,2026-09-05T11:30:00Z,3,3,0,0,0,0,0.5,0.5,0.0,0.0,0.0,1.5,0.0,0.0,0.0,0.0,0.0,0.0,0.0,0.0,0.5
Adams,MID,BOU,73,3,3,1,50,15,0,0,0,2,0,4,0,0,0,0,0,1,0.0,0.0,8,2,1,2026-08-23T13:00:00Z,3,3,0,0,0,0,0.0,0.0,0.0,0.0,0.0,0.0,0.6666666666666666,0.6666666666666666,0.0,0.5773502691896258,0.0,0.0,0.0,0.0,0.75
Adams,MID,BOU,73,3,3,2,50,21,0,0,0,1,0,4,0,0,0,0,0,1,0.0,0.0,12,1,1,2026-08-29T14:00:00Z,3,3,0,0,0,0,1.0,15.0,0.0,0.0,0.0,4.0,0.0,0.0,0.0,0.0,0.0,0.0,0.0,0.0,1.0
Adams,MID,BOU,73,3,3,3,50,75,0,0,0,1,0,15,0,0,0,0,0,4,0.0,0.0,27,2,2,2026-09-05T11:30:00Z,3,3,0,0,0,0,1.0,18.0,0.0,0.0,0.0,4.0,0.0,0.0,0.0,0.0,0.0,0.0,0.0,0.0,1.0
Brooks,MID,BOU,74,3,3,1,50,0,0,0,0,0,0,0,0,0,0,0,0,0,0.0,0.0,8,2,1,2026-08-23T13:00:00Z,3,3,0,0,0,0,0.0,0.0,0.0,0.0,0.0,0.0,2.0,37.0,0.0,1.7320508075688772,0.0,0.0,0.0,0.0,2.5
Brooks,MID,BOU,74,3,3,2,50,9,0,0,0,1,0,3,0,0,0,0,0,1,0.0,0.0,12,1,1,2026-08-29T14:00:00Z,3,3,0,0,0,0,0.0,0.0,0.0,0.0,0.0,0.0,0.0,0.0,0.0,0.0,0.0,0.0,0.0,0.0,0.0
Brooks,MID,BOU,74,3,3,3,50,14,0,0,0,1,0,2,0,0,0,0,0,1,0.0,0.0,27,2,2,2026-09-05T11:30:00Z,3,3,0,0,0,0,0.5,4.5,0.0,0.0,0.0,1.5,0.0,0.0,0.0,0.0,0.0,0.0,0.0,0.0,0.5
Christie,MID,BOU,75,3,3,1,50,0,0,0,0,0,0,0,0,0,0,0,0,0,0.0,0.0,8,2,1,2026-08-23T13:00:00Z,3,3,0,0,0,0,0.0,0.0,0.0,0.0,0.0,0.0,0.6666666666666666,7.666666666666667,0.0,0.5773502691896258,0.0,0.0,0.0,0.0,0.75
Christie,MID,BOU,75,3,3,2,50,3,0,0,0,1,0,5,0,0,0,0,0,1,0.0,0.0,12,1,1,2026-08-29T14:00:00Z,3,3,0,0,0,0,0.0,0.0,0.0,0.0,0.0,0.0,0.0,0.0,0.0,0.0,0.0,0.0,0.0,0.0,0.0
Christie,MID,BOU,75,3,3,3,50,1,0,0,0,0,0,3,0,0,0,0,0,1,0.0,0.0,27,2,2,2026-09-05T11:30:00Z,3,3,0,0,0,0,0.5,1.5,0.0,0.0,0.0,2.5,0.0,0.0,0.0,0.0,0.0,0.0,0.0,0.0,0.5
Tóth.A,MID,BOU,76,3,3,1,50,15,0,0,0,2,0,5,0,0,0,0,0,1,0.0,0.0,8,2,1,2026-08-23T13:00:00Z,3,3,0,0,0,0,0.0,0.0,0.0,0.0,0.0,0.0,0.6666666666666666,1.3333333333333333,0.0,0.5773502691896258,0.0,0.0,0.0,0.0,0.75
Tóth.A,MID,BOU,76,3,3,2,50,0,0,0,0,0,0,0,0,0,0,0,0,0,0.0,0.0,12,1,1,2026-08-29T14:00:00Z,3,3,0,0,0,0,1.0,15.0,0.0,0.0,0.0,5.0,0.0,0.0,0.0,0.0,0.0,0.0,0.0,0.0,1.0
Tóth.A,MID,BOU,76,3,3,3,50,0,0,0,0,0,0,0,0,0,0,0,0,0,0.0,0.0,27,2,2,2026-09-05T11:30:00Z,3,3,0,0,0,0,0.5,7.5,0.0,0.0,0.0,2.5,0.0,0.0,0.0,0.0,0.0,0.0,0.0,0.0,0.5
Adli,MID,BOU,77,3,3,1,49,0,0,0,0,0,0,0,0,0,0,0,0,0,0.0,0.0,8,2,1,2026-08-23T13:00:00Z,3,3,0,0,0,0,0.0,0.0,0.0,0.0,0.0,0.0,0.3333333333333333,5.0,0.0,0.5773502691896258,0.0,0.0,0.0,0.0,0.25
Adli,MID,BOU,77,3,3,2,49,0,0,0,0,0,0,0,0,0,0,0,0,0,0.0,0.0,12,1,1,2026-08-29T14:00:00Z,3,3,0,0,0,0,0.0,0.0,0.0,0.0,0.0,0.0,0.0,0.0,0.0,0.0,0.0,0.0,0.0,0.0,0.0
Adli,MID,BOU,77,3,3,3,49,0,0,0,0,0,0,0,0,0,0,0,0,0,0.0,0.0,27,2,2,2026-09-05T11:30:00Z,3,3,0,0,0,0,0.0,0.0,0.0,0.0,0.0,0.0,0.0,0.0,0.0,0.0,0.0,0.0,0.0,0.0,0.0
Kroupi.Jr,MID,BOU,78,3,3,1,74,0,0,0,0,0,0,0,0,0,0,0,0,0,0.0,0.0,8,2,1,2026-08-23T13:00:00Z,3,3,0,0,0,0,0.0,0.0,0.0,0.0,0.0,0.0,0.0,0.0,0.0,0.0,0.0,0.0,0.0,0.0,0.0
Kroupi.Jr,MID,BOU,78,3,3,2,74,0,0,0,0,0,0,0,0,0,0,0,0,0,0.0,0.0,12,1,1,2026-08-29T14:00:00Z,3,3,0,0,0,0,0.0,0.0,0.0,0.0,0.0,0.0,0.0,0.0,0.0,0.0,0.0,0.0,0.0,0.0,0.0
Kroupi.Jr,MID,BOU,78,3,3,3,74,0,0,0,0,0,0,0,0,0,0,0,0,0,0.0,0.0,27,2,2,2026-09-05T11:30:00Z,3,3,0,0,0,0,0.0,0.0,0.0,0.0,0.0,0.0,0.0,0.0,0.0,0.0,0.0,0.0,0.0,0.0,0.0
Evanilson,FWD,BOU,79,3,4,1,60,74,0,1,1,0,0,17,0,1,0,0,0,4,0.0,0.0,8,2,1,2026-08-23T13:00:00Z,3,3,0,0,0,0,0.0,0.0,0.0,0.0,0.0,0.0,0.0,0.0,0.0,0.0,0.0,0.0,0.0,0.0,0.0
Evanilson,FWD,BOU,79,3,4,2,60,80,0,1,1,0,0,11,0,0,0,0,0,5,0.0,0.0,12,1,1,2026-08-29T14:00:00Z,3,3,0,0,0,0,4.0,74.0,0.0,1.0,1.0,17.0,0.0,0.0,0.0,0.0,0.0,0.0,0.0,0.0,4.0
Evanilson,FWD,BOU,79,3,4,3,60,90,0,0,0,2,0,4,0,0,0,0,0,2,0.0,0.0,27,2,2,2026-09-05T11:30:00Z,3,3,0,0,0,0,4.5,77.0,0.0,1.0,1.0,14.0,0.0,0.0,0.0,0.0,0.0,0.0,0.0,0.0,4.5
Enes Ünal,FWD,BOU,80,3,4,1,55,0,0,0,0,0,0,0,0,0,0,0,0,0,0.0,0.0,8,2,1,2026-08-23T13:00:00Z,3,3,0,0,0,0,0.0,0.0,0.0,0.0,0.0,0.0,3.6666666666666665,81.33333333333333,0.0,1.5275252316519465,0.0,0.0,0.0,0.0,3.25
Enes Ünal,FWD,BOU,80,3,4,2,55,0,0,0,0,0,0,0,0,0,0,0,0,0,0.0,0.0,12,1,1,2026-08-29T14:00:00Z,3,3,0,0,0,0,0.0,0.0,0.0,0.0,0.0,0.0,0.0,0.0,0.0,0.0,0.0,0.0,0.0,0.0,0.0
Enes Ünal,FWD,BOU,80,3,4,3,55,0,0,0,0,0,0,0,0,0,0,0,0,0,0.0,0.0,27,2,2,2026-09-05T11:30:00Z,3,3,0,0,0,0,0.0,0.0,0.0,0.0,0.0,0.0,0.0,0.0,0.0,0.0,0.0,0.0,0.0,0.0,0.0
Rodríguez,FWD,BOU,81,3,4,1,60,0,0,0,0,0,0,0,0,0,0,0,0,0,0.0,0.0,8,2,1,2026-08-23T13:00:00Z,3,3,0,0,0,0,0.0,0.0,0.0,0.0,0.0,0.0,0.0,0.0,0.0,0.0,0.0,0.0,0.0,0.0,0.0
Rodríguez,FWD,BOU,81,3,4,2,60,9,0,0,0,1,0,4,0,0,0,0,0,1,0.0,0.0,12,1,1,2026-08-29T14:00:00Z,3,3,0,0,0,0,0.0,0.0,0.0,0.0,0.0,0.0,0.0,0.0,0.0,0.0,0.0,0.0,0.0,0.0,0.0
Rodríguez,FWD,BOU,81,3,4,3,60,0,0,0,0,0,0,0,0,0,0,0,0,0,0.0,0.0,27,2,2,2026-09-05T11:30:00Z,3,3,0,0,0,0,0.5,4.5,0.0,0.0,0.0,2.0,0.0,0.0,0.0,0.0,0.0,0.0,0.0,0.0,0.5
Kelleher,GKP,BRE,82,4,1,1,50,90,0,0,1,0,4,34,0,0,0,0,0,7,0.0,0.0,2,3,0,2026-08-22T16:30:00Z,3,3,0,0,0,0,0.0,0.0,0.0,0.0,0.0,0.0,0.3333333333333333,3.0,0.0,0.5773502691896258,0.0,0.0,0.0,0.0,0.25
Kelleher,GKP,BRE,82,4,1,2,50,90,0,0,0,1,1,7,0,0,0,0,0,2,0.0,0.0,17,1,1,2026-08-30T13:00:00Z,3,3,0,0,0,0,7.0,90.0,0.0,0.0,1.0,34.0,0.0,0.0,0.0,0.0,0.0,0.0,0.0,0.0,7.0
Kelleher,GKP,BRE,82,4,1,3,50,90,0,0,0,1,2,10,0,0,0,0,0,2,0.0,0.0,22,1,1,2026-09-05T14:00:00Z,3,3,0,0,0,0,4.5,90.0,0.0,0.0,0.5,20.5,0.0,0.0,0.0,0.0,0.0,0.0,0.0,0.0,4.5
Valdimarsson,GKP,BRE,83,4,1,1,45,0,0,0,0,0,0,0,0,0,0,0,0,0,0.0,0.0,2,3,0,2026-08-22T16:30:00Z,3,3,0,0,0,0,0.0,0.0,0.0,0.0,0.0,0.0,3.6666666666666665,90.0,0.0,2.886751345948129,0.0,0.0,0.0,0.0,3.25
Valdimarsson,GKP,BRE,83,4,1,2,45,0,0,0,0,0,0,0,0,0,0,0,0,0,0.0,0.0,17,1,1,2026-08-30T13:00:00Z,3,3,0,0,0,0,0.0,0.0,0.0,0.0,0.0,0.0,0.0,0.0,0.0,0.0,0.0,0.0,0.0,0.0,0.0
Valdimarsson,GKP,BRE,83,4,1,3,45,0,0,0,0,0,0,0,0,0,0,0,0,0,0.0,0.0,22,1,1,2026-09-05T14:00:00Z,3,3,0,0,0,0,0.0,0.0,0.0,0.0,0.0,0.0,0.0,0.0,0.0,0.0,0.0,0.0,0.0,0.0,0.0
Collins,DEF,BRE,84,4,2,1,55,90,0,0,1,0,0,21,0,0,0,0,0,6,0.0,0.0,2,3,0,2026-08-22T16:30:00Z,3,3,0,0,0,0,0.0,0.0,0.0,0.0,0.0,0.0,0.0,0.0,0.0,0.0,0.0,0.0,0.0,0.0,0.0
Collins,DEF,BRE,84,4,2,2,55,90,0,0,0,1,0,14,0,1,0,0,0,3,0.0,0.0,17,1,1,2026-08-30T13:00:00Z,3,3,0,0,0,0,6.0,90.0,0.0,0.0,1.0,21.0,0.0,0.0,0.0,0.0,0.0,0.0,0.0,0.0,6.0
Collins,DEF,BRE,84,4,2,3,55,16,0,0,0,0,0,4,0,0,0,0,0,1,0.0,0.0,22,1,1,2026-09-05T14:00:00Z,3,3,0,0,0,0,4.5,90.0,0.0,0.0,0.5,17.5,0.0,0.0,0.0,0.0,0.0,0.0,0.0,0.0,4.5
Van den Berg,DEF,BRE,85,4,2,1,49,0,0,0,0,0,0,0,0,0,0,0,0,0,0.0,0.0,2,3,0,2026-08-22T16:30:00Z,3,3,0,0,0,0,0.0,0.0,0.0,0.0,0.0,0.0,3.3333333333333335,65.33333333333333,0.0,2.516611478423583,0.0,0.0,0.0,0.0,2.75
Van den Berg,DEF,BRE,85,4,2,2,49,0,0,0,0,0,0,0,0,0,0,0,0,0,0.0,0.0,17,1,1,2026-08-30T13:00:00Z,3,3,0,0,0,0,0.0,0.0,0.0,0.0,0.0,0.0,0.0,0.0,0.0,0.0,0.0,0.0,0.0,0.0,0.0
Van den Berg,DEF,BRE,85,4,2,3,49,0,0,0,0,0,0,0,0,0,0,0,0,0,0.0,0.0,22,1,1,2026-09-05T14:00:00Z,3,3,0,0,0,0,0.0,0.0,0.0,0.0,0.0,0.0,0.0,0.0,0.0,0.0,0.0,0.0,0.0,0.0,0.0
Lewis-Potter,MID,BRE,86,4,3,1,55,90,1,0,1,0,0,37,2,0,0,0,0,10,0.0,0.0,2,3,0,2026-08-22T16:30:00Z,3,3,0,0,0,0,0.0,0.0,0.0,0.0,0.0,0.0,0.0,0.0,0.0,0.0,0.0,0.0,0.0,0.0,0.0
Lewis-Potter,MID,BRE,86,4,3,2,55,87,0,1,0,1,0,29,1,0,0,0,0,6,0.0,0.0,17,1,1,2026-08-30T13:00:00Z,3,3,0,0,0,0,10.0,90.0,1.0,0.0,1.0,37.0,0.0,0.0,0.0,0.0,0.0,0.0,0.0,0.0,10.0
Lewis-Potter,MID,BRE,86,4,3,3,55,90,0,0,0,1,0,4,0,0,0,0,0,2,0.0,0.0,22,1,1,2026-09-05T14:00:00Z,3,3,0,0,0,0,8.0,88.5,0.5,0.5,0.5,33.0,0.0,0.0,0.0,0.0,0.0,0.0,0.0,0.0,8.0
Ajer,DEF,BRE,87,4,2,1,45,90,0,0,1,0,0,29,0,0,0,0,0,8,0.0,0.0,2,3,0,2026-08-22T16:30:00Z,3,3,0,0,0,0,0.0,0.0,0.0,0.0,0.0,0.0,6.0,89.0,1.0,4.0,0.0,0.0,0.0,0.0,5.0
Ajer,DEF,BRE,87,4,2,2,45,90,0,0,0,1,0,7,0,1,0,0,0,3,0.0,0.0,17,1,1,2026-08-30T13:00:00Z,3,3,0,0,0,0,8.0,90.0,0.0,0.0,1.0,29.0,0.0,0.0,0.0,0.0,0.0,0.0,0.0,0.0,8.0
Ajer,DEF,BRE,87,4,2,3,45,90,0,0,0,1,0,8,0,0,0,0,0,2,0.0,0.0,22,1,1,2026-09-05T14:00:00Z,3,3,0,0,0,0,5.5,90.0,0.0,0.0,0.5,18.0,0.0,0.0,0.0,0.0,0.0,0.0,0.0,0.0,5.5
Kayode,DEF,BRE,88,4,2,1,46,75,1,0,1,0,0,36,1,0,0,0,0,13,0.0,0.0,2,3,0,2026-08-22T16:30:00Z,3,3,0,0,0,0,0.0,0.0,0.0,0.0,0.0,0.0,4.333333333333333,90.0,0.0,3.214550253664318,0.0,0.0,0.0,0.0,3.75
Kayode,DEF,BRE,88,4,2,2,46,87,0,0,0,1,0,9,0,0,0,0,0,2,0.0,0.0,17,1,1,2026-08-30T13:00:00Z,3,3,0,0,0,0,13.0,75.0,1.0,0.0,1.0,36.0,0.0,0.0,0.0,0.0,0.0,0.0,0.0,0.0,13.0
Kayode,DEF,BRE,88,4,2,3,46,45,0,0,0,0,0,2,0,0,0,0,0,1,0.0,0.0,22,1,1,2026-09-05T14:00:00Z,3,3,0,0,0,0,7.5,81.0,0.5,0.0,0.5,22.5,0.0,0.0,0.0,0.0,0.0,0.0,0.0,0.0,7.5
Henry,DEF,BRE,89,4,2,1,45,0,0,0,0,0,0,0,0,0,0,0,0,0,0.0,0.0,2,3,0,2026-08-22T16:30:00Z,3,3,0,0,0,0,0.0,0.0,0.0,0.0,0.0,0.0,5.333333333333333,69.0,1.0,6.658328118479393,0.0,0.0,0.0,0.0,4.25
Henry,DEF,BRE,89,4,2,2,45,2,0,0,0,0,0,3,0,0,0,0,0,1,0.0,0.0,17,1,1,2026-08-30T13:00:00Z,3,3,0,0,0,0,0.0,0.0,0.0,0.0,0.0,0.0,0.0,0.0,0.0,0.0,0.0,0.0,0.0,0.0,0.0
Henry,DEF,BRE,89,4,2,3,45,0,0,0,0,0,0,0,0,0,0,0,0,0,0.0,0.0,22,1,1,2026-09-05T14:00:00Z,3,3,0,0,0,0,0.5,1.0,0.0,0.0,0.0,1.5,0.0,0.0,0.0,0.0,0.0,0.0,0.0,0.0,0.5
Hickey,DEF,BRE,90,4,2,1,45,14,0,0,0,0,0,2,0,0,0,0,0,1,0.0,0.0,2,3,0,2026-08-22T16:30:00Z,3,3,0,0,0,0,0.0,0.0,0.0,0.0,0.0,0.0,0.3333333333333333,0.6666666666666666,0.0,0.5773502691896258,0.0,0.0,0.0,0.0,0.25
Hickey,DEF,BRE,90,4,2,2,45,2,0,0,0,0,0,6,0,0,0,0,0,1,0.0,0.0,17,1,1,2026-08-30T13:00:00Z,3,3,0,0,0,0,1.0,14.0,0.0,0.0,0.0,2.0,0.0,0.0,0.0,0.0,0.0,0.0,0.0,0.0,1.0
Hickey,DEF,BRE,90,4,2,3,45,45,0,0,0,1,0,0,0,0,0,0,0,1,0.0,0.0,22,1,1,2026-09-05T14:00:00Z,3,3,0,0,0,0,1.0,8.0,0.0,0.0,0.0,4.0,0.0,0.0,0.0,0.0,0.0,0.0,0.0,0.0,1.0
Pinnock,DEF,COV,91,7,2,1,45,0,0,0,0,0,0,0,0,0,0,0,0,0,0.0,0.0,2,3,0,2026-08-22T16:30:00Z,2,2,0,0,0,0,0.0,0.0,0.0,0.0,0.0,0.0,1.0,20.333333333333332,0.0,0.0,0.0,0.0,0.0,0.0,1.0
Pinnock,DEF,COV,91,7,2,2,45,12,0,0,0,1,0,-1,0,0,0,0,0,1,0.0,0.0,13,0,1,2026-08-29T14:00:00Z,2,2,0,0,0,0,0.0,0.0,0.0,0.0,0.0,0.0,0.0,0.0,0.0,0.0,0.0,0.0,0.0,0.0,0.0
Pinnock,DEF,COV,91,7,2,3,45,90,0,0,0,1,0,3,0,1,0,0,0,3,0.0,0.0,26,1,0,2026-09-05T14:00:00Z,2,2,0,0,0,0,0.5,6.0,0.0,0.0,0.0,-0.5,0.0,0.0,0.0,0.0,0.0,0.0,0.0,0.0,0.5
Ji-soo,DEF,BRE,92,4,2,1,45,0,0,0,0,0,0,0,0,0,0,0,0,0,0.0,0.0,2,3,0,2026-08-22T16:30:00Z,3,3,0,0,0,0,0.0,0.0,0.0,0.0,0.0,0.0,1.3333333333333333,34.0,0.0,1.5275252316519465,0.0,0.0,0.0,0.0,1.75
Ji-soo,DEF,BRE,92,4,2,2,45,0,0,0,0,0,0,0,0,0,0,0,0,0,0.0,0.0,17,1,1,2026-08-30T13:00:00Z,3,3,0,0,0,0,0.0,0.0,0.0,0.0,0.0,0.0,0.0,0.0,0.0,0.0,0.0,0.0,0.0,0.0,0.0
Ji-soo,DEF,BRE,92,4,2,3,45,0,0,0,0,0,0,0,0,0,0,0,0,0,0.0,0.0,22,1,1,2026-09-05T14:00:00Z,3,3,0,0,0,0,0.0,0.0,0.0,0.0,0.0,0.0,0.0,0.0,0.0,0.0,0.0,0.0,0.0,0.0,0.0
Schuster,DEF,BRE,93,4,2,1,45,0,0,0,0,0,0,0,0,0,0,0,0,0,0.0,0.0,2,3,0,2026-08-22T16:30:00Z,3,3,0,0,0,0,0.0,0.0,0.0,0.0,0.0,0.0,0.0,0.0,0.0,0.0,0.0,0.0,0.0,0.0,0.0
Schuster,DEF,BRE,93,4,2,2,45,0,0,0,0,0,0,0,0,0,0,0,0,0,0.0,0.0,17,1,1,2026-08-30T13:00:00Z,3,3,0,0,0,0,0.0,0.0,0.0,0.0,0.0,0.0,0.0,0.0,0.0,0.0,0.0,0.0,0.0,0.0,0.0
Schuster,DEF,BRE,93,4,2,3,45,73,0,0,0,1,0,11,0,0,0,0,0,4,0.0,0.0,22,1,1,2026-09-05T14:00:00Z,3,3,0,0,0,0,0.0,0.0,0.0,0.0,0.0,0.0,0.0,0.0,0.0,0.0,0.0,0.0,0.0,0.0,0.0
Schade,MID,BRE,94,4,3,1,60,90,0,0,1,0,0,17,0,0,0,0,0,3,0.0,0.0,2,3,0,2026-08-22T16:30:00Z,3,3,0,0,0,0,0.0,0.0,0.0,0.0,0.0,0.0,1.3333333333333333,24.333333333333332,0.0,2.3094010767585034,0.0,0.0,0.0,0.0,2.0
Schade,MID,BRE,94,4,3,2,60,87,1,0,0,1,0,34,3,0,0,0,0,10,0.0,0.0,17,1,1,2026-08-30T13:00:00Z,3,3,0,0,0,0,3.0,90.0,0.0,0.0,1.0,17.0,0.0,0.0,0.0,0.0,0.0,0.0,0.0,0.0,3.0
Schade,MID,BRE,94,4,3,3,60,90,0,0,0,1,0,11,0,0,0,0,0,2,0.0,0.0,22,1,1,2026-09-05T14:00:00Z,3,3,0,0,0,0,6.5,88.5,0.5,0.0,0.5,25.5,0.0,0.0,0.0,0.0,0.0,0.0,0.0,0.0,6.5
O.Dango,MID,BRE,95,4,3,1,64,66,0,0,1,0,0,6,0,0,0,0,0,3,0.0,0.0,2,3,0,2026-08-22T16:30:00Z,3,3,0,0,0,0,0.0,0.0,0.0,0.0,0.0,0.0,5.0,89.0,1.0,4.358898943540674,0.0,0.0,0.0,0.0,4.25
O.Dango,MID,BRE,95,4,3,2,64,29,0,0,0,1,0,16,0,0,0,0,0,1,0.0,0.0,17,1,1,2026-08-30T13:00:00Z,3,3,0,0,0,0,3.0,66.0,0.0,0.0,1.0,6.0,0.0,0.0,0.0,0.0,0.0,0.0,0.0,0.0,3.0
O.Dango,MID,BRE,95,4,3,3,64,45,0,0,0,0,0,6,0,0,0,0,0,1,0.0,0.0,22,1,1,2026-09-05T14:00:00Z,3,3,0,0,0,0,2.0,47.5,0.0,0.0,0.5,11.0,0.0,0.0,0.0,0.0,0.0,0.0,0.0,0.0,2.0
Damsgaard,MID,BRE,96,4,3,1,55,14,0,0,0,0,0,6,0,0,0,0,0,1,0.0,0.0,2,3,0,2026-08-22T16:30:00Z,3,3,0,0,0,0,0.0,0.0,0.0,0.0,0.0,0.0,1.6666666666666667,46.666666666666664,0.0,1.1547005383792517,0.0,0.0,0.0,0.0,1.5
Damsgaard,MID,BRE,96,4,3,2,55,68,0,0,1,0,0,20,0,0,0,0,0,3,0.0,0.0,17,1,1,2026-08-30T13:00:00Z,3,3,0,0,0,0,1.0,14.0,0.0,0.0,0.0,6.0,0.0,0.0,0.0,0.0,0.0,0.0,0.0,0.0,1.0
Damsgaard,MID,BRE,96,4,3,3,55,85,0,1,0,1,0,30,3,0,0,0,0,8,0.0,0.0,22,1,1,2026-09-05T14:00:00Z,3,3,0,0,0,0,2.0,41.0,0.0,0.0,0.5,13.0,0.0,0.0,0.0,0.0,0.0,0.0,0.0,0.0,2.0
Jensen,MID,BRE,97,4,3,1,54,66,0,1,1,0,0,22,0,0,0,0,0,6,0.0,0.0,2,3,0,2026-08-22T16:30:00Z,3,3,0,0,0,0,0.0,0.0,0.0,0.0,0.0,0.0,4.0,55.666666666666664,0.0,3.605551275463989,0.0,0.0,0.0,0.0,5.0
Jensen,MID,BRE,97,4,3,2,54,0,0,0,0,0,0,0,0,0,0,0,0,0,0.0,0.0,17,1,1,2026-08-30T13:00:00Z,3,3,0,0,0,0,6.0,66.0,0.0,1.0,1.0,22.0,0.0,0.0,0.0,0.0,0.0,0.0,0.0,0.0,6.0
Jensen,MID,BRE,97,4,3,3,54,0,0,0,0,0,0,0,0,0,0,0,0,0,0.0,0.0,22,1,1,2026-09-05T14:00:00Z,3,3,0,0,0,0,3.0,33.0,0.0,0.5,0.5,11.0,0.0,0.0,0.0,0.0,0.0,0.0,0.0,0.0,3.0
Janelt,MID,BRE,98,4,3,1,50,90,1,0,1,0,0,35,0,1,0,0,0,9,0.0,0.0,2,3,0,2026-08-22T16:30:00Z,3,3,0,0,0,0,0.0,0.0,0.0,0.0,0.0,0.0,2.0,22.0,0.0,3.4641016151377544,0.0,0.0,0.0,0.0,1.5
Janelt,MID,BRE,98,4,3,2,50,90,0,0,0,1,0,11,0,1,0,0,0,1,0.0,0.0,17,1,1,2026-08-30T13:00:00Z,3,3,0,0,0,0,9.0,90.0,1.0,0.0,1.0,35.0,0.0,0.0,0.0,0.0,0.0,0.0,0.0,0.0,9.0
Janelt,MID,BRE,98,4,3,3,50,90,1,0,0,1,0,30,3,1,0,0,0,11,0.0,0.0,22,1,1,2026-09-05T14:00:00Z,3,3,0,0,0,0,5.0,90.0,0.5,0.0,0.5,23.0,0.0,0.0,0.0,0.0,0.0,0.0,0.0,0.0,5.0
Milambo,MID,BRE,99,4,3,1,50,0,0,0,0,0,0,0,0,0,0,0,0,0,0.0,0.0,2,3,0,2026-08-22T16:30:00Z,3,3,0,0,0,0,0.0,0.0,0.0,0.0,0.0,0.0,7.0,90.0,2.0,5.291502622129181,0.0,0.0,0.0,0.0,8.0
Milambo,MID,BRE,99,4,3,2,50,0,0,0,0,0,0,0,0,0,0,0,0,0,0.0,0.0,17,1,1,2026-08-30T13:00:00Z,3,3,0,0,0,0,0.0,0.0,0.0,0.0,0.0,0.0,0.0,0.0,0.0,0.0,0.0,0.0,0.0,0.0,0.0
Milambo,MID,BRE,99,4,3,3,50,0,0,0,0,0,0,0,0,0,0,0,0,0,0.0,0.0,22,1,1,2026-09-05T14:00:00Z,3,3,0,0,0,0,0.0,0.0,0.0,0.0,0.0,0.0,0.0,0.0,0.0,0.0,0.0,0.0,0.0,0.0,0.0
Carvalho,MID,BRE,100,4,3,1,50,0,0,0,0,0,0,0,0,0,0,0,0,0,0.0,0.0,2,3,0,2026-08-22T16:30:00Z,3,3,0,0,0,0,0.0,0.0,0.0,0.0,0.0,0.0,0.0,0.0,0.0,0.0,0.0,0.0,0.0,0.0,0.0
Carvalho,MID,BRE,100,4,3,2,50,0,0,0,0,0,0,0,0,0,0,0,0,0,0.0,0.0,17,1,1,2026-08-30T13:00:00Z,3,3,0,0,0,0,0.0,0.0,0.0,0.0,0.0,0.0,0.0,0.0,0.0,0.0,0.0,0.0,0.0,0.0,0.0
Carvalho,MID,BRE,100,4,3,3,50,0,0,0,0,0,0,0,0,0,0,0,0,0,0.0,0.0,22,1,1,2026-09-05T14:00:00Z,3,3,0,0,0,0,0.0,0.0,0.0,0.0,0.0,0.0,0.0,0.0,0.0,0.0,0.0,0.0,0.0,0.0,0.0
Henderson,MID,CHE,101,6,3,1,49,0,0,0,0,0,0,0,0,0,0,0,0,0,0.0,0.0,10,2,3,2026-08-24T19:00:00Z,4,4,0,0,0,0,0.0,0.0,0.0,0.0,0.0,0.0,0.0,0.0,0.0,0.0,0.0,0.0,0.0,0.0,0.0
Henderson,MID,CHE,101,6,3,2,49,0,0,0,0,0,0,0,0,0,0,0,0,0,0.0,0.0,16,4,3,2026-08-30T13:00:00Z,4,4,0,0,0,0,0.0,0.0,0.0,0.0,0.0,0.0,0.0,0.0,0.0,0.0,0.0,0.0,0.0,0.0,0.0
Henderson,MID,CHE,101,6,3,3,49,0,0,0,0,0,0,0,0,0,0,0,0,0,0.0,0.0,29,2,1,2026-09-06T15:30:00Z,4,4,0,0,0,0,0.0,0.0,0.0,0.0,0.0,0.0,0.0,0.0,0.0,0.0,0.0,0.0,0.0,0.0,0.0
Yarmoliuk,MID,BRE,102,4,3,1,49,23,0,0,0,0,0,7,0,0,0,0,0,1,0.0,0.0,2,3,0,2026-08-22T16:30:00Z,3,3,0,0,0,0,0.0,0.0,0.0,0.0,0.0,0.0,0.0,0.0,0.0,0.0,0.0,0.0,0.0,0.0,0.0
Yarmoliuk,MID,BRE,102,4,3,2,49,21,0,0,0,1,0,4,0,0,0,0,0,1,0.0,0.0,17,1,1,2026-08-30T13:00:00Z,3,3,0,0,0,0,1.0,23.0,0.0,0.0,0.0,7.0,0.0,0.0,0.0,0.0,0.0,0.0,0.0,0.0,1.0
Yarmoliuk,MID,BRE,102,4,3,3,49,45,0,0,0,1,0,1,0,1,0,0,0,0,0.0,0.0,22,1,1,2026-09-05T14:00:00Z,3,3,0,0,0,0,1.0,22.0,0.0,0.0,0.0,5.5,0.0,0.0,0.0,0.0,0.0,0.0,0.0,0.0,1.0
Dasilva,MID,BRE,103,4,3,1,49,0,0,0,0,0,0,0,0,0,0,0,0,0,0.0,0.0,2,3,0,2026-08-22T16:30:00Z,3,3,0,0,0,0,0.0,0.0,0.0,0.0,0.0,0.0,0.6666666666666666,29.666666666666668,0.0,0.5773502691896258,0.0,0.0,0.0,0.0,0.5
Dasilva,MID,BRE,103,4,3,2,49,0,0,0,0,0,0,0,0,0,0,0,0,0,0.0,0.0,17,1,1,2026-08-30T13:00:00Z,3,3,0,0,0,0,0.0,0.0,0.0,0.0,0.0,0.0,0.0,0.0,0.0,0.0,0.0,0.0,0.0,0.0,0.0
Dasilva,MID,BRE,103,4,3,3,49,0,0,0,0,0,0,0,0,0,0,0,0,0,0.0,0.0,22,1,1,2026-09-05T14:00:00Z,3,3,0,0,0,0,0.0,0.0,0.0,0.0,0.0,0.0,0.0,0.0,0.0,0.0,0.0,0.0,0.0,0.0,0.0
Onyeka,MID,COV,104,7,3,1,49,90,0,0,0,3,0,8,0,0,0,0,0,2,0.0,0.0,1,3,0,2026-08-21T19:00:00Z,2,2,0,0,0,0,0.0,0.0,0.0,0.0,0.0,0.0,0.0,0.0,0.0,0.0,0.0,0.0,0.0,0.0,0.0
Onyeka,MID,COV,104,7,3,2,49,0,0,0,0,0,0,0,0,0,0,0,0,0,0.0,0.0,13,0,1,2026-08-29T14:00:00Z,2,2,0,0,0,0,2.0,90.0,0.0,0.0,0.0,8.0,0.0,0.0,0.0,0.0,0.0,0.0,0.0,0.0,2.0
Onyeka,MID,COV,104,7,3,3,49,62,0,0,0,1,0,5,0,0,0,0,0,2,0.0,0.0,26,1,0,2026-09-05T14:00:00Z,2,2,0,0,0,0,1.0,45.0,0.0,0.0,0.0,4.0,0.0,0.0,0.0,0.0,0.0,0.0,0.0,0.0,1.0
Anthony,MID,BRE,105,4,3,1,60,23,0,0,0,0,0,9,0,0,0,0,0,1,0.0,0.0,2,3,0,2026-08-22T16:30:00Z,3,3,0,0,0,0,0.0,0.0,0.0,0.0,0.0,0.0,1.3333333333333333,50.666666666666664,0.0,1.1547005383792517,0.0,0.0,0.0,0.0,1.5
Anthony,MID,BRE,105,4,3,2,60,60,0,0,1,0,0,4,0,1,0,0,0,2,0.0,0.0,17,1,1,2026-08-30T13:00:00Z,3,3,0,0,0,0,1.0,23.0,0.0,0.0,0.0,9.0,0.0,0.0,0.0,0.0,0.0,0.0,0.0,0.0,1.0
Anthony,MID,BRE,105,4,3,3,60,45,0,0,0,1,0,3,0,0,0,0,0,1,0.0,0.0,22,1,1,2026-09-05T14:00:00Z,3,3,0,0,0,0,1.5,41.5,0.0,0.0,0.5,6.5,0.0,0.0,0.0,0.0,0.0,0.0,0.0,0.0,1.5
Thiago,FWD,BRE,106,4,4,1,79,82,0,0,1,0,0,-3,0,0,0,0,1,0,0.0,0.0,2,3,0,2026-08-22T16:30:00Z,3,3,0,0,0,0,0.0,0.0,0.0,0.0,0.0,0.0,1.3333333333333333,42.666666666666664,0.0,0.5773502691896257,0.0,0.0,0.0,0.0,1.25
Thiago,FWD,BRE,106,4,4,2,79,90,0,0,0,1,0,2,0,0,0,0,0,2,0.0,0.0,17,1,1,2026-08-30T13:00:00Z,3,3,0,0,0,0,0.0,82.0,0.0,0.0,1.0,-3.0,0.0,0.0,0.0,0.0,0.0,0.0,0.0,0.0,0.0
Thiago,FWD,BRE,106,4,4,3,79,90,0,0,0,1,0,9,0,0,0,0,0,2,0.0,0.0,22,1,1,2026-09-05T14:00:00Z,3,3,0,0,0,0,1.0,86.0,0.0,0.0,0.5,-0.5,0.0,0.0,0.0,0.0,0.0,0.0,0.0,0.0,1.0
Furo,FWD,BRE,107,4,4,1,45,0,0,0,0,0,0,0,0,0,0,0,0,0,0.0,0.0,2,3,0,2026-08-22T16:30:00Z,3,3,0,0,0,0,0.0,0.0,0.0,0.0,0.0,0.0,1.3333333333333333,87.33333333333333,0.0,1.1547005383792517,0.0,0.0,0.0,0.0,1.5
Furo,FWD,BRE,107,4,4,2,45,0,0,0,0,0,0,0,0,0,0,0,0,0,0.0,0.0,17,1,1,2026-08-30T13:00:00Z,3,3,0,0,0,0,0.0,0.0,0.0,0.0,0.0,0.0,0.0,0.0,0.0,0.0,0.0,0.0,0.0,0.0,0.0
Furo,FWD,BRE,107,4,4,3,45,0,0,0,0,0,0,0,0,0,0,0,0,0,0.0,0.0,22,1,1,2026-09-05T14:00:00Z,3,3,0,0,0,0,0.0,0.0,0.0,0.0,0.0,0.0,0.0,0.0,0.0,0.0,0.0,0.0,0.0,0.0,0.0
Wilson,FWD,BRE,108,4,4,1,55,7,0,0,0,0,0,4,0,0,0,0,0,1,0.0,0.0,2,3,0,2026-08-22T16:30:00Z,3,3,0,0,0,0,0.0,0.0,0.0,0.0,0.0,0.0,0.0,0.0,0.0,0.0,0.0,0.0,0.0,0.0,0.0
Wilson,FWD,BRE,108,4,4,2,55,2,0,0,0,0,0,3,0,0,0,0,0,1,0.0,0.0,17,1,1,2026-08-30T13:00:00Z,3,3,0,0,0,0,1.0,7.0,0.0,0.0,0.0,4.0,0.0,0.0,0.0,0.0,0.0,0.0,0.0,0.0,1.0
Wilson,FWD,BRE,108,4,4,3,55,4,0,0,0,0,0,2,0,0,0,0,0,1,0.0,0.0,22,1,1,2026-09-05T14:00:00Z,3,3,0,0,0,0,1.0,4.5,0.0,0.0,0.0,3.5,0.0,0.0,0.0,0.0,0.0,0.0,0.0,0.0,1.0
Verbruggen,GKP,BHA,109,5,1,1,45,90,0,0,1,0,0,25,0,0,0,0,0,6,0.0,0.0,7,4,0,2026-08-23T13:00:00Z,2,3,0,0,0,0,0.0,0.0,0.0,0.0,0.0,0.0,1.0,4.333333333333333,0.0,0.0,0.0,0.0,0.0,0.0,1.0
Verbruggen,GKP,BHA,109,5,1,2,45,90,0,0,0,4,1,-1,0,0,0,0,0,0,0.0,0.0,16,4,3,2026-08-30T13:00:00Z,2,3,0,0,0,0,6.0,90.0,0.0,0.0,1.0,25.0,0.0,0.0,0.0,0.0,0.0,0.0,0.0,0.0,6.0
Verbruggen,GKP,BHA,109,5,1,3,45,90,0,0,0,1,3,17,0,0,0,0,0,3,0.0,0.0,23,1,1,2026-09-05T14:00:00Z,2,3,0,0,0,0,3.0,90.0,0.0,0.0,0.5,12.0,0.0,0.0,0.0,0.0,0.0,0.0,0.0,0.0,3.0
Rushworth,GKP,COV,110,7,1,1,45,90,0,0,0,3,2,0,0,0,0,0,0,1,0.0,0.0,1,3,0,2026-08-21T19:00:00Z,2,2,0,0,0,0,0.0,0.0,0.0,0.0,0.0,0.0,3.0,90.0,0.0,3.0,0.0,0.0,0.0,0.0,3.0
Rushworth,GKP,COV,110,7,1,2,45,90,0,0,0,1,1,10,0,0,0,0,0,2,0.0,0.0,13,0,1,2026-08-29T14:00:00Z,2,2,0,0,0,0,1.0,90.0,0.0,0.0,0.0,0.0,0.0,0.0,0.0,0.0,0.0,0.0,0.0,0.0,1.0
Rushworth,GKP,COV,110,7,1,3,45,90,0,0,0,1,2,13,0,0,0,0,0,2,0.0,0.0,26,1,0,2026-09-05T14:00:00Z,2,2,0,0,0,0,1.5,90.0,0.0,0.0,0.0,5.0,0.0,0.0,0.0,0.0,0.0,0.0,0.0,0.0,1.5
Steele,GKP,BHA,111,5,1,1,40,0,0,0,0,0,0,0,0,0,0,0,0,0,0.0,0.0,7,4,0,2026-08-23T13:00:00Z,2,3,0,0,0,0,0.0,0.0,0.0,0.0,0.0,0.0,1.6666666666666667,90.0,0.0,0.5773502691896257,0.0,0.0,0.0,0.0,1.75
Steele,GKP,BHA,111,5,1,2,40,0,0,0,0,0,0,0,0,0,0,0,0,0,0.0,0.0,16,4,3,2026-08-30T13:00:00Z,2,3,0,0,0,0,0.0,0.0,0.0,0.0,0.0,0.0,0.0,0.0,0.0,0.0,0.0,0.0,0.0,0.0,0.0
Steele,GKP,BHA,111,5,1,3,40,0,0,0,0,0,0,0,0,0,0,0,0,0,0.0,0.0,23,1,1,2026-09-05T14:00:00Z,2,3,0,0,0,0,0.0,0.0,0.0,0.0,0.0,0.0,0.0,0.0,0.0,0.0,0.0,0.0,0.0,0.0,0.0
Van Hecke,DEF,TOT,112,19,2,1,49,90,0,0,0,3,0,3,0,0,0,0,0,1,0.0,0.0,2,3,0,2026-08-22T16:30:00Z,3,3,0,0,0,0,0.0,0.0,0.0,0.0,0.0,0.0,0.0,0.0,0.0,0.0,0.0,0.0,0.0,0.0,0.0
Van Hecke,DEF,TOT,112,19,2,2,49,90,0,0,0,2,0,9,0,0,0,0,0,1,0.0,0.0,15,0,2,2026-08-29T16:30:00Z,3,3,0,0,0,0,1.0,90.0,0.0,0.0,0.0,3.0,0.0,0.0,0.0,0.0,0.0,0.0,0.0,0.0,1.0
Van Hecke,DEF,TOT,112,19,2,3,49,90,0,0,1,0,0,29,2,0,0,0,0,8,0.0,0.0,28,0,0,2026-09-05T14:00:00Z,3,3,0,0,0,0,1.0,90.0,0.0,0.0,0.0,6.0,0.0,0.0,0.0,0.0,0.0,0.0,0.0,0.0,1.0
F.Kadıoğlu,DEF,BHA,113,5,2,1,44,0,0,0,0,0,0,0,0,0,0,0,0,0,0.0,0.0,7,4,0,2026-08-23T13:00:00Z,2,3,0,0,0,0,0.0,0.0,0.0,0.0,0.0,0.0,3.3333333333333335,90.0,0.0,4.041451884327381,0.0,0.0,0.0,0.0,4.5
F.Kadıoğlu,DEF,BHA,113,5,2,2,44,90,0,0,0,4,0,-4,0,0,0,0,0,0,0.0,0.0,16,4,3,2026-08-30T13:00:00Z,2,3,0,0,0,0,0.0,0.0,0.0,0.0,0.0,0.0,0.0,0.0,0.0,0.0,0.0,0.0,0.0,0.0,0.0
F.Kadıoğlu,DEF,BHA,113,5,2,3,44,77,0,0,0,1,0,8,0,0,0,0,0,2,0.0,0.0,23,1,1,2026-09-05T14:00:00Z,2,3,0,0,0,0,0.0,45.0,0.0,0.0,0.0,-2.0,0.0,0.0,0.0,0.0,0.0,0.0,0.0,0.0,0.0
Boscagli,DEF,BHA,114,5,2,1,45,90,0,0,1,0,0,29,0,0,0,0,0,6,0.0,0.0,7,4,0,2026-08-23T13:00:00Z,2,3,0,0,0,0,0.0,0.0,0.0,0.0,0.0,0.0,0.6666666666666666,55.666666666666664,0.0,1.1547005383792517,0.0,0.0,0.0,0.0,1.0
Boscagli,DEF,BHA,114,5,2,2,45,90,0,0,0,4,0,-2,0,1,0,0,0,-1,0.0,0.0,16,4,3,2026-08-30T13:00:00Z,2,3,0,0,0,0,6.0,90.0,0.0,0.0,1.0,29.0,0.0,0.0,0.0,0.0,0.0,0.0,0.0,0.0,6.0
Boscagli,DEF,BHA,114,5,2,3,45,90,0,0,0,1,0,17,0,0,0,0,0,2,0.0,0.0,23,1,1,2026-09-05T14:00:00Z,2,3,0,0,0,0,2.5,90.0,0.0,0.0,0.5,13.5,0.0,0.0,0.0,0.0,0.0,0.0,0.0,0.0,2.5
De Cuyper,DEF,BHA,115,5,2,1,48,77,1,1,1,0,0,46,2,0,0,0,0,17,0.0,0.0,7,4,0,2026-08-23T13:00:00Z,2,3,0,0,0,0,0.0,0.0,0.0,0.0,0.0,0.0,2.3333333333333335,90.0,0.0,3.5118845842842465,0.0,0.0,0.0,0.0,2.25
De Cuyper,DEF,BHA,115,5,2,2,48,90,0,0,0,4,0,-2,0,0,0,0,0,0,0.0,0.0,16,4,3,2026-08-30T13:00:00Z,2,3,0,0,0,0,17.0,77.0,1.0,1.0,1.0,46.0,0.0,0.0,0.0,0.0,0.0,0.0,0.0,0.0,17.0
De Cuyper,DEF,BHA,115,5,2,3,48,76,0,1,0,1,0,17,0,1,0,0,0,4,0.0,0.0,23,1,1,2026-09-05T14:00:00Z,2,3,0,0,0,0,8.5,83.5,0.5,0.5,0.5,22.0,0.0,0.0,0.0,0.0,0.0,0.0,0.0,0.0,8.5
Dunk,DEF,BHA,116,5,2,1,45,90,0,0,1,0,0,24,0,0,0,0,0,6,0.0,0.0,7,4,0,2026-08-23T13:00:00Z,2,3,0,0,0,0,0.0,0.0,0.0,0.0,0.0,0.0,7.0,81.0,1.0,8.888194417315589,0.0,0.0,0.0,0.0,6.25
Dunk,DEF,BHA,116,5,2,2,45,90,0,0,0,4,0,-4,0,1,0,0,0,-1,0.0,0.0,16,4,3,2026-08-30T13:00:00Z,2,3,0,0,0,0,6.0,90.0,0.0,0.0,1.0,24.0,0.0,0.0,0.0,0.0,0.0,0.0,0.0,0.0,6.0
Dunk,DEF,BHA,116,5,2,3,45,90,0,0,0,1,0,20,1,0,0,0,0,5,0.0,0.0,23,1,1,2026-09-05T14:00:00Z,2,3,0,0,0,0,2.5,90.0,0.0,0.0,0.5,10.0,0.0,0.0,0.0,0.0,0.0,0.0,0.0,0.0,2.5
Coppola,DEF,BHA,117,5,2,1,45,0,0,0,0,0,0,0,0,0,0,0,0,0,0.0,0.0,7,4,0,2026-08-23T13:00:00Z,2,3,0,0,0,0,0.0,0.0,0.0,0.0,0.0,0.0,3.3333333333333335,90.0,0.0,3.7859388972001824,0.0,0.0,0.0,0.0,3.75
Coppola,DEF,BHA,117,5,2,2,45,0,0,0,0,0,0,0,0,0,0,0,0,0,0.0,0.0,16,4,3,2026-08-30T13:00:00Z,2,3,0,0,0,0,0.0,0.0,0.0,0.0,0.0,0.0,0.0,0.0,0.0,0.0,0.0,0.0,0.0,0.0,0.0
Coppola,DEF,BHA,117,5,2,3,45,0,0,0,0,0,0,0,0,0,0,0,0,0,0.0,0.0,23,1,1,2026-09-05T14:00:00Z,2,3,0,0,0,0,0.0,0.0,0.0,0.0,0.0,0.0,0.0,0.0,0.0,0.0,0.0,0.0,0.0,0.0,0.0
Igor,DEF,BHA,118,5,2,1,45,0,0,0,0,0,0,0,0,0,0,0,0,0,0.0,0.0,7,4,0,2026-08-23T13:00:00Z,2,3,0,0,0,0,0.0,0.0,0.0,0.0,0.0,0.0,0.0,0.0,0.0,0.0,0.0,0.0,0.0,0.0,0.0
Igor,DEF,BHA,118,5,2,2,45,0,0,0,0,0,0,0,0,0,0,0,0,0,0.0,0.0,16,4,3,2026-08-30T13:00:00Z,2,3,0,0,0,0,0.0,0.0,0.0,0.0,0.0,0.0,0.0,0.0,0.0,0.0,0.0,0.0,0.0,0.0,0.0
Igor,DEF,BHA,118,5,2,3,45,0,0,0,0,0,0,0,0,0,0,0,0,0,0.0,0.0,23,1,1,2026-09-05T14:00:00Z,2,3,0,0,0,0,0.0,0.0,0.0,0.0,0.0,0.0,0.0,0.0,0.0,0.0,0.0,0.0,0.0,0.0,0.0
Costinha,DEF,BHA,119,5,2,1,45,26,0,0,0,0,0,7,0,0,0,0,0,1,0.0,0.0,7,4,0,2026-08-23T13:00:00Z,2,3,0,0,0,0,0.0,0.0,0.0,0.0,0.0,0.0,0.0,0.0,0.0,0.0,0.0,0.0,0.0,0.0,0.0
Costinha,DEF,BHA,119,5,2,2,45,10,0,0,0,0,0,-1,0,1,0,0,0,0,0.0,0.0,16,4,3,2026-08-30T13:00:00Z,2,3,0,0,0,0,1.0,26.0,0.0,0.0,0.0,7.0,0.0,0.0,0.0,0.0,0.0,0.0,0.0,0.0,1.0
Costinha,DEF,BHA,119,5,2,3,45,12,0,0,0,0,0,7,0,0,0,0,0,1,0.0,0.0,23,1,1,2026-09-05T14:00:00Z,2,3,0,0,0,0,0.5,18.0,0.0,0.0,0.0,3.0,0.0,0.0,0.0,0.0,0.0,0.0,0.0,0.0,0.5
Svoboda,DEF,BHA,120,5,2,1,50,0,0,0,0,0,0,0,0,0,0,0,0,0,0.0,0.0,7,4,0,2026-08-23T13:00:00Z,2,3,0,0,0,0,0.0,0.0,0.0,0.0,0.0,0.0,0.6666666666666666,16.0,0.0,0.5773502691896258,0.0,0.0,0.0,0.0,0.75
Svoboda,DEF,BHA,120,5,2,2,50,0,0,0,0,0,0,0,0,0,0,0,0,0,0.0,0.0,16,4,3,2026-08-30T13:00:00Z,2,3,0,0,0,0,0.0,0.0,0.0,0.0,0.0,0.0,0.0,0.0,0.0,0.0,0.0,0.0,0.0,0.0,0.0
Svoboda,DEF,BHA,120,5,2,3,50,0,0,0,0,0,0,0,0,0,0,0,0,0,0.0,0.0,23,1,1,2026-09-05T14:00:00Z,2,3,0,0,0,0,0.0,0.0,0.0,0.0,0.0,0.0,0.0,0.0,0.0,0.0,0.0,0.0,0.0,0.0,0.0
Mitoma,MID,BHA,121,5,3,1,59,0,0,0,0,0,0,0,0,0,0,0,0,0,0.0,0.0,7,4,0,2026-08-23T13:00:00Z,2,3,0,0,0,0,0.0,0.0,0.0,0.0,0.0,0.0,0.0,0.0,0.0,0.0,0.0,0.0,0.0,0.0,0.0
Mitoma,MID,BHA,121,5,3,2,59,0,0,0,0,0,0,0,0,0,0,0,0,0,0.0,0.0,16,4,3,2026-08-30T13:00:00Z,2,3,0,0,0,0,0.0,0.0,0.0,0.0,0.0,0.0,0.0,0.0,0.0,0.0,0.0,0.0,0.0,0.0,0.0
Mitoma,MID,BHA,121,5,3,3,59,0,0,0,0,0,0,0,0,0,0,0,0,0,0.0,0.0,23,1,1,2026-09-05T14:00:00Z,2,3,0,0,0,0,0.0,0.0,0.0,0.0,0.0,0.0,0.0,0.0,0.0,0.0,0.0,0.0,0.0,0.0,0.0
Minteh,MID,BHA,122,5,3,1,59,0,0,0,0,0,0,0,0,0,0,0,0,0,0.0,0.0,7,4,0,2026-08-23T13:00:00Z,2,3,0,0,0,0,0.0,0.0,0.0,0.0,0.0,0.0,0.0,0.0,0.0,0.0,0.0,0.0,0.0,0.0,0.0
Minteh,MID,BHA,122,5,3,2,59,0,0,0,0,0,0,0,0,0,0,0,0,0,0.0,0.0,16,4,3,2026-08-30T13:00:00Z,2,3,0,0,0,0,0.0,0.0,0.0,0.0,0.0,0.0,0.0,0.0,0.0,0.0,0.0,0.0,0.0,0.0,0.0
Minteh,MID,BHA,122,5,3,3,59,0,0,0,0,0,0,0,0,0,0,0,0,0,0.0,0.0,23,1,1,2026-09-05T14:00:00Z,2,3,0,0,0,0,0.0,0.0,0.0,0.0,0.0,0.0,0.0,0.0,0.0,0.0,0.0,0.0,0.0,0.0,0.0
Hinshelwood,MID,BHA,123,5,3,1,60,63,2,0,1,0,0,54,3,0,0,0,0,16,0.0,0.0,7,4,0,2026-08-23T13:00:00Z,2,3,0,0,0,0,0.0,0.0,0.0,0.0,0.0,0.0,0.0,0.0,0.0,0.0,0.0,0.0,0.0,0.0,0.0
Hinshelwood,MID,BHA,123,5,3,2,60,0,0,0,0,0,0,0,0,0,0,0,0,0,0.0,0.0,16,4,3,2026-08-30T13:00:00Z,2,3,0,0,0,0,16.0,63.0,2.0,0.0,1.0,54.0,0.0,0.0,0.0,0.0,0.0,0.0,0.0,0.0,16.0
Hinshelwood,MID,BHA,123,5,3,3,60,0,0,0,0,0,0,0,0,0,0,0,0,0,0.0,0.0,23,1,1,2026-09-05T14:00:00Z,2,3,0,0,0,0,8.0,31.5,1.0,0.0,0.5,27.0,0.0,0.0,0.0,0.0,0.0,0.0,0.0,0.0,8.0
Groß,MID,BHA,124,5,3,1,56,90,0,0,1,0,0,18,0,1,0,0,0,2,0.0,0.0,7,4,0,2026-08-23T13:00:00Z,2,3,0,0,0,0,0.0,0.0,0.0,0.0,0.0,0.0,5.333333333333333,21.0,2.0,9.237604307034013,0.0,0.0,0.0,0.0,4.0
Groß,MID,BHA,124,5,3,2,56,90,1,1,0,4,0,46,3,0,0,0,0,13,0.0,0.0,16,4,3,2026-08-30T13:00:00Z,2,3,0,0,0,0,2.0,90.0,0.0,0.0,1.0,18.0,0.0,0.0,0.0,0.0,0.0,0.0,0.0,0.0,2.0
Groß,MID,BHA,124,5,3,3,56,90,0,0,0,1,0,-1,0,1,0,0,0,1,0.0,0.0,23,1,1,2026-09-05T14:00:00Z,2,3,0,0,0,0,7.5,90.0,0.5,0.5,0.5,32.0,0.0,0.0,0.0,0.0,0.0,0.0,0.0,0.0,7.5
Georginio,FWD,BHA,125,5,4,1,54,90,0,1,1,0,0,22,0,0,0,0,0,5,0.0,0.0,7,4,0,2026-08-23T13:00:00Z,2,3,0,0,0,0,0.0,0.0,0.0,0.0,0.0,0.0,5.333333333333333,90.0,1.0,6.658328118479393,0.0,0.0,0.0,0.0,4.25
Georginio,FWD,BHA,125,5,4,2,54,0,0,0,0,0,0,0,0,0,0,0,0,0,0.0,0.0,16,4,3,2026-08-30T13:00:00Z,2,3,0,0,0,0,5.0,90.0,0.0,1.0,1.0,22.0,0.0,0.0,0.0,0.0,0.0,0.0,0.0,0.0,5.0
Georginio,FWD,BHA,125,5,4,3,54,0,0,0,0,0,0,0,0,0,0,0,0,0,0.0,0.0,23,1,1,2026-09-05T14:00:00Z,2,3,0,0,0,0,2.5,45.0,0.0,0.5,0.5,11.0,0.0,0.0,0.0,0.0,0.0,0.0,0.0,0.0,2.5
O'Riley,MID,BHA,126,5,3,1,55,0,0,0,0,0,0,0,0,0,0,0,0,0,0.0,0.0,7,4,0,2026-08-23T13:00:00Z,2,3,0,0,0,0,0.0,0.0,0.0,0.0,0.0,0.0,1.6666666666666667,30.0,0.0,2.886751345948129,0.0,0.0,0.0,0.0,1.25
O'Riley,MID,BHA,126,5,3,2,55,0,0,0,0,0,0,0,0,0,0,0,0,0,0.0,0.0,16,4,3,2026-08-30T13:00:00Z,2,3,0,0,0,0,0.0,0.0,0.0,0.0,0.0,0.0,0.0,0.0,0.0,0.0,0.0,0.0,0.0,0.0,0.0
O'Riley,MID,BHA,126,5,3,3,55,0,0,0,0,0,0,0,0,0,0,0,0,0,0.0,0.0,23,1,1,2026-09-05T14:00:00Z,2,3,0,0,0,0,0.0,0.0,0.0,0.0,0.0,0.0,0.0,0.0,0.0,0.0,0.0,0.0,0.0,0.0,0.0
Gomez,MID,BHA,127,5,3,1,50,85,0,1,1,0,0,27,0,0,0,0,0,6,0.0,0.0,7,4,0,2026-08-23T13:00:00Z,2,3,0,0,0,0,0.0,0.0,0.0,0.0,0.0,0.0,0.0,0.0,0.0,0.0,0.0,0.0,0.0,0.0,0.0
Gomez,MID,BHA,127,5,3,2,50,90,0,1,0,4,0,15,0,0,0,0,0,5,0.0,0.0,16,4,3,2026-08-30T13:00:00Z,2,3,0,0,0,0,6.0,85.0,0.0,1.0,1.0,27.0,0.0,0.0,0.0,0.0,0.0,0.0,0.0,0.0,6.0
Gomez,MID,BHA,127,5,3,3,50,90,0,0,0,1,0,13,0,0,0,0,0,2,0.0,0.0,23,1,1,2026-09-05T14:00:00Z,2,3,0,0,0,0,5.5,87.5,0.0,1.0,0.5,21.0,0.0,0.0,0.0,0.0,0.0,0.0,0.0,0.0,5.5
Buonanotte,MID,BHA,128,5,3,1,50,0,0,0,0,0,0,0,0,0,0,0,0,0,0.0,0.0,7,4,0,2026-08-23T13:00:00Z,2,3,0,0,0,0,0.0,0.0,0.0,0.0,0.0,0.0,4.333333333333333,88.33333333333333,0.0,2.0816659994661326,0.0,0.0,0.0,0.0,3.75
Buonanotte,MID,BHA,128,5,3,2,50,0,0,0,0,0,0,0,0,0,0,0,0,0,0.0,0.0,16,4,3,2026-08-30T13:00:00Z,2,3,0,0,0,0,0.0,0.0,0.0,0.0,0.0,0.0,0.0,0.0,0.0,0.0,0.0,0.0,0.0,0.0,0.0
Buonanotte,MID,BHA,128,5,3,3,50,0,0,0,0,0,0,0,0,0,0,0,0,0,0.0,0.0,23,1,1,2026-09-05T14:00:00Z,2,3,0,0,0,0,0.0,0.0,0.0,0.0,0.0,0.0,0.0,0.0,0.0,0.0,0.0,0.0,0.0,0.0,0.0
Ayari,MID,BHA,129,5,3,1,54,63,0,0,1,0,0,8,0,1,0,0,0,2,0.0,0.0,7,4,0,2026-08-23T13:00:00Z,2,3,0,0,0,0,0.0,0.0,0.0,0.0,0.0,0.0,0.0,0.0,0.0,0.0,0.0,0.0,0.0,0.0,0.0
Ayari,MID,BHA,129,5,3,2,54,0,0,0,0,0,0,0,0,0,0,0,0,0,0.0,0.0,16,4,3,2026-08-30T13:00:00Z,2,3,0,0,0,0,2.0,63.0,0.0,0.0,1.0,8.0,0.0,0.0,0.0,0.0,0.0,0.0,0.0,0.0,2.0
Ayari,MID,BHA,129,5,3,3,54,90,0,0,0,1,0,18,0,0,0,0,0,2,0.0,0.0,23,1,1,2026-09-05T14:00:00Z,2,3,0,0,0,0,1.0,31.5,0.0,0.0,0.5,4.0,0.0,0.0,0.0,0.0,0.0,0.0,0.0,0.0,1.0
Wieffer,DEF,BHA,130,5,2,1,50,77,0,0,1,0,0,32,1,0,0,0,0,7,0.0,0.0,7,4,0,2026-08-23T13:00:00Z,2,3,0,0,0,0,0.0,0.0,0.0,0.0,0.0,0.0,1.3333333333333333,51.0,0.0,1.1547005383792517,0.0,0.0,0.0,0.0,1.5
Wieffer,DEF,BHA,130,5,2,2,50,79,0,0,0,4,0,6,0,0,0,0,0,0,0.0,0.0,16,4,3,2026-08-30T13:00:00Z,2,3,0,0,0,0,7.0,77.0,0.0,0.0,1.0,32.0,0.0,0.0,0.0,0.0,0.0,0.0,0.0,0.0,7.0
Wieffer,DEF,BHA,130,5,2,3,50,0,0,0,0,0,0,0,0,0,0,0,0,0,0.0,0.0,23,1,1,2026-09-05T14:00:00Z,2,3,0,0,0,0,3.5,78.0,0.0,0.0,0.5,19.0,0.0,0.0,0.0,0.0,0.0,0.0,0.0,0.0,3.5
Baleba,MID,MUN,131,16,3,1,50,0,0,0,0,0,0,0,0,0,0,0,0,0,0.0,0.0,7,4,0,2026-08-23T13:00:00Z,4,4,0,0,0,0,0.0,0.0,0.0,0.0,0.0,0.0,2.3333333333333335,52.0,0.0,4.041451884327381,0.0,0.0,0.0,0.0,1.75
Baleba,MID,MUN,131,16,3,2,50,0,0,0,0,0,0,0,0,0,0,0,0,0,0.0,0.0,18,5,2,2026-08-30T15:30:00Z,4,4,0,0,0,0,0.0,0.0,0.0,0.0,0.0,0.0,0.0,0.0,0.0,0.0,0.0,0.0,0.0,0.0,0.0
Baleba,MID,MUN,131,16,3,3,50,0,0,0,0,0,0,0,0,0,0,0,0,0,0.0,0.0,30,2,2,2026-09-06T13:00:00Z,4,4,0,0,0,0,0.0,0.0,0.0,0.0,0.0,0.0,0.0,0.0,0.0,0.0,0.0,0.0,0.0,0.0,0.0
Howell,MID,BHA,132,5,3,1,45,0,0,0,0,0,0,0,0,0,0,0,0,0,0.0,0.0,7,4,0,2026-08-23T13:00:00Z,2,3,0,0,0,0,0.0,0.0,0.0,0.0,0.0,0.0,0.0,0.0,0.0,0.0,0.0,0.0,0.0,0.0,0.0
Howell,MID,BHA,132,5,3,2,45,0,0,0,0,0,0,0,0,0,0,0,0,0,0.0,0.0,16,4,3,2026-08-30T13:00:00Z,2,3,0,0,0,0,0.0,0.0,0.0,0.0,0.0,0.0,0.0,0.0,0.0,0.0,0.0,0.0,0.0,0.0,0.0
Howell,MID,BHA,132,5,3,3,45,0,0,0,0,0,0,0,0,0,0,0,0,0,0.0,0.0,23,1,1,2026-09-05T14:00:00Z,2,3,0,0,0,0,0.0,0.0,0.0,0.0,0.0,0.0,0.0,0.0,0.0,0.0,0.0,0.0,0.0,0.0,0.0
Watson,MID,BHA,133,5,3,1,50,0,0,0,0,0,0,0,0,0,0,0,0,0,0.0,0.0,7,4,0,2026-08-23T13:00:00Z,2,3,0,0,0,0,0.0,0.0,0.0,0.0,0.0,0.0,0.0,0.0,0.0,0.0,0.0,0.0,0.0,0.0,0.0
Watson,MID,BHA,133,5,3,2,50,0,0,0,0,0,0,0,0,0,0,0,0,0,0.0,0.0,16,4,3,2026-08-30T13:00:00Z,2,3,0,0,0,0,0.0,0.0,0.0,0.0,0.0,0.0,0.0,0.0,0.0,0.0,0.0,0.0,0.0,0.0,0.0
Watson,MID,BHA,133,5,3,3,50,0,0,0,0,0,0,0,0,0,0,0,0,0,0.0,0.0,23,1,1,2026-09-05T14:00:00Z,2,3,0,0,0,0,0.0,0.0,0.0,0.0,0.0,0.0,0.0,0.0,0.0,0.0,0.0,0.0,0.0,0.0,0.0
Oriola,MID,BHA,134,5,3,1,45,0,0,0,0,0,0,0,0,0,0,0,0,0,0.0,0.0,7,4,0,2026-08-23T13:00:00Z,2,3,0,0,0,0,0.0,0.0,0.0,0.0,0.0,0.0,0.0,0.0,0.0,0.0,0.0,0.0,0.0,0.0,0.0
Oriola,MID,BHA,134,5,3,2,45,0,0,0,0,0,0,0,0,0,0,0,0,0,0.0,0.0,16,4,3,2026-08-30T13:00:00Z,2,3,0,0,0,0,0.0,0.0,0.0,0.0,0.0,0.0,0.0,0.0,0.0,0.0,0.0,0.0,0.0,0.0,0.0
Oriola,MID,BHA,134,5,3,3,45,0,0,0,0,0,0,0,0,0,0,0,0,0,0.0,0.0,23,1,1,2026-09-05T14:00:00Z,2,3,0,0,0,0,0.0,0.0,0.0,0.0,0.0,0.0,0.0,0.0,0.0,0.0,0.0,0.0,0.0,0.0,0.0
Yohanna,MID,BHA,135,5,3,1,49,12,0,0,0,0,0,3,0,0,0,0,0,1,0.0,0.0,7,4,0,2026-08-23T13:00:00Z,2,3,0,0,0,0,0.0,0.0,0.0,0.0,0.0,0.0,0.0,0.0,0.0,0.0,0.0,0.0,0.0,0.0,0.0
Yohanna,MID,BHA,135,5,3,2,49,0,0,0,0,0,0,0,0,0,0,0,0,0,0.0,0.0,16,4,3,2026-08-30T13:00:00Z,2,3,0,0,0,0,1.0,12.0,0.0,0.0,0.0,3.0,0.0,0.0,0.0,0.0,0.0,0.0,0.0,0.0,1.0
Yohanna,MID,BHA,135,5,3,3,49,0,0,0,0,0,0,0,0,0,0,0,0,0,0.0,0.0,23,1,1,2026-09-05T14:00:00Z,2,3,0,0,0,0,0.5,6.0,0.0,0.0,0.0,1.5,0.0,0.0,0.0,0.0,0.0,0.0,0.0,0.0,0.5
Welbeck,FWD,CHE,136,6,4,1,59,0,0,0,0,0,0,0,0,0,0,0,0,0,0.0,0.0,10,2,3,2026-08-24T19:00:00Z,4,4,0,0,0,0,0.0,0.0,0.0,0.0,0.0,0.0,0.3333333333333333,4.0,0.0,0.5773502691896258,0.0,0.0,0.0,0.0,0.25
Welbeck,FWD,CHE,136,6,4,2,59,0,0,0,0,0,0,0,0,0,0,0,0,0,0.0,0.0,16,4,3,2026-08-30T13:00:00Z,4,4,0,0,0,0,0.0,0.0,0.0,0.0,0.0,0.0,0.0,0.0,0.0,0.0,0.0,0.0,0.0,0.0,0.0
Welbeck,FWD,CHE,136,6,4,3,59,3,0,0,0,0,0,3,0,0,0,0,0,1,0.0,0.0,29,2,1,2026-09-06T15:30:00Z,4,4,0,0,0,0,0.0,0.0,0.0,0.0,0.0,0.0,0.0,0.0,0.0,0.0,0.0,0.0,0.0,0.0,0.0
Tzimas,FWD,BHA,137,5,4,1,55,0,0,0,0,0,0,0,0,0,0,0,0,0,0.0,0.0,7,4,0,2026-08-23T13:00:00Z,2,3,0,0,0,0,0.0,0.0,0.0,0.0,0.0,0.0,0.3333333333333333,1.0,0.0,0.5773502691896258,0.0,0.0,0.0,0.0,0.5
Tzimas,FWD,BHA,137,5,4,2,55,0,0,0,0,0,0,0,0,0,0,0,0,0,0.0,0.0,16,4,3,2026-08-30T13:00:00Z,2,3,0,0,0,0,0.0,0.0,0.0,0.0,0.0,0.0,0.0,0.0,0.0,0.0,0.0,0.0,0.0,0.0,0.0
Tzimas,FWD,BHA,137,5,4,3,55,0,0,0,0,0,0,0,0,0,0,0,0,0,0.0,0.0,23,1,1,2026-09-05T14:00:00Z,2,3,0,0,0,0,0.0,0.0,0.0,0.0,0.0,0.0,0.0,0.0,0.0,0.0,0.0,0.0,0.0,0.0,0.0
Kostoulas,FWD,BHA,138,5,4,1,55,26,0,0,0,0,0,-1,0,0,0,0,0,1,0.0,0.0,7,4,0,2026-08-23T13:00:00Z,2,3,0,0,0,0,0.0,0.0,0.0,0.0,0.0,0.0,0.0,0.0,0.0,0.0,0.0,0.0,0.0,0.0,0.0
Kostoulas,FWD,BHA,138,5,4,2,55,79,0,1,0,4,0,17,0,0,0,0,0,5,0.0,0.0,16,4,3,2026-08-30T13:00:00Z,2,3,0,0,0,0,1.0,26.0,0.0,0.0,0.0,-1.0,0.0,0.0,0.0,0.0,0.0,0.0,0.0,0.0,1.0
Kostoulas,FWD,BHA,138,5,4,3,55,90,0,0,0,1,0,9,0,0,0,0,0,2,0.0,0.0,23,1,1,2026-09-05T14:00:00Z,2,3,0,0,0,0,3.0,52.5,0.0,0.5,0.0,8.0,0.0,0.0,0.0,0.0,0.0,0.0,0.0,0.0,3.0
Ferguson,FWD,BHA,139,5,4,1,50,0,0,0,0,0,0,0,0,0,0,0,0,0,0.0,0.0,7,4,0,2026-08-23T13:00:00Z,2,3,0,0,0,0,0.0,0.0,0.0,0.0,0.0,0.0,2.6666666666666665,65.0,0.0,2.0816659994661326,0.0,0.0,0.0,0.0,2.5
Ferguson,FWD,BHA,139,5,4,2,50,0,0,0,0,0,0,0,0,0,0,0,0,0,0.0,0.0,16,4,3,2026-08-30T13:00:00Z,2,3,0,0,0,0,0.0,0.0,0.0,0.0,0.0,0.0,0.0,0.0,0.0,0.0,0.0,0.0,0.0,0.0,0.0
Ferguson,FWD,BHA,139,5,4,3,50,0,0,0,0,0,0,0,0,0,0,0,0,0,0.0,0.0,23,1,1,2026-09-05T14:00:00Z,2,3,0,0,0,0,0.0,0.0,0.0,0.0,0.0,0.0,0.0,0.0,0.0,0.0,0.0,0.0,0.0,0.0,0.0
Sánchez,GKP,CHE,140,6,1,1,49,90,0,0,0,2,4,6,0,0,0,0,0,2,0.0,0.0,10,2,3,2026-08-24T19:00:00Z,4,4,0,0,0,0,0.0,0.0,0.0,0.0,0.0,0.0,0.0,0.0,0.0,0.0,0.0,0.0,0.0,0.0,0.0
Sánchez,GKP,CHE,140,6,1,2,49,0,0,0,0,0,0,0,0,0,0,0,0,0,0.0,0.0,16,4,3,2026-08-30T13:00:00Z,4,4,0,0,0,0,2.0,90.0,0.0,0.0,0.0,6.0,0.0,0.0,0.0,0.0,0.0,0.0,0.0,0.0,2.0
Sánchez,GKP,CHE,140,6,1,3,49,0,0,0,0,0,0,0,0,0,0,0,0,0,0.0,0.0,29,2,1,2026-09-06T15:30:00Z,4,4,0,0,0,0,1.0,45.0,0.0,0.0,0.0,3.0,0.0,0.0,0.0,0.0,0.0,0.0,0.0,0.0,1.0
Jörgensen,GKP,CHE,141,6,1,1,50,0,0,0,0,0,0,0,0,0,0,0,0,0,0.0,0.0,10,2,3,2026-08-24T19:00:00Z,4,4,0,0,0,0,0.0,0.0,0.0,0.0,0.0,0.0,0.6666666666666666,30.0,0.0,1.1547005383792517,0.0,0.0,0.0,0.0,0.5
Jörgensen,GKP,CHE,141,6,1,2,50,0,0,0,0,0,0,0,0,0,0,0,0,0,0.0,0.0,16,4,3,2026-08-30T13:00:00Z,4,4,0,0,0,0,0.0,0.0,0.0,0.0,0.0,0.0,0.0,0.0,0.0,0.0,0.0,0.0,0.0,0.0,0.0
Jörgensen,GKP,CHE,141,6,1,3,50,0,0,0,0,0,0,0,0,0,0,0,0,0,0.0,0.0,29,2,1,2026-09-06T15:30:00Z,4,4,0,0,0,0,0.0,0.0,0.0,0.0,0.0,0.0,0.0,0.0,0.0,0.0,0.0,0.0,0.0,0.0,0.0
James,DEF,CHE,142,6,2,1,54,90,0,0,0,2,0,5,0,1,0,0,0,0,0.0,0.0,10,2,3,2026-08-24T19:00:00Z,4,4,0,0,0,0,0.0,0.0,0.0,0.0,0.0,0.0,0.0,0.0,0.0,0.0,0.0,0.0,0.0,0.0,0.0
James,DEF,CHE,142,6,2,2,54,22,0,0,0,1,0,-1,0,0,0,0,0,1,0.0,0.0,16,4,3,2026-08-30T13:00:00Z,4,4,0,0,0,0,0.0,90.0,0.0,0.0,0.0,5.0,0.0,0.0,0.0,0.0,0.0,0.0,0.0,0.0,0.0
James,DEF,CHE,142,6,2,3,54,90,0,0,0,2,0,9,0,0,0,0,0,1,0.0,0.0,29,2,1,2026-09-06T15:30:00Z,4,4,0,0,0,0,0.5,56.0,0.0,0.0,0.0,2.0,0.0,0.0,0.0,0.0,0.0,0.0,0.0,0.0,0.5
Chalobah,DEF,CHE,143,6,2,1,55,0,0,0,0,0,0,0,0,0,0,0,0,0,0.0,0.0,10,2,3,2026-08-24T19:00:00Z,4,4,0,0,0,0,0.0,0.0,0.0,0.0,0.0,0.0,0.6666666666666666,67.33333333333333,0.0,0.5773502691896258,0.0,0.0,0.0,0.0,0.75
Chalobah,DEF,CHE,143,6,2,2,55,0,0,0,0,0,0,0,0,0,0,0,0,0,0.0,0.0,16,4,3,2026-08-30T13:00:00Z,4,4,0,0,0,0,0.0,0.0,0.0,0.0,0.0,0.0,0.0,0.0,0.0,0.0,0.0,0.0,0.0,0.0,0.0
Chalobah,DEF,CHE,143,6,2,3,55,0,0,0,0,0,0,0,0,0,0,0,0,0,0.0,0.0,29,2,1,2026-09-06T15:30:00Z,4,4,0,0,0,0,0.0,0.0,0.0,0.0,0.0,0.0,0.0,0.0,0.0,0.0,0.0,0.0,0.0,0.0,0.0
Gusto,DEF,CHE,144,6,2,1,50,75,0,0,0,2,0,2,0,0,0,0,0,1,0.0,0.0,10,2,3,2026-08-24T19:00:00Z,4,4,0,0,0,0,0.0,0.0,0.0,0.0,0.0,0.0,0.0,0.0,0.0,0.0,0.0,0.0,0.0,0.0,0.0
Gusto,DEF,CHE,144,6,2,2,50,90,0,0,0,3,0,-1,0,0,0,0,0,1,0.0,0.0,16,4,3,2026-08-30T13:00:00Z,4,4,0,0,0,0,1.0,75.0,0.0,0.0,0.0,2.0,0.0,0.0,0.0,0.0,0.0,0.0,0.0,0.0,1.0
Gusto,DEF,CHE,144,6,2,3,50,30,0,0,0,0,0,4,0,0,0,0,0,1,0.0,0.0,29,2,1,2026-09-06T15:30:00Z,4,4,0,0,0,0,1.0,82.5,0.0,0.0,0.0,0.5,0.0,0.0,0.0,0.0,0.0,0.0,0.0,0.0,1.0
Fofana,DEF,CHE,145,6,2,1,50,0,0,0,0,0,0,0,0,0,0,0,0,0,0.0,0.0,10,2,3,2026-08-24T19:00:00Z,4,4,0,0,0,0,0.0,0.0,0.0,0.0,0.0,0.0,1.0,65.0,0.0,0.0,0.0,0.0,0.0,0.0,1.0
Fofana,DEF,CHE,145,6,2,2,50,67,0,0,0,2,0,-2,0,1,0,0,0,0,0.0,0.0,16,4,3,2026-08-30T13:00:00Z,4,4,0,0,0,0,0.0,0.0,0.0,0.0,0.0,0.0,0.0,0.0,0.0,0.0,0.0,0.0,0.0,0.0,0.0
Fofana,DEF,CHE,145,6,2,3,50,90,0,0,0,2,0,16,0,0,0,0,0,3,0.0,0.0,29,2,1,2026-09-06T15:30:00Z,4,4,0,0,0,0,0.0,33.5,0.0,0.0,0.0,-1.0,0.0,0.0,0.0,0.0,0.0,0.0,0.0,0.0,0.0
B.Badiashile,DEF,CHE,146,6,2,1,45,0,0,0,0,0,0,0,0,0,0,0,0,0,0.0,0.0,10,2,3,2026-08-24T19:00:00Z,4,4,0,0,0,0,0.0,0.0,0.0,0.0,0.0,0.0,1.0,52.333333333333336,0.0,1.7320508075688772,0.0,0.0,0.0,0.0,1.5
B.Badiashile,DEF,CHE,146,6,2,2,45,0,0,0,0,0,0,0,0,0,0,0,0,0,0.0,0.0,16,4,3,2026-08-30T13:00:00Z,4,4,0,0,0,0,0.0,0.0,0.0,0.0,0.0,0.0,0.0,0.0,0.0,0.0,0.0,0.0,0.0,0.0,0.0
B.Badiashile,DEF,CHE,146,6,2,3,45,0,0,0,0,0,0,0,0,0,0,0,0,0,0.0,0.0,29,2,1,2026-09-06T15:30:00Z,4,4,0,0,0,0,0.0,0.0,0.0,0.0,0.0,0.0,0.0,0.0,0.0,0.0,0.0,0.0,0.0,0.0,0.0
Tosin,DEF,TOT,147,19,2,1,44,0,0,0,0,0,0,0,0,0,0,0,0,0,0.0,0.0,10,2,3,2026-08-24T19:00:00Z,3,3,0,0,0,0,0.0,0.0,0.0,0.0,0.0,0.0,0.0,0.0,0.0,0.0,0.0,0.0,0.0,0.0,0.0
Tosin,DEF,TOT,147,19,2,2,44,0,0,0,0,0,0,0,0,0,0,0,0,0,0.0,0.0,16,4,3,2026-08-30T13:00:00Z,3,3,0,0,0,0,0.0,0.0,0.0,0.0,0.0,0.0,0.0,0.0,0.0,0.0,0.0,0.0,0.0,0.0,0.0
Tosin,DEF,TOT,147,19,2,3,44,0,0,0,0,0,0,0,0,0,0,0,0,0,0.0,0.0,28,0,0,2026-09-05T14:00:00Z,3,3,0,0,0,0,0.0,0.0,0.0,0.0,0.0,0.0,0.0,0.0,0.0,0.0,0.0,0.0,0.0,0.0,0.0
Hato,DEF,CHE,148,6,2,1,45,64,0,0,0,2,0,5,0,0,0,0,0,1,0.0,0.0,10,2,3,2026-08-24T19:00:00Z,4,4,0,0,0,0,0.0,0.0,0.0,0.0,0.0,0.0,0.0,0.0,0.0,0.0,0.0,0.0,0.0,0.0,0.0
Hato,DEF,CHE,148,6,2,2,45,90,0,1,0,3,0,12,0,0,0,0,0,4,0.0,0.0,16,4,3,2026-08-30T13:00:00Z,4,4,0,0,0,0,1.0,64.0,0.0,0.0,0.0,5.0,0.0,0.0,0.0,0.0,0.0,0.0,0.0,0.0,1.0
Hato,DEF,CHE,148,6,2,3,45,59,0,1,0,2,0,5,0,0,0,0,0,3,0.0,0.0,29,2,1,2026-09-06T15:30:00Z,4,4,0,0,0,0,2.5,77.0,0.0,0.5,0.0,8.5,0.0,0.0,0.0,0.0,0.0,0.0,0.0,0.0,2.5
Colwill,DEF,CHE,149,6,2,1,49,90,0,0,0,2,0,6,0,1,0,0,0,0,0.0,0.0,10,2,3,2026-08-24T19:00:00Z,4,4,0,0,0,0,0.0,0.0,0.0,0.0,0.0,0.0,2.6666666666666665,71.0,0.0,1.5275252316519468,0.0,0.0,0.0,0.0,2.75
Colwill,DEF,CHE,149,6,2,2,49,71,0,0,0,2,0,2,0,0,0,0,0,1,0.0,0.0,16,4,3,2026-08-30T13:00:00Z,4,4,0,0,0,0,0.0,90.0,0.0,0.0,0.0,6.0,0.0,0.0,0.0,0.0,0.0,0.0,0.0,0.0,0.0
Colwill,DEF,CHE,149,6,2,3,49,0,0,0,0,0,0,0,0,0,0,0,0,0,0.0,0.0,29,2,1,2026-09-06T15:30:00Z,4,4,0,0,0,0,0.5,80.5,0.0,0.0,0.0,4.0,0.0,0.0,0.0,0.0,0.0,0.0,0.0,0.0,0.5
M.Sarr,DEF,CHE,150,6,2,1,45,0,0,0,0,0,0,0,0,0,0,0,0,0,0.0,0.0,10,2,3,2026-08-24T19:00:00Z,4,4,0,0,0,0,0.0,0.0,0.0,0.0,0.0,0.0,0.3333333333333333,53.666666666666664,0.0,0.5773502691896258,0.0,0.0,0.0,0.0,0.25
M.Sarr,DEF,CHE,150,6,2,2,45,0,0,0,0,0,0,0,0,0,0,0,0,0,0.0,0.0,16,4,3,2026-08-30T13:00:00Z,4,4,0,0,0,0,0.0,0.0,0.0,0.0,0.0,0.0,0.0,0.0,0.0,0.0,0.0,0.0,0.0,0.0,0.0
M.Sarr,DEF,CHE,150,6,2,3,45,0,0,0,0,0,0,0,0,0,0,0,0,0,0.0,0.0,29,2,1,2026-09-06T15:30:00Z,4,4,0,0,0,0,0.0,0.0,0.0,0.0,0.0,0.0,0.0,0.0,0.0,0.0,0.0,0.0,0.0,0.0,0.0
Acheampong,DEF,CHE,151,6,2,1,45,90,0,0,0,2,0,13,0,0,0,0,0,3,0.0,0.0,10,2,3,2026-08-24T19:00:00Z,4,4,0,0,0,0,0.0,0.0,0.0,0.0,0.0,0.0,0.0,0.0,0.0,0.0,0.0,0.0,0.0,0.0,0.0
Acheampong,DEF,CHE,151,6,2,2,45,22,0,0,0,1,0,-1,0,0,0,0,0,1,0.0,0.0,16,4,3,2026-08-30T13:00:00Z,4,4,0,0,0,0,3.0,90.0,0.0,0.0,0.0,13.0,0.0,0.0,0.0,0.0,0.0,0.0,0.0,0.0,3.0
Acheampong,DEF,CHE,151,6,2,3,45,90,0,0,0,2,0,-3,0,0,0,0,0,1,0.0,0.0,29,2,1,2026-09-06T15:30:00Z,4,4,0,0,0,0,2.0,56.0,0.0,0.0,0.0,6.0,0.0,0.0,0.0,0.0,0.0,0.0,0.0,0.0,2.0
Palestra,DEF,CHE,152,6,2,1,54,0,0,0,0,0,0,0,0,0,0,0,0,0,0.0,0.0,10,2,3,2026-08-24T19:00:00Z,4,4,0,0,0,0,0.0,0.0,0.0,0.0,0.0,0.0,1.6666666666666667,67.33333333333333,0.0,1.1547005383792517,0.0,0.0,0.0,0.0,1.5
Palestra,DEF,CHE,152,6,2,2,54,0,0,0,0,0,0,0,0,0,0,0,0,0,0.0,0.0,16,4,3,2026-08-30T13:00:00Z,4,4,0,0,0,0,0.0,0.0,0.0,0.0,0.0,0.0,0.0,0.0,0.0,0.0,0.0,0.0,0.0,0.0,0.0
Palestra,DEF,CHE,152,6,2,3,54,0,0,0,0,0,0,0,0,0,0,0,0,0,0.0,0.0,29,2,1,2026-09-06T15:30:00Z,4,4,0,0,0,0,0.0,0.0,0.0,0.0,0.0,0.0,0.0,0.0,0.0,0.0,0.0,0.0,0.0,0.0,0.0
Disasi,DEF,CRY,153,8,2,1,45,0,0,0,0,0,0,0,0,0,0,0,0,0,0.0,0.0,10,2,3,2026-08-24T19:00:00Z,3,3,0,0,0,0,0.0,0.0,0.0,0.0,0.0,0.0,0.0,0.0,0.0,0.0,0.0,0.0,0.0,0.0,0.0
Disasi,DEF,CRY,153,8,2,2,45,16,0,0,0,1,0,-2,0,0,0,0,0,1,0.0,0.0,11,1,4,2026-08-28T19:00:00Z,3,3,0,0,0,0,0.0,0.0,0.0,0.0,0.0,0.0,0.0,0.0,0.0,0.0,0.0,0.0,0.0,0.0,0.0
Disasi,DEF,CRY,153,8,2,3,45,90,0,0,0,2,0,14,0,0,0,0,0,3,0.0,0.0,24,2,3,2026-09-05T14:00:00Z,3,3,0,0,0,0,0.5,8.0,0.0,0.0,0.0,-1.0,0.0,0.0,0.0,0.0,0.0,0.0,0.0,0.0,0.5
Palmer,MID,CHE,154,6,3,1,97,82,1,1,0,2,0,60,3,0,0,0,0,13,0.0,0.0,10,2,3,2026-08-24T19:00:00Z,4,4,0,0,0,0,0.0,0.0,0.0,0.0,0.0,0.0,1.3333333333333333,35.333333333333336,0.0,1.5275252316519465,0.0,0.0,0.0,0.0,1.75
Palmer,MID,CHE,154,6,3,2,97,90,1,0,0,3,0,28,0,0,0,0,0,7,0.0,0.0,16,4,3,2026-08-30T13:00:00Z,4,4,0,0,0,0,13.0,82.0,1.0,1.0,0.0,60.0,0.0,0.0,0.0,0.0,0.0,0.0,0.0,0.0,13.0
Palmer,MID,CHE,154,6,3,3,97,90,0,0,0,2,0,11,0,1,0,0,0,1,0.0,0.0,29,2,1,2026-09-06T15:30:00Z,4,4,0,0,0,0,10.0,86.0,1.0,0.5,0.0,44.0,0.0,0.0,0.0,0.0,0.0,0.0,0.0,0.0,10.0
Enzo,MID,MCI,155,15,3,1,69,25,0,0,0,0,0,6,0,0,0,0,0,1,0.0,0.0,10,2,3,2026-08-24T19:00:00Z,4,5,0,0,0,0,0.0,0.0,0.0,0.0,0.0,0.0,7.0,87.33333333333333,2.0,6.0,0.0,0.0,0.0,0.0,5.5
Enzo,MID,MCI,155,15,3,2,69,0,0,0,0,0,0,0,0,0,0,0,0,0,0.0,0.0,16,4,3,2026-08-30T13:00:00Z,4,5,0,0,0,0,1.0,25.0,0.0,0.0,0.0,6.0,0.0,0.0,0.0,0.0,0.0,0.0,0.0,0.0,1.0
Enzo,MID,MCI,155,15,3,3,69,75,0,0,1,0,0,17,0,0,0,0,0,3,0.0,0.0,26,1,0,2026-09-05T14:00:00Z,4,5,0,0,0,0,0.5,12.5,0.0,0.0,0.0,3.0,0.0,0.0,0.0,0.0,0.0,0.0,0.0,0.0,0.5
Neto,MID,CHE,156,6,3,1,65,14,0,0,0,0,0,9,0,0,0,0,0,1,0.0,0.0,10,2,3,2026-08-24T19:00:00Z,4,4,0,0,0,0,0.0,0.0,0.0,0.0,0.0,0.0,1.3333333333333333,33.333333333333336,0.0,1.5275252316519465,0.0,0.0,0.0,0.0,1.75
Neto,MID,CHE,156,6,3,2,65,67,1,0,0,2,0,32,0,0,0,0,0,7,0.0,0.0,16,4,3,2026-08-30T13:00:00Z,4,4,0,0,0,0,1.0,14.0,0.0,0.0,0.0,9.0,0.0,0.0,0.0,0.0,0.0,0.0,0.0,0.0,1.0
Neto,MID,CHE,156,6,3,3,65,80,0,0,0,2,0,10,0,0,0,0,0,2,0.0,0.0,29,2,1,2026-09-06T15:30:00Z,4,4,0,0,0,0,4.0,40.5,0.5,0.0,0.0,20.5,0.0,0.0,0.0,0.0,0.0,0.0,0.0,0.0,4.0
Estêvão,MID,CHE,157,6,3,1,64,7,0,0,0,0,0,3,0,0,0,0,0,1,0.0,0.0,10,2,3,2026-08-24T19:00:00Z,4,4,0,0,0,0,0.0,0.0,0.0,0.0,0.0,0.0,3.3333333333333335,53.666666666666664,1.0,3.2145502536643185,0.0,0.0,0.0,0.0,3.0
Estêvão,MID,CHE,157,6,3,2,64,0,0,0,0,0,0,0,0,0,0,0,0,0,0.0,0.0,16,4,3,2026-08-30T13:00:00Z,4,4,0,0,0,0,1.0,7.0,0.0,0.0,0.0,3.0,0.0,0.0,0.0,0.0,0.0,0.0,0.0,0.0,1.0
Estêvão,MID,CHE,157,6,3,3,64,9,0,0,0,0,0,5,0,0,0,0,0,1,0.0,0.0,29,2,1,2026-09-06T15:30:00Z,4,4,0,0,0,0,0.5,3.5,0.0,0.0,0.0,1.5,0.0,0.0,0.0,0.0,0.0,0.0,0.0,0.0,0.5
Gittens,MID,CHE,158,6,3,1,59,0,0,0,0,0,0,0,0,0,0,0,0,0,0.0,0.0,10,2,3,2026-08-24T19:00:00Z,4,4,0,0,0,0,0.0,0.0,0.0,0.0,0.0,0.0,0.6666666666666666,5.333333333333333,0.0,0.5773502691896258,0.0,0.0,0.0,0.0,0.75
Gittens,MID,CHE,158,6,3,2,59,0,0,0,0,0,0,0,0,0,0,0,0,0,0.0,0.0,16,4,3,2026-08-30T13:00:00Z,4,4,0,0,0,0,0.0,0.0,0.0,0.0,0.0,0.0,0.0,0.0,0.0,0.0,0.0,0.0,0.0,0.0,0.0
Gittens,MID,CHE,158,6,3,3,59,0,0,0,0,0,0,0,0,0,0,0,0,0,0.0,0.0,29,2,1,2026-09-06T15:30:00Z,4,4,0,0,0,0,0.0,0.0,0.0,0.0,0.0,0.0,0.0,0.0,0.0,0.0,0.0,0.0,0.0,0.0,0.0
Caicedo,MID,CHE,159,6,3,1,54,0,0,0,0,0,0,0,0,0,0,0,0,0,0.0,0.0,10,2,3,2026-08-24T19:00:00Z,4,4,0,0,0,0,0.0,0.0,0.0,0.0,0.0,0.0,0.0,0.0,0.0,0.0,0.0,0.0,0.0,0.0,0.0
Caicedo,MID,CHE,159,6,3,2,54,13,0,0,0,0,0,3,0,0,0,0,0,1,0.0,0.0,16,4,3,2026-08-30T13:00:00Z,4,4,0,0,0,0,0.0,0.0,0.0,0.0,0.0,0.0,0.0,0.0,0.0,0.0,0.0,0.0,0.0,0.0,0.0
Caicedo,MID,CHE,159,6,3,3,54,0,0,0,0,0,0,0,0,0,0,0,0,0,0.0,0.0,29,2,1,2026-09-06T15:30:00Z,4,4,0,0,0,0,0.5,6.5,0.0,0.0,0.0,1.5,0.0,0.0,0.0,0.0,0.0,0.0,0.0,0.0,0.5
Garnacho,MID,AVL,160,2,3,1,59,4,0,0,0,0,0,2,0,0,0,0,0,1,0.0,0.0,7,4,0,2026-08-23T13:00:00Z,3,4,0,0,0,0,0.0,0.0,0.0,0.0,0.0,0.0,0.3333333333333333,4.333333333333333,0.0,0.5773502691896258,0.0,0.0,0.0,0.0,0.25
Garnacho,MID,AVL,160,2,3,2,59,12,0,0,0,0,0,3,0,0,0,0,0,1,0.0,0.0,20,0,1,2026-08-31T19:00:00Z,3,4,0,0,0,0,1.0,4.0,0.0,0.0,0.0,2.0,0.0,0.0,0.0,0.0,0.0,0.0,0.0,0.0,1.0
Garnacho,MID,AVL,160,2,3,3,59,15,0,0,0,0,0,4,0,0,0,0,0,1,0.0,0.0,25,0,0,2026-09-05T16:30:00Z,3,4,0,0,0,0,1.0,8.0,0.0,0.0,0.0,2.5,0.0,0.0,0.0,0.0,0.0,0.0,0.0,0.0,1.0
Lavia,MID,CHE,161,6,3,1,50,64,0,0,0,2,0,8,0,1,0,0,0,1,0.0,0.0,10,2,3,2026-08-24T19:00:00Z,4,4,0,0,0,0,0.0,0.0,0.0,0.0,0.0,0.0,1.0,10.333333333333334,0.0,0.0,0.0,0.0,0.0,0.0,1.0
Lavia,MID,CHE,161,6,3,2,50,67,1,0,0,2,0,32,0,0,0,0,0,7,0.0,0.0,16,4,3,2026-08-30T13:00:00Z,4,4,0,0,0,0,1.0,64.0,0.0,0.0,0.0,8.0,0.0,0.0,0.0,0.0,0.0,0.0,0.0,0.0,1.0
Lavia,MID,CHE,161,6,3,3,50,59,0,0,0,2,0,7,0,0,0,0,0,1,0.0,0.0,29,2,1,2026-09-06T15:30:00Z,4,4,0,0,0,0,4.0,65.5,0.5,0.0,0.0,20.0,0.0,0.0,0.0,0.0,0.0,0.0,0.0,0.0,4.0
Andrey Santos,MID,MUN,162,16,3,1,49,66,0,0,0,2,0,17,0,0,0,0,0,2,0.0,0.0,4,2,0,2026-08-22T11:30:00Z,4,4,0,0,0,0,0.0,0.0,0.0,0.0,0.0,0.0,3.0,63.333333333333336,1.0,3.4641016151377544,0.0,0.0,0.0,0.0,2.5
Andrey Santos,MID,MUN,162,16,3,2,49,10,0,0,0,1,0,2,0,0,0,0,0,1,0.0,0.0,18,5,2,2026-08-30T15:30:00Z,4,4,0,0,0,0,2.0,66.0,0.0,0.0,0.0,17.0,0.0,0.0,0.0,0.0,0.0,0.0,0.0,0.0,2.0
Andrey Santos,MID,MUN,162,16,3,3,49,6,0,0,0,1,0,4,0,0,0,0,0,1,0.0,0.0,30,2,2,2026-09-06T13:00:00Z,4,4,0,0,0,0,1.5,38.0,0.0,0.0,0.0,9.5,0.0,0.0,0.0,0.0,0.0,0.0,0.0,0.0,1.5
D.Essugo,MID,CHE,163,6,3,1,45,0,0,0,0,0,0,0,0,0,0,0,0,0,0.0,0.0,10,2,3,2026-08-24T19:00:00Z,4,4,0,0,0,0,0.0,0.0,0.0,0.0,0.0,0.0,1.3333333333333333,27.333333333333332,0.0,0.5773502691896257,0.0,0.0,0.0,0.0,1.25
D.Essugo,MID,CHE,163,6,3,2,45,0,0,0,0,0,0,0,0,0,0,0,0,0,0.0,0.0,16,4,3,2026-08-30T13:00:00Z,4,4,0,0,0,0,0.0,0.0,0.0,0.0,0.0,0.0,0.0,0.0,0.0,0.0,0.0,0.0,0.0,0.0,0.0
D.Essugo,MID,CHE,163,6,3,3,45,0,0,0,0,0,0,0,0,0,0,0,0,0,0.0,0.0,29,2,1,2026-09-06T15:30:00Z,4,4,0,0,0,0,0.0,0.0,0.0,0.0,0.0,0.0,0.0,0.0,0.0,0.0,0.0,0.0,0.0,0.0,0.0
Quenda,MID,CHE,164,6,3,1,54,8,0,0,0,0,0,2,0,0,0,0,0,1,0.0,0.0,10,2,3,2026-08-24T19:00:00Z,4,4,0,0,0,0,0.0,0.0,0.0,0.0,0.0,0.0,0.0,0.0,0.0,0.0,0.0,0.0,0.0,0.0,0.0
Quenda,MID,CHE,164,6,3,2,54,0,0,0,0,0,0,0,0,0,0,0,0,0,0.0,0.0,16,4,3,2026-08-30T13:00:00Z,4,4,0,0,0,0,1.0,8.0,0.0,0.0,0.0,2.0,0.0,0.0,0.0,0.0,0.0,0.0,0.0,0.0,1.0
Quenda,MID,CHE,164,6,3,3,54,0,0,0,0,0,0,0,0,0,0,0,0,0,0.0,0.0,29,2,1,2026-09-06T15:30:00Z,4,4,0,0,0,0,0.5,4.0,0.0,0.0,0.0,1.0,0.0,0.0,0.0,0.0,0.0,0.0,0.0,0.0,0.5
João Pedro,FWD,CHE,165,6,4,1,77,90,1,1,0,2,0,45,2,0,0,0,0,11,0.0,0.0,10,2,3,2026-08-24T19:00:00Z,4,4,0,0,0,0,0.0,0.0,0.0,0.0,0.0,0.0,0.3333333333333333,2.6666666666666665,0.0,0.5773502691896258,0.0,0.0,0.0,0.0,0.25
João Pedro,FWD,CHE,165,6,4,2,77,90,1,1,0,3,0,44,2,0,0,0,0,9,0.0,0.0,16,4,3,2026-08-30T13:00:00Z,4,4,0,0,0,0,11.0,90.0,1.0,1.0,0.0,45.0,0.0,0.0,0.0,0.0,0.0,0.0,0.0,0.0,11.0
João Pedro,FWD,CHE,165,6,4,3,77,90,0,0,0,2,0,8,0,1,0,0,0,1,0.0,0.0,29,2,1,2026-09-06T15:30:00Z,4,4,0,0,0,0,10.0,90.0,1.0,1.0,0.0,44.5,0.0,0.0,0.0,0.0,0.0,0.0,0.0,0.0,10.0
N.Jackson,FWD,AVL,166,2,4,1,65,0,0,0,0,0,0,0,0,0,0,0,0,0,0.0,0.0,10,2,3,2026-08-24T19:00:00Z,3,4,0,0,0,0,0.0,0.0,0.0,0.0,0.0,0.0,7.0,90.0,2.0,5.291502622129181,0.0,0.0,0.0,0.0,5.5
N.Jackson,FWD,AVL,166,2,4,2,65,70,0,0,0,1,0,11,0,0,0,0,0,2,0.0,0.0,20,0,1,2026-08-31T19:00:00Z,3,4,0,0,0,0,0.0,0.0,0.0,0.0,0.0,0.0,0.0,0.0,0.0,0.0,0.0,0.0,0.0,0.0,0.0
N.Jackson,FWD,AVL,166,2,4,3,65,84,0,0,1,0,0,10,0,0,0,0,0,2,0.0,0.0,25,0,0,2026-09-05T16:30:00Z,3,4,0,0,0,0,1.0,35.0,0.0,0.0,0.0,5.5,0.0,0.0,0.0,0.0,0.0,0.0,0.0,0.0,1.0
Delap,FWD,NFO,167,18,4,1,55,0,0,0,0,0,0,0,0,0,0,0,0,0,0.0,0.0,10,2,3,2026-08-24T19:00:00Z,3,3,0,0,0,0,0.0,0.0,0.0,0.0,0.0,0.0,1.3333333333333333,51.333333333333336,0.0,1.1547005383792517,0.0,0.0,0.0,0.0,1.5
Delap,FWD,NFO,167,18,4,2,55,24,0,0,0,1,0,9,0,0,0,0,0,1,0.0,0.0,14,2,2,2026-08-29T11:30:00Z,3,3,0,0,0,0,0.0,0.0,0.0,0.0,0.0,0.0,0.0,0.0,0.0,0.0,0.0,0.0,0.0,0.0,0.0
Delap,FWD,NFO,167,18,4,3,55,73,0,0,1,0,0,6,0,0,0,0,0,2,0.0,0.0,28,0,0,2026-09-05T14:00:00Z,3,3,0,0,0,0,0.5,12.0,0.0,0.0,0.0,4.5,0.0,0.0,0.0,0.0,0.0,0.0,0.0,0.0,0.5
Marc Guiu,FWD,CHE,168,6,4,1,50,0,0,0,0,0,0,0,0,0,0,0,0,0,0.0,0.0,10,2,3,2026-08-24T19:00:00Z,4,4,0,0,0,0,0.0,0.0,0.0,0.0,0.0,0.0,1.0,32.333333333333336,0.0,1.0,0.0,0.0,0.0,0.0,1.25
Marc Guiu,FWD,CHE,168,6,4,2,50,0,0,0,0,0,0,0,0,0,0,0,0,0,0.0,0.0,16,4,3,2026-08-30T13:00:00Z,4,4,0,0,0,0,0.0,0.0,0.0,0.0,0.0,0.0,0.0,0.0,0.0,0.0,0.0,0.0,0.0,0.0,0.0
Marc Guiu,FWD,CHE,168,6,4,3,50,0,0,0,0,0,0,0,0,0,0,0,0,0,0.0,0.0,29,2,1,2026-09-06T15:30:00Z,4,4,0,0,0,0,0.0,0.0,0.0,0.0,0.0,0.0,0.0,0.0,0.0,0.0,0.0,0.0,0.0,0.0,0.0
Mheuka,FWD,CHE,169,6,4,1,45,0,0,0,0,0,0,0,0,0,0,0,0,0,0.0,0.0,10,2,3,2026-08-24T19:00:00Z,4,4,0,0,0,0,0.0,0.0,0.0,0.0,0.0,0.0,0.0,0.0,0.0,0.0,0.0,0.0,0.0,0.0,0.0
Mheuka,FWD,CHE,169,6,4,2,45,0,0,0,0,0,0,0,0,0,0,0,0,0,0.0,0.0,16,4,3,2026-08-30T13:00:00Z,4,4,0,0,0,0,0.0,0.0,0.0,0.0,0.0,0.0,0.0,0.0,0.0,0.0,0.0,0.0,0.0,0.0,0.0
Mheuka,FWD,CHE,169,6,4,3,45,0,0,0,0,0,0,0,0,0,0,0,0,0,0.0,0.0,29,2,1,2026-09-06T15:30:00Z,4,4,0,0,0,0,0.0,0.0,0.0,0.0,0.0,0.0,0.0,0.0,0.0,0.0,0.0,0.0,0.0,0.0,0.0
Emegha,FWD,CHE,170,6,4,1,50,0,0,0,0,0,0,0,0,0,0,0,0,0,0.0,0.0,10,2,3,2026-08-24T19:00:00Z,4,4,0,0,0,0,0.0,0.0,0.0,0.0,0.0,0.0,0.0,0.0,0.0,0.0,0.0,0.0,0.0,0.0,0.0
Emegha,FWD,CHE,170,6,4,2,50,0,0,0,0,0,0,0,0,0,0,0,0,0,0.0,0.0,16,4,3,2026-08-30T13:00:00Z,4,4,0,0,0,0,0.0,0.0,0.0,0.0,0.0,0.0,0.0,0.0,0.0,0.0,0.0,0.0,0.0,0.0,0.0
Emegha,FWD,CHE,170,6,4,3,50,0,0,0,0,0,0,0,0,0,0,0,0,0,0.0,0.0,29,2,1,2026-09-06T15:30:00Z,4,4,0,0,0,0,0.0,0.0,0.0,0.0,0.0,0.0,0.0,0.0,0.0,0.0,0.0,0.0,0.0,0.0,0.0
Dovin,GKP,COV,171,7,1,1,40,0,0,0,0,0,0,0,0,0,0,0,0,0,0.0,0.0,1,3,0,2026-08-21T19:00:00Z,2,2,0,0,0,0,0.0,0.0,0.0,0.0,0.0,0.0,0.0,0.0,0.0,0.0,0.0,0.0,0.0,0.0,0.0
Dovin,GKP,COV,171,7,1,2,40,0,0,0,0,0,0,0,0,0,0,0,0,0,0.0,0.0,13,0,1,2026-08-29T14:00:00Z,2,2,0,0,0,0,0.0,0.0,0.0,0.0,0.0,0.0,0.0,0.0,0.0,0.0,0.0,0.0,0.0,0.0,0.0
Dovin,GKP,COV,171,7,1,3,40,0,0,0,0,0,0,0,0,0,0,0,0,0,0.0,0.0,26,1,0,2026-09-05T14:00:00Z,2,2,0,0,0,0,0.0,0.0,0.0,0.0,0.0,0.0,0.0,0.0,0.0,0.0,0.0,0.0,0.0,0.0,0.0
Wilson,GKP,COV,172,7,1,1,45,0,0,0,0,0,0,0,0,0,0,0,0,0,0.0,0.0,1,3,0,2026-08-21T19:00:00Z,2,2,0,0,0,0,0.0,0.0,0.0,0.0,0.0,0.0,0.0,0.0,0.0,0.0,0.0,0.0,0.0,0.0,0.0
Wilson,GKP,COV,172,7,1,2,45,0,0,0,0,0,0,0,0,0,0,0,0,0,0.0,0.0,13,0,1,2026-08-29T14:00:00Z,2,2,0,0,0,0,0.0,0.0,0.0,0.0,0.0,0.0,0.0,0.0,0.0,0.0,0.0,0.0,0.0,0.0,0.0
Wilson,GKP,COV,172,7,1,3,45,0,0,0,0,0,0,0,0,0,0,0,0,0,0.0,0.0,26,1,0,2026-09-05T14:00:00Z,2,2,0,0,0,0,0.0,0.0,0.0,0.0,0.0,0.0,0.0,0.0,0.0,0.0,0.0,0.0,0.0,0.0,0.0
Thomas,DEF,COV,173,7,2,1,40,90,0,0,0,3,0,11,0,0,0,0,0,3,0.0,0.0,1,3,0,2026-08-21T19:00:00Z,2,2,0,0,0,0,0.0,0.0,0.0,0.0,0.0,0.0,0.0,0.0,0.0,0.0,0.0,0.0,0.0,0.0,0.0
Thomas,DEF,COV,173,7,2,2,40,77,0,0,1,0,0,28,2,0,0,0,0,8,0.0,0.0,13,0,1,2026-08-29T14:00:00Z,2,2,0,0,0,0,3.0,90.0,0.0,0.0,0.0,11.0,0.0,0.0,0.0,0.0,0.0,0.0,0.0,0.0,3.0
Thomas,DEF,COV,173,7,2,3,40,90,0,0,0,1,0,19,0,0,0,0,0,4,0.0,0.0,26,1,0,2026-09-05T14:00:00Z,2,2,0,0,0,0,5.5,83.5,0.0,0.0,0.5,19.5,0.0,0.0,0.0,0.0,0.0,0.0,0.0,0.0,5.5
Kitching,DEF,COV,174,7,2,1,40,0,0,0,0,0,0,0,0,0,0,0,0,0,0.0,0.0,1,3,0,2026-08-21T19:00:00Z,2,2,0,0,0,0,0.0,0.0,0.0,0.0,0.0,0.0,5.0,85.66666666666667,0.0,2.6457513110645907,0.0,0.0,0.0,0.0,4.75
Kitching,DEF,COV,174,7,2,2,40,0,0,0,0,0,0,0,0,0,0,0,0,0,0.0,0.0,13,0,1,2026-08-29T14:00:00Z,2,2,0,0,0,0,0.0,0.0,0.0,0.0,0.0,0.0,0.0,0.0,0.0,0.0,0.0,0.0,0.0,0.0,0.0
Kitching,DEF,COV,174,7,2,3,40,0,0,0,0,0,0,0,0,0,0,0,0,0,0.0,0.0,26,1,0,2026-09-05T14:00:00Z,2,2,0,0,0,0,0.0,0.0,0.0,0.0,0.0,0.0,0.0,0.0,0.0,0.0,0.0,0.0,0.0,0.0,0.0
van Ewijk,DEF,COV,175,7,2,1,40,90,0,0,0,3,0,-8,0,0,0,0,0,1,0.0,0.0,1,3,0,2026-08-21T19:00:00Z,2,2,0,0,0,0,0.0,0.0,0.0,0.0,0.0,0.0,0.0,0.0,0.0,0.0,0.0,0.0,0.0,0.0,0.0
van Ewijk,DEF,COV,175,7,2,2,40,90,0,0,0,1,0,15,0,0,0,0,0,2,0.0,0.0,13,0,1,2026-08-29T14:00:00Z,2,2,0,0,0,0,1.0,90.0,0.0,0.0,0.0,-8.0,0.0,0.0,0.0,0.0,0.0,0.0,0.0,0.0,1.0
van Ewijk,DEF,COV,175,7,2,3,40,90,0,0,0,1,0,5,0,1,0,0,0,3,0.0,0.0,26,1,0,2026-09-05T14:00:00Z,2,2,0,0,0,0,1.5,90.0,0.0,0.0,0.0,3.5,0.0,0.0,0.0,0.0,0.0,0.0,0.0,0.0,1.5
Dasilva,DEF,COV,176,7,2,1,40,90,0,0,0,3,0,-4,0,0,0,0,0,1,0.0,0.0,1,3,0,2026-08-21T19:00:00Z,2,2,0,0,0,0,0.0,0.0,0.0,0.0,0.0,0.0,2.0,90.0,0.0,1.0,0.0,0.0,0.0,0.0,2.25
Dasilva,DEF,COV,176,7,2,2,40,90,0,0,0,1,0,15,0,0,0,0,0,2,0.0,0.0,13,0,1,2026-08-29T14:00:00Z,2,2,0,0,0,0,1.0,90.0,0.0,0.0,0.0,-4.0,0.0,0.0,0.0,0.0,0.0,0.0,0.0,0.0,1.0
Dasilva,DEF,COV,176,7,2,3,40,84,0,0,0,1,0,10,0,0,0,0,0,2,0.0,0.0,26,1,0,2026-09-05T14:00:00Z,2,2,0,0,0,0,1.5,90.0,0.0,0.0,0.0,5.5,0.0,0.0,0.0,0.0,0.0,0.0,0.0,0.0,1.5
Kesler-Hayden,DEF,COV,177,7,2,1,40,0,0,0,0,0,0,0,0,0,0,0,0,0,0.0,0.0,1,3,0,2026-08-21T19:00:00Z,2,2,0,0,0,0,0.0,0.0,0.0,0.0,0.0,0.0,1.6666666666666667,88.0,0.0,0.5773502691896257,0.0,0.0,0.0,0.0,1.75
Kesler-Hayden,DEF,COV,177,7,2,2,40,0,0,0,0,0,0,0,0,0,0,0,0,0,0.0,0.0,13,0,1,2026-08-29T14:00:00Z,2,2,0,0,0,0,0.0,0.0,0.0,0.0,0.0,0.0,0.0,0.0,0.0,0.0,0.0,0.0,0.0,0.0,0.0
Kesler-Hayden,DEF,COV,177,7,2,3,40,0,0,0,0,0,0,0,0,0,0,0,0,0,0.0,0.0,26,1,0,2026-09-05T14:00:00Z,2,2,0,0,0,0,0.0,0.0,0.0,0.0,0.0,0.0,0.0,0.0,0.0,0.0,0.0,0.0,0.0,0.0,0.0
Bidwell,DEF,COV,178,7,2,1,40,0,0,0,0,0,0,0,0,0,0,0,0,0,0.0,0.0,1,3,0,2026-08-21T19:00:00Z,2,2,0,0,0,0,0.0,0.0,0.0,0.0,0.0,0.0,0.0,0.0,0.0,0.0,0.0,0.0,0.0,0.0,0.0
Bidwell,DEF,COV,178,7,2,2,40,0,0,0,0,0,0,0,0,0,0,0,0,0,0.0,0.0,13,0,1,2026-08-29T14:00:00Z,2,2,0,0,0,0,0.0,0.0,0.0,0.0,0.0,0.0,0.0,0.0,0.0,0.0,0.0,0.0,0.0,0.0,0.0
Bidwell,DEF,COV,178,7,2,3,40,0,0,0,0,0,0,0,0,0,0,0,0,0,0.0,0.0,26,1,0,2026-09-05T14:00:00Z,2,2,0,0,0,0,0.0,0.0,0.0,0.0,0.0,0.0,0.0,0.0,0.0,0.0,0.0,0.0,0.0,0.0,0.0
Latibeaudiere,DEF,COV,179,7,2,1,40,0,0,0,0,0,0,0,0,0,0,0,0,0,0.0,0.0,1,3,0,2026-08-21T19:00:00Z,2,2,0,0,0,0,0.0,0.0,0.0,0.0,0.0,0.0,0.0,0.0,0.0,0.0,0.0,0.0,0.0,0.0,0.0
Latibeaudiere,DEF,COV,179,7,2,2,40,0,0,0,0,0,0,0,0,0,0,0,0,0,0.0,0.0,13,0,1,2026-08-29T14:00:00Z,2,2,0,0,0,0,0.0,0.0,0.0,0.0,0.0,0.0,0.0,0.0,0.0,0.0,0.0,0.0,0.0,0.0,0.0
Latibeaudiere,DEF,COV,179,7,2,3,40,0,0,0,0,0,0,0,0,0,0,0,0,0,0.0,0.0,26,1,0,2026-09-05T14:00:00Z,2,2,0,0,0,0,0.0,0.0,0.0,0.0,0.0,0.0,0.0,0.0,0.0,0.0,0.0,0.0,0.0,0.0,0.0
Woolfenden,DEF,COV,180,7,2,1,40,0,0,0,0,0,0,0,0,0,0,0,0,0,0.0,0.0,1,3,0,2026-08-21T19:00:00Z,2,2,0,0,0,0,0.0,0.0,0.0,0.0,0.0,0.0,0.0,0.0,0.0,0.0,0.0,0.0,0.0,0.0,0.0
Woolfenden,DEF,COV,180,7,2,2,40,0,0,0,0,0,0,0,0,0,0,0,0,0,0.0,0.0,13,0,1,2026-08-29T14:00:00Z,2,2,0,0,0,0,0.0,0.0,0.0,0.0,0.0,0.0,0.0,0.0,0.0,0.0,0.0,0.0,0.0,0.0,0.0
Woolfenden,DEF,COV,180,7,2,3,40,0,0,0,0,0,0,0,0,0,0,0,0,0,0.0,0.0,26,1,0,2026-09-05T14:00:00Z,2,2,0,0,0,0,0.0,0.0,0.0,0.0,0.0,0.0,0.0,0.0,0.0,0.0,0.0,0.0,0.0,0.0,0.0
Brau,DEF,COV,181,7,2,1,40,0,0,0,0,0,0,0,0,0,0,0,0,0,0.0,0.0,1,3,0,2026-08-21T19:00:00Z,2,2,0,0,0,0,0.0,0.0,0.0,0.0,0.0,0.0,0.0,0.0,0.0,0.0,0.0,0.0,0.0,0.0,0.0
Brau,DEF,COV,181,7,2,2,40,0,0,0,0,0,0,0,0,0,0,0,0,0,0.0,0.0,13,0,1,2026-08-29T14:00:00Z,2,2,0,0,0,0,0.0,0.0,0.0,0.0,0.0,0.0,0.0,0.0,0.0,0.0,0.0,0.0,0.0,0.0,0.0
Brau,DEF,COV,181,7,2,3,40,0,0,0,0,0,0,0,0,0,0,0,0,0,0.0,0.0,26,1,0,2026-09-05T14:00:00Z,2,2,0,0,0,0,0.0,0.0,0.0,0.0,0.0,0.0,0.0,0.0,0.0,0.0,0.0,0.0,0.0,0.0,0.0
Amenda,DEF,COV,182,7,2,1,40,90,0,0,0,3,0,1,0,0,0,0,0,1,0.0,0.0,1,3,0,2026-08-21T19:00:00Z,2,2,0,0,0,0,0.0,0.0,0.0,0.0,0.0,0.0,0.0,0.0,0.0,0.0,0.0,0.0,0.0,0.0,0.0
Amenda,DEF,COV,182,7,2,2,40,90,0,0,0,1,0,4,0,1,0,0,0,1,0.0,0.0,13,0,1,2026-08-29T14:00:00Z,2,2,0,0,0,0,1.0,90.0,0.0,0.0,0.0,1.0,0.0,0.0,0.0,0.0,0.0,0.0,0.0,0.0,1.0
Amenda,DEF,COV,182,7,2,3,40,90,0,0,0,1,0,4,0,0,0,0,0,2,0.0,0.0,26,1,0,2026-09-05T14:00:00Z,2,2,0,0,0,0,1.0,90.0,0.0,0.0,0.0,2.5,0.0,0.0,0.0,0.0,0.0,0.0,0.0,0.0,1.0
Rudoni,MID,COV,183,7,3,1,50,20,0,0,0,0,0,3,0,0,0,0,0,1,0.0,0.0,1,3,0,2026-08-21T19:00:00Z,2,2,0,0,0,0,0.0,0.0,0.0,0.0,0.0,0.0,1.3333333333333333,90.0,0.0,0.5773502691896258,0.0,0.0,0.0,0.0,1.5
Rudoni,MID,COV,183,7,3,2,50,70,0,0,1,0,0,12,0,0,0,0,0,3,0.0,0.0,13,0,1,2026-08-29T14:00:00Z,2,2,0,0,0,0,1.0,20.0,0.0,0.0,0.0,3.0,0.0,0.0,0.0,0.0,0.0,0.0,0.0,0.0,1.0
Rudoni,MID,COV,183,7,3,3,50,62,0,0,0,1,0,9,0,0,0,0,0,2,0.0,0.0,26,1,0,2026-09-05T14:00:00Z,2,2,0,0,0,0,2.0,45.0,0.0,0.0,0.5,7.5,0.0,0.0,0.0,0.0,0.0,0.0,0.0,0.0,2.0
Grimes,MID,COV,184,7,3,1,50,90,0,0,0,3,0,14,0,0,0,0,0,2,0.0,0.0,1,3,0,2026-08-21T19:00:00Z,2,2,0,0,0,0,0.0,0.0,0.0,0.0,0.0,0.0,2.0,50.666666666666664,0.0,1.0,0.0,0.0,0.0,0.0,2.0
Grimes,MID,COV,184,7,3,2,50,90,0,0,0,1,0,14,0,0,0,0,0,2,0.0,0.0,13,0,1,2026-08-29T14:00:00Z,2,2,0,0,0,0,2.0,90.0,0.0,0.0,0.0,14.0,0.0,0.0,0.0,0.0,0.0,0.0,0.0,0.0,2.0
Grimes,MID,COV,184,7,3,3,50,90,0,0,0,1,0,8,0,0,0,0,0,2,0.0,0.0,26,1,0,2026-09-05T14:00:00Z,2,2,0,0,0,0,2.0,90.0,0.0,0.0,0.0,14.0,0.0,0.0,0.0,0.0,0.0,0.0,0.0,0.0,2.0
Sakamoto,MID,COV,185,7,3,1,49,0,0,0,0,0,0,0,0,0,0,0,0,0,0.0,0.0,1,3,0,2026-08-21T19:00:00Z,2,2,0,0,0,0,0.0,0.0,0.0,0.0,0.0,0.0,2.0,90.0,0.0,0.0,0.0,0.0,0.0,0.0,2.0
Sakamoto,MID,COV,185,7,3,2,49,31,0,0,0,1,0,8,0,0,0,0,0,1,0.0,0.0,13,0,1,2026-08-29T14:00:00Z,2,2,0,0,0,0,0.0,0.0,0.0,0.0,0.0,0.0,0.0,0.0,0.0,0.0,0.0,0.0,0.0,0.0,0.0
Sakamoto,MID,COV,185,7,3,3,49,0,0,0,0,0,0,0,0,0,0,0,0,0,0.0,0.0,26,1,0,2026-09-05T14:00:00Z,2,2,0,0,0,0,0.5,15.5,0.0,0.0,0.0,4.0,0.0,0.0,0.0,0.0,0.0,0.0,0.0,0.0,0.5
Mason-Clark,MID,COV,186,7,3,1,54,0,0,0,0,0,0,0,0,0,0,0,0,0,0.0,0.0,1,3,0,2026-08-21T19:00:00Z,2,2,0,0,0,0,0.0,0.0,0.0,0.0,0.0,0.0,0.3333333333333333,10.333333333333334,0.0,0.5773502691896258,0.0,0.0,0.0,0.0,0.25
Mason-Clark,MID,COV,186,7,3,2,54,57,0,0,0,0,0,4,0,0,0,0,0,1,0.0,0.0,13,0,1,2026-08-29T14:00:00Z,2,2,0,0,0,0,0.0,0.0,0.0,0.0,0.0,0.0,0.0,0.0,0.0,0.0,0.0,0.0,0.0,0.0,0.0
Mason-Clark,MID,COV,186,7,3,3,54,70,0,0,0,1,0,4,0,0,0,0,0,2,0.0,0.0,26,1,0,2026-09-05T14:00:00Z,2,2,0,0,0,0,0.5,28.5,0.0,0.0,0.0,2.0,0.0,0.0,0.0,0.0,0.0,0.0,0.0,0.0,0.5
Eccles,MID,COV,187,7,3,1,49,0,0,0,0,0,0,0,0,0,0,0,0,0,0.0,0.0,1,3,0,2026-08-21T19:00:00Z,2,2,0,0,0,0,0.0,0.0,0.0,0.0,0.0,0.0,1.0,42.333333333333336,0.0,1.0,0.0,0.0,0.0,0.0,1.25
Eccles,MID,COV,187,7,3,2,49,0,0,0,0,0,0,0,0,0,0,0,0,0,0.0,0.0,13,0,1,2026-08-29T14:00:00Z,2,2,0,0,0,0,0.0,0.0,0.0,0.0,0.0,0.0,0.0,0.0,0.0,0.0,0.0,0.0,0.0,0.0,0.0
Eccles,MID,COV,187,7,3,3,49,0,0,0,0,0,0,0,0,0,0,0,0,0,0.0,0.0,26,1,0,2026-09-05T14:00:00Z,2,2,0,0,0,0,0.0,0.0,0.0,0.0,0.0,0.0,0.0,0.0,0.0,0.0,0.0,0.0,0.0,0.0,0.0
Torp,MID,COV,188,7,3,1,54,28,0,0,0,0,0,8,0,0,0,0,0,1,0.0,0.0,1,3,0,2026-08-21T19:00:00Z,2,2,0,0,0,0,0.0,0.0,0.0,0.0,0.0,0.0,0.0,0.0,0.0,0.0,0.0,0.0,0.0,0.0,0.0
Torp,MID,COV,188,7,3,2,54,19,0,0,0,1,0,2,0,0,0,0,0,1,0.0,0.0,13,0,1,2026-08-29T14:00:00Z,2,2,0,0,0,0,1.0,28.0,0.0,0.0,0.0,8.0,0.0,0.0,0.0,0.0,0.0,0.0,0.0,0.0,1.0
Torp,MID,COV,188,7,3,3,54,0,0,0,0,0,0,0,0,0,0,0,0,0,0.0,0.0,26,1,0,2026-09-05T14:00:00Z,2,2,0,0,0,0,1.0,23.5,0.0,0.0,0.0,5.0,0.0,0.0,0.0,0.0,0.0,0.0,0.0,0.0,1.0
Shepherd,MID,COV,189,7,3,1,45,0,0,0,0,0,0,0,0,0,0,0,0,0,0.0,0.0,1,3,0,2026-08-21T19:00:00Z,2,2,0,0,0,0,0.0,0.0,0.0,0.0,0.0,0.0,0.6666666666666666,15.666666666666666,0.0,0.5773502691896258,0.0,0.0,0.0,0.0,0.5
Shepherd,MID,COV,189,7,3,2,45,0,0,0,0,0,0,0,0,0,0,0,0,0,0.0,0.0,13,0,1,2026-08-29T14:00:00Z,2,2,0,0,0,0,0.0,0.0,0.0,0.0,0.0,0.0,0.0,0.0,0.0,0.0,0.0,0.0,0.0,0.0,0.0
Shepherd,MID,COV,189,7,3,3,45,0,0,0,0,0,0,0,0,0,0,0,0,0,0.0,0.0,26,1,0,2026-09-05T14:00:00Z,2,2,0,0,0,0,0.0,0.0,0.0,0.0,0.0,0.0,0.0,0.0,0.0,0.0,0.0,0.0,0.0,0.0,0.0
Tchaouna,MID,COV,190,7,3,1,54,81,0,0,0,3,0,11,0,0,0,0,0,2,0.0,0.0,1,3,0,2026-08-21T19:00:00Z,2,2,0,0,0,0,0.0,0.0,0.0,0.0,0.0,0.0,0.0,0.0,0.0,0.0,0.0,0.0,0.0,0.0,0.0
Tchaouna,MID,COV,190,7,3,2,54,58,0,0,0,0,0,7,0,0,0,0,0,1,0.0,0.0,13,0,1,2026-08-29T14:00:00Z,2,2,0,0,0,0,2.0,81.0,0.0,0.0,0.0,11.0,0.0,0.0,0.0,0.0,0.0,0.0,0.0,0.0,2.0
Tchaouna,MID,COV,190,7,3,3,54,27,0,0,0,0,0,9,0,0,0,0,0,1,0.0,0.0,26,1,0,2026-09-05T14:00:00Z,2,2,0,0,0,0,1.5,69.5,0.0,0.0,0.0,9.0,0.0,0.0,0.0,0.0,0.0,0.0,0.0,0.0,1.5
Borges Rodrigues,MID,COV,191,7,3,1,45,0,0,0,0,0,0,0,0,0,0,0,0,0,0.0,0.0,1,3,0,2026-08-21T19:00:00Z,2,2,0,0,0,0,0.0,0.0,0.0,0.0,0.0,0.0,1.3333333333333333,55.333333333333336,0.0,0.5773502691896257,0.0,0.0,0.0,0.0,1.25
Borges Rodrigues,MID,COV,191,7,3,2,45,0,0,0,0,0,0,0,0,0,0,0,0,0,0.0,0.0,13,0,1,2026-08-29T14:00:00Z,2,2,0,0,0,0,0.0,0.0,0.0,0.0,0.0,0.0,0.0,0.0,0.0,0.0,0.0,0.0,0.0,0.0,0.0
Borges Rodrigues,MID,COV,191,7,3,3,45,0,0,0,0,0,0,0,0,0,0,0,0,0,0.0,0.0,26,1,0,2026-09-05T14:00:00Z,2,2,0,0,0,0,0.0,0.0,0.0,0.0,0.0,0.0,0.0,0.0,0.0,0.0,0.0,0.0,0.0,0.0,0.0
Andrews,MID,COV,192,7,3,1,45,0,0,0,0,0,0,0,0,0,0,0,0,0,0.0,0.0,1,3,0,2026-08-21T19:00:00Z,2,2,0,0,0,0,0.0,0.0,0.0,0.0,0.0,0.0,0.0,0.0,0.0,0.0,0.0,0.0,0.0,0.0,0.0
Andrews,MID,COV,192,7,3,2,45,0,0,0,0,0,0,0,0,0,0,0,0,0,0.0,0.0,13,0,1,2026-08-29T14:00:00Z,2,2,0,0,0,0,0.0,0.0,0.0,0.0,0.0,0.0,0.0,0.0,0.0,0.0,0.0,0.0,0.0,0.0,0.0
Andrews,MID,COV,192,7,3,3,45,0,0,0,0,0,0,0,0,0,0,0,0,0,0.0,0.0,26,1,0,2026-09-05T14:00:00Z,2,2,0,0,0,0,0.0,0.0,0.0,0.0,0.0,0.0,0.0,0.0,0.0,0.0,0.0,0.0,0.0,0.0,0.0
Wright,FWD,COV,193,7,4,1,54,0,0,0,0,0,0,0,0,0,0,0,0,0,0.0,0.0,1,3,0,2026-08-21T19:00:00Z,2,2,0,0,0,0,0.0,0.0,0.0,0.0,0.0,0.0,0.0,0.0,0.0,0.0,0.0,0.0,0.0,0.0,0.0
Wright,FWD,COV,193,7,4,2,54,0,0,0,0,0,0,0,0,0,0,0,0,0,0.0,0.0,13,0,1,2026-08-29T14:00:00Z,2,2,0,0,0,0,0.0,0.0,0.0,0.0,0.0,0.0,0.0,0.0,0.0,0.0,0.0,0.0,0.0,0.0,0.0
Wright,FWD,COV,193,7,4,3,54,0,0,0,0,0,0,0,0,0,0,0,0,0,0.0,0.0,26,1,0,2026-09-05T14:00:00Z,2,2,0,0,0,0,0.0,0.0,0.0,0.0,0.0,0.0,0.0,0.0,0.0,0.0,0.0,0.0,0.0,0.0,0.0
Thomas-Asante,FWD,COV,194,7,4,1,50,69,0,0,0,3,0,9,0,0,0,0,0,2,0.0,0.0,1,3,0,2026-08-21T19:00:00Z,2,2,0,0,0,0,0.0,0.0,0.0,0.0,0.0,0.0,0.0,0.0,0.0,0.0,0.0,0.0,0.0,0.0,0.0
Thomas-Asante,FWD,COV,194,7,4,2,50,32,0,0,0,1,0,5,0,0,0,0,0,1,0.0,0.0,13,0,1,2026-08-29T14:00:00Z,2,2,0,0,0,0,2.0,69.0,0.0,0.0,0.0,9.0,0.0,0.0,0.0,0.0,0.0,0.0,0.0,0.0,2.0
Thomas-Asante,FWD,COV,194,7,4,3,50,19,0,0,0,0,0,6,0,0,0,0,0,1,0.0,0.0,26,1,0,2026-09-05T14:00:00Z,2,2,0,0,0,0,1.5,50.5,0.0,0.0,0.0,7.0,0.0,0.0,0.0,0.0,0.0,0.0,0.0,0.0,1.5
Simms,FWD,COV,195,7,4,1,50,69,0,0,0,3,0,7,0,0,0,0,0,2,0.0,0.0,1,3,0,2026-08-21T19:00:00Z,2,2,0,0,0,0,0.0,0.0,0.0,0.0,0.0,0.0,1.3333333333333333,40.0,0.0,0.5773502691896257,0.0,0.0,0.0,0.0,1.25
Simms,FWD,COV,195,7,4,2,50,0,0,0,0,0,0,0,0,0,0,0,0,0,0.0,0.0,13,0,1,2026-08-29T14:00:00Z,2,2,0,0,0,0,2.0,69.0,0.0,0.0,0.0,7.0,0.0,0.0,0.0,0.0,0.0,0.0,0.0,0.0,2.0
Simms,FWD,COV,195,7,4,3,50,19,0,0,0,0,0,3,0,0,0,0,0,1,0.0,0.0,26,1,0,2026-09-05T14:00:00Z,2,2,0,0,0,0,1.0,34.5,0.0,0.0,0.0,3.5,0.0,0.0,0.0,0.0,0.0,0.0,0.0,0.0,1.0
Markelo,FWD,COV,196,7,4,1,50,0,0,0,0,0,0,0,0,0,0,0,0,0,0.0,0.0,1,3,0,2026-08-21T19:00:00Z,2,2,0,0,0,0,0.0,0.0,0.0,0.0,0.0,0.0,1.0,29.333333333333332,0.0,1.0,0.0,0.0,0.0,0.0,1.0
Markelo,FWD,COV,196,7,4,2,50,0,0,0,0,0,0,0,0,0,0,0,0,0,0.0,0.0,13,0,1,2026-08-29T14:00:00Z,2,2,0,0,0,0,0.0,0.0,0.0,0.0,0.0,0.0,0.0,0.0,0.0,0.0,0.0,0.0,0.0,0.0,0.0
Markelo,FWD,COV,196,7,4,3,50,0,0,0,0,0,0,0,0,0,0,0,0,0,0.0,0.0,26,1,0,2026-09-05T14:00:00Z,2,2,0,0,0,0,0.0,0.0,0.0,0.0,0.0,0.0,0.0,0.0,0.0,0.0,0.0,0.0,0.0,0.0,0.0
Bassette,FWD,COV,197,7,4,1,45,0,0,0,0,0,0,0,0,0,0,0,0,0,0.0,0.0,1,3,0,2026-08-21T19:00:00Z,2,2,0,0,0,0,0.0,0.0,0.0,0.0,0.0,0.0,0.0,0.0,0.0,0.0,0.0,0.0,0.0,0.0,0.0
Bassette,FWD,COV,197,7,4,2,45,0,0,0,0,0,0,0,0,0,0,0,0,0,0.0,0.0,13,0,1,2026-08-29T14:00:00Z,2,2,0,0,0,0,0.0,0.0,0.0,0.0,0.0,0.0,0.0,0.0,0.0,0.0,0.0,0.0,0.0,0.0,0.0
Bassette,FWD,COV,197,7,4,3,45,0,0,0,0,0,0,0,0,0,0,0,0,0,0.0,0.0,26,1,0,2026-09-05T14:00:00Z,2,2,0,0,0,0,0.0,0.0,0.0,0.0,0.0,0.0,0.0,0.0,0.0,0.0,0.0,0.0,0.0,0.0,0.0
Henderson,GKP,CRY,198,8,1,1,50,90,0,0,0,2,3,14,0,0,0,0,0,2,0.0,0.0,3,2,0,2026-08-22T14:00:00Z,3,3,0,0,0,0,0.0,0.0,0.0,0.0,0.0,0.0,0.0,0.0,0.0,0.0,0.0,0.0,0.0,0.0,0.0
Henderson,GKP,CRY,198,8,1,2,50,90,0,0,0,4,4,4,0,0,0,0,0,1,0.0,0.0,11,1,4,2026-08-28T19:00:00Z,3,3,0,0,0,0,2.0,90.0,0.0,0.0,0.0,14.0,0.0,0.0,0.0,0.0,0.0,0.0,0.0,0.0,2.0
Henderson,GKP,CRY,198,8,1,3,50,90,0,0,0,2,5,19,0,0,0,0,0,2,0.0,0.0,24,2,3,2026-09-05T14:00:00Z,3,3,0,0,0,0,1.5,90.0,0.0,0.0,0.0,9.0,0.0,0.0,0.0,0.0,0.0,0.0,0.0,0.0,1.5
Benitez,GKP,CRY,199,8,1,1,45,0,0,0,0,0,0,0,0,0,0,0,0,0,0.0,0.0,3,2,0,2026-08-22T14:00:00Z,3,3,0,0,0,0,0.0,0.0,0.0,0.0,0.0,0.0,1.6666666666666667,90.0,0.0,0.5773502691896257,0.0,0.0,0.0,0.0,1.75
Benitez,GKP,CRY,199,8,1,2,45,0,0,0,0,0,0,0,0,0,0,0,0,0,0.0,0.0,11,1,4,2026-08-28T19:00:00Z,3,3,0,0,0,0,0.0,0.0,0.0,0.0,0.0,0.0,0.0,0.0,0.0,0.0,0.0,0.0,0.0,0.0,0.0
Benitez,GKP,CRY,199,8,1,3,45,0,0,0,0,0,0,0,0,0,0,0,0,0,0.0,0.0,24,2,3,2026-09-05T14:00:00Z,3,3,0,0,0,0,0.0,0.0,0.0,0.0,0.0,0.0,0.0,0.0,0.0,0.0,0.0,0.0,0.0,0.0,0.0
Lacroix,DEF,CHE,200,6,2,1,60,90,0,1,0,2,0,25,0,0,0,0,0,6,0.0,0.0,10,2,3,2026-08-24T19:00:00Z,4,4,0,0,0,0,0.0,0.0,0.0,0.0,0.0,0.0,0.0,0.0,0.0,0.0,0.0,0.0,0.0,0.0,0.0
Lacroix,DEF,CHE,200,6,2,2,60,90,0,0,0,3,0,-3,0,0,0,0,0,1,0.0,0.0,16,4,3,2026-08-30T13:00:00Z,4,4,0,0,0,0,6.0,90.0,0.0,1.0,0.0,25.0,0.0,0.0,0.0,0.0,0.0,0.0,0.0,0.0,6.0
Lacroix,DEF,CHE,200,6,2,3,60,90,0,0,0,2,0,3,0,1,0,0,0,2,0.0,0.0,29,2,1,2026-09-06T15:30:00Z,4,4,0,0,0,0,3.5,90.0,0.0,0.5,0.0,11.0,0.0,0.0,0.0,0.0,0.0,0.0,0.0,0.0,3.5
Muñoz,DEF,NFO,201,18,2,1,54,54,0,0,0,2,0,-4,0,0,0,0,0,0,0.0,0.0,3,2,0,2026-08-22T14:00:00Z,3,3,0,0,0,0,0.0,0.0,0.0,0.0,0.0,0.0,3.0,90.0,0.0,2.6457513110645907,0.0,0.0,0.0,0.0,2.75
Muñoz,DEF,NFO,201,18,2,2,54,0,0,0,0,0,0,0,0,0,0,0,0,0,0.0,0.0,11,1,4,2026-08-28T19:00:00Z,3,3,0,0,0,0,0.0,54.0,0.0,0.0,0.0,-4.0,0.0,0.0,0.0,0.0,0.0,0.0,0.0,0.0,0.0
Muñoz,DEF,NFO,201,18,2,3,54,31,0,0,0,0,0,5,0,0,0,0,0,1,0.0,0.0,28,0,0,2026-09-05T14:00:00Z,3,3,0,0,0,0,0.0,27.0,0.0,0.0,0.0,-2.0,0.0,0.0,0.0,0.0,0.0,0.0,0.0,0.0,0.0
Richards,DEF,CRY,202,8,2,1,50,90,0,0,0,2,0,13,0,0,0,0,0,3,0.0,0.0,3,2,0,2026-08-22T14:00:00Z,3,3,0,0,0,0,0.0,0.0,0.0,0.0,0.0,0.0,0.3333333333333333,28.333333333333332,0.0,0.5773502691896258,0.0,0.0,0.0,0.0,0.5
Richards,DEF,CRY,202,8,2,2,50,90,0,0,0,4,0,-4,0,0,0,0,0,0,0.0,0.0,11,1,4,2026-08-28T19:00:00Z,3,3,0,0,0,0,3.0,90.0,0.0,0.0,0.0,13.0,0.0,0.0,0.0,0.0,0.0,0.0,0.0,0.0,3.0
Richards,DEF,CRY,202,8,2,3,50,90,0,0,0,2,0,8,0,0,0,0,0,1,0.0,0.0,24,2,3,2026-09-05T14:00:00Z,3,3,0,0,0,0,1.5,90.0,0.0,0.0,0.0,4.5,0.0,0.0,0.0,0.0,0.0,0.0,0.0,0.0,1.5
Canvot,DEF,CRY,203,8,2,1,49,90,0,0,0,2,0,9,0,0,0,0,0,1,0.0,0.0,3,2,0,2026-08-22T14:00:00Z,3,3,0,0,0,0,0.0,0.0,0.0,0.0,0.0,0.0,1.3333333333333333,90.0,0.0,1.5275252316519468,0.0,0.0,0.0,0.0,1.25
Canvot,DEF,CRY,203,8,2,2,49,90,0,0,0,4,0,-1,0,0,0,0,0,0,0.0,0.0,11,1,4,2026-08-28T19:00:00Z,3,3,0,0,0,0,1.0,90.0,0.0,0.0,0.0,9.0,0.0,0.0,0.0,0.0,0.0,0.0,0.0,0.0,1.0
Canvot,DEF,CRY,203,8,2,3,49,90,0,0,0,2,0,4,0,0,0,0,0,1,0.0,0.0,24,2,3,2026-09-05T14:00:00Z,3,3,0,0,0,0,0.5,90.0,0.0,0.0,0.0,4.0,0.0,0.0,0.0,0.0,0.0,0.0,0.0,0.0,0.5
Mitchell,DEF,CRY,204,8,2,1,45,90,0,0,0,2,0,9,0,0,0,0,0,1,0.0,0.0,3,2,0,2026-08-22T14:00:00Z,3,3,0,0,0,0,0.0,0.0,0.0,0.0,0.0,0.0,0.6666666666666666,90.0,0.0,0.5773502691896258,0.0,0.0,0.0,0.0,0.75
Mitchell,DEF,CRY,204,8,2,2,45,90,0,0,0,4,0,-8,0,0,0,0,0,0,0.0,0.0,11,1,4,2026-08-28T19:00:00Z,3,3,0,0,0,0,1.0,90.0,0.0,0.0,0.0,9.0,0.0,0.0,0.0,0.0,0.0,0.0,0.0,0.0,1.0
Mitchell,DEF,CRY,204,8,2,3,45,73,2,0,0,2,0,31,2,0,0,0,0,15,0.0,0.0,24,2,3,2026-09-05T14:00:00Z,3,3,0,0,0,0,0.5,90.0,0.0,0.0,0.0,0.5,0.0,0.0,0.0,0.0,0.0,0.0,0.0,0.0,0.5
Sosa,DEF,CRY,205,8,2,1,45,0,0,0,0,0,0,0,0,0,0,0,0,0,0.0,0.0,3,2,0,2026-08-22T14:00:00Z,3,3,0,0,0,0,0.0,0.0,0.0,0.0,0.0,0.0,5.333333333333333,84.33333333333333,2.0,8.386497083606084,0.0,0.0,0.0,0.0,7.75
Sosa,DEF,CRY,205,8,2,2,45,0,0,0,0,0,0,0,0,0,0,0,0,0,0.0,0.0,11,1,4,2026-08-28T19:00:00Z,3,3,0,0,0,0,0.0,0.0,0.0,0.0,0.0,0.0,0.0,0.0,0.0,0.0,0.0,0.0,0.0,0.0,0.0
Sosa,DEF,CRY,205,8,2,3,45,0,0,0,0,0,0,0,0,0,0,0,0,0,0.0,0.0,24,2,3,2026-09-05T14:00:00Z,3,3,0,0,0,0,0.0,0.0,0.0,0.0,0.0,0.0,0.0,0.0,0.0,0.0,0.0,0.0,0.0,0.0,0.0
Chadi Riad,DEF,CRY,206,8,2,1,44,72,0,0,0,2,0,7,0,0,0,0,0,1,0.0,0.0,3,2,0,2026-08-22T14:00:00Z,3,3,0,0,0,0,0.0,0.0,0.0,0.0,0.0,0.0,0.0,0.0,0.0,0.0,0.0,0.0,0.0,0.0,0.0
Chadi Riad,DEF,CRY,206,8,2,2,44,0,0,0,0,0,0,0,0,0,0,0,0,0,0.0,0.0,11,1,4,2026-08-28T19:00:00Z,3,3,0,0,0,0,1.0,72.0,0.0,0.0,0.0,7.0,0.0,0.0,0.0,0.0,0.0,0.0,0.0,0.0,1.0
Chadi Riad,DEF,CRY,206,8,2,3,44,0,0,0,0,0,0,0,0,0,0,0,0,0,0.0,0.0,24,2,3,2026-09-05T14:00:00Z,3,3,0,0,0,0,0.5,36.0,0.0,0.0,0.0,3.5,0.0,0.0,0.0,0.0,0.0,0.0,0.0,0.0,0.5
Mingueza,DEF,CRY,207,8,2,1,44,0,0,0,0,0,0,0,0,0,0,0,0,0,0.0,0.0,3,2,0,2026-08-22T14:00:00Z,3,3,0,0,0,0,0.0,0.0,0.0,0.0,0.0,0.0,0.3333333333333333,24.0,0.0,0.5773502691896258,0.0,0.0,0.0,0.0,0.25
Mingueza,DEF,CRY,207,8,2,2,44,15,0,0,0,1,0,1,0,0,0,0,0,1,0.0,0.0,11,1,4,2026-08-28T19:00:00Z,3,3,0,0,0,0,0.0,0.0,0.0,0.0,0.0,0.0,0.0,0.0,0.0,0.0,0.0,0.0,0.0,0.0,0.0
Mingueza,DEF,CRY,207,8,2,3,44,1,0,0,0,0,0,4,0,0,0,0,0,1,0.0,0.0,24,2,3,2026-09-05T14:00:00Z,3,3,0,0,0,0,0.5,7.5,0.0,0.0,0.0,0.5,0.0,0.0,0.0,0.0,0.0,0.0,0.0,0.0,0.5
Sarr,MID,CRY,208,8,3,1,63,0,0,0,0,0,0,0,0,0,0,0,0,0,0.0,0.0,3,2,0,2026-08-22T14:00:00Z,3,3,0,0,0,0,0.0,0.0,0.0,0.0,0.0,0.0,0.6666666666666666,5.333333333333333,0.0,0.5773502691896258,0.0,0.0,0.0,0.0,0.75
Sarr,MID,CRY,208,8,3,2,63,0,0,0,0,0,0,0,0,0,0,0,0,0,0.0,0.0,11,1,4,2026-08-28T19:00:00Z,3,3,0,0,0,0,0.0,0.0,0.0,0.0,0.0,0.0,0.0,0.0,0.0,0.0,0.0,0.0,0.0,0.0,0.0
Sarr,MID,CRY,208,8,3,3,63,0,0,0,0,0,0,0,0,0,0,0,0,0,0.0,0.0,24,2,3,2026-09-05T14:00:00Z,3,3,0,0,0,0,0.0,0.0,0.0,0.0,0.0,0.0,0.0,0.0,0.0,0.0,0.0,0.0,0.0,0.0,0.0
Johnson,MID,EVE,209,9,3,1,59,6,0,0,0,0,0,3,0,0,0,0,0,1,0.0,0.0,3,2,0,2026-08-22T14:00:00Z,3,3,0,0,0,0,0.0,0.0,0.0,0.0,0.0,0.0,0.0,0.0,0.0,0.0,0.0,0.0,0.0,0.0,0.0
Johnson,MID,EVE,209,9,3,2,59,28,0,0,0,0,0,1,0,0,0,0,0,1,0.0,0.0,12,1,1,2026-08-29T14:00:00Z,3,3,0,0,0,0,1.0,6.0,0.0,0.0,0.0,3.0,0.0,0.0,0.0,0.0,0.0,0.0,0.0,0.0,1.0
Johnson,MID,EVE,209,9,3,3,59,65,0,0,0,1,0,3,0,1,0,0,0,1,0.0,0.0,30,2,2,2026-09-06T13:00:00Z,3,3,0,0,0,0,1.0,17.0,0.0,0.0,0.0,2.0,0.0,0.0,0.0,0.0,0.0,0.0,0.0,0.0,1.0
Wharton,MID,CRY,210,8,3,1,55,90,0,0,0,2,0,20,0,0,0,0,0,4,0.0,0.0,3,2,0,2026-08-22T14:00:00Z,3,3,0,0,0,0,0.0,0.0,0.0,0.0,0.0,0.0,1.0,33.0,0.0,0.0,0.0,0.0,0.0,0.0,1.0
Wharton,MID,CRY,210,8,3,2,55,90,0,0,0,4,0,21,0,0,0,0,0,2,0.0,0.0,11,1,4,2026-08-28T19:00:00Z,3,3,0,0,0,0,4.0,90.0,0.0,0.0,0.0,20.0,0.0,0.0,0.0,0.0,0.0,0.0,0.0,0.0,4.0
Wharton,MID,CRY,210,8,3,3,55,90,0,0,0,2,0,10,0,0,0,0,0,2,0.0,0.0,24,2,3,2026-09-05T14:00:00Z,3,3,0,0,0,0,3.0,90.0,0.0,0.0,0.0,20.5,0.0,0.0,0.0,0.0,0.0,0.0,0.0,0.0,3.0
Yeremy,MID,CRY,211,8,3,1,55,35,0,0,0,0,0,4,0,0,0,0,0,1,0.0,0.0,3,2,0,2026-08-22T14:00:00Z,3,3,0,0,0,0,0.0,0.0,0.0,0.0,0.0,0.0,2.6666666666666665,90.0,0.0,1.1547005383792515,0.0,0.0,0.0,0.0,2.5
Yeremy,MID,CRY,211,8,3,2,55,67,0,1,0,3,0,27,0,0,0,0,0,5,0.0,0.0,11,1,4,2026-08-28T19:00:00Z,3,3,0,0,0,0,1.0,35.0,0.0,0.0,0.0,4.0,0.0,0.0,0.0,0.0,0.0,0.0,0.0,0.0,1.0
Yeremy,MID,CRY,211,8,3,3,55,88,0,1,0,2,0,25,0,0,0,0,0,5,0.0,0.0,24,2,3,2026-09-05T14:00:00Z,3,3,0,0,0,0,3.0,51.0,0.0,0.5,0.0,15.5,0.0,0.0,0.0,0.0,0.0,0.0,0.0,0.0,3.0
Hughes,MID,CRY,212,8,3,1,45,0,0,0,0,0,0,0,0,0,0,0,0,0,0.0,0.0,3,2,0,2026-08-22T14:00:00Z,3,3,0,0,0,0,0.0,0.0,0.0,0.0,0.0,0.0,3.6666666666666665,63.333333333333336,0.0,2.3094010767585034,0.0,0.0,0.0,0.0,4.0
Hughes,MID,CRY,212,8,3,2,45,0,0,0,0,0,0,0,0,0,0,0,0,0,0.0,0.0,11,1,4,2026-08-28T19:00:00Z,3,3,0,0,0,0,0.0,0.0,0.0,0.0,0.0,0.0,0.0,0.0,0.0,0.0,0.0,0.0,0.0,0.0,0.0
Hughes,MID,CRY,212,8,3,3,45,16,0,0,0,0,0,3,0,0,0,0,0,1,0.0,0.0,24,2,3,2026-09-05T14:00:00Z,3,3,0,0,0,0,0.0,0.0,0.0,0.0,0.0,0.0,0.0,0.0,0.0,0.0,0.0,0.0,0.0,0.0,0.0
Lerma,MID,CRY,213,8,3,1,49,0,0,0,0,0,0,0,0,0,0,0,0,0,0.0,0.0,3,2,0,2026-08-22T14:00:00Z,3,3,0,0,0,0,0.0,0.0,0.0,0.0,0.0,0.0,0.3333333333333333,5.333333333333333,0.0,0.5773502691896258,0.0,0.0,0.0,0.0,0.5
Lerma,MID,CRY,213,8,3,2,49,0,0,0,0,0,0,0,0,0,0,0,0,0,0.0,0.0,11,1,4,2026-08-28T19:00:00Z,3,3,0,0,0,0,0.0,0.0,0.0,0.0,0.0,0.0,0.0,0.0,0.0,0.0,0.0,0.0,0.0,0.0,0.0
Lerma,MID,CRY,213,8,3,3,49,0,0,0,0,0,0,0,0,0,0,0,0,0,0.0,0.0,24,2,3,2026-09-05T14:00:00Z,3,3,0,0,0,0,0.0,0.0,0.0,0.0,0.0,0.0,0.0,0.0,0.0,0.0,0.0,0.0,0.0,0.0,0.0
Kamada,MID,CRY,214,8,3,1,50,90,0,0,0,2,0,25,0,1,0,0,0,3,0.0,0.0,3,2,0,2026-08-22T14:00:00Z,3,3,0,0,0,0,0.0,0.0,0.0,0.0,0.0,0.0,0.0,0.0,0.0,0.0,0.0,0.0,0.0,0.0,0.0
Kamada,MID,CRY,214,8,3,2,50,90,0,0,0,4,0,21,0,0,0,0,0,2,0.0,0.0,11,1,4,2026-08-28T19:00:00Z,3,3,0,0,0,0,3.0,90.0,0.0,0.0,0.0,25.0,0.0,0.0,0.0,0.0,0.0,0.0,0.0,0.0,3.0
Kamada,MID,CRY,214,8,3,3,50,88,0,1,0,2,0,21,0,0,0,0,0,5,0.0,0.0,24,2,3,2026-09-05T14:00:00Z,3,3,0,0,0,0,2.5,90.0,0.0,0.0,0.0,23.0,0.0,0.0,0.0,0.0,0.0,0.0,0.0,0.0,2.5
Devenny,MID,CRY,215,8,3,1,50,0,0,0,0,0,0,0,0,0,0,0,0,0,0.0,0.0,3,2,0,2026-08-22T14:00:00Z,3,3,0,0,0,0,0.0,0.0,0.0,0.0,0.0,0.0,3.3333333333333335,89.33333333333333,0.0,1.5275252316519465,0.0,0.0,0.0,0.0,3.75
Devenny,MID,CRY,215,8,3,2,50,0,0,0,0,0,0,0,0,0,0,0,0,0,0.0,0.0,11,1,4,2026-08-28T19:00:00Z,3,3,0,0,0,0,0.0,0.0,0.0,0.0,0.0,0.0,0.0,0.0,0.0,0.0,0.0,0.0,0.0,0.0,0.0
Devenny,MID,CRY,215,8,3,3,50,0,0,0,0,0,0,0,0,0,0,0,0,0,0.0,0.0,24,2,3,2026-09-05T14:00:00Z,3,3,0,0,0,0,0.0,0.0,0.0,0.0,0.0,0.0,0.0,0.0,0.0,0.0,0.0,0.0,0.0,0.0,0.0
Esse,MID,CRY,216,8,3,1,50,0,0,0,0,0,0,0,0,0,0,0,0,0,0.0,0.0,3,2,0,2026-08-22T14:00:00Z,3,3,0,0,0,0,0.0,0.0,0.0,0.0,0.0,0.0,0.0,0.0,0.0,0.0,0.0,0.0,0.0,0.0,0.0
Esse,MID,CRY,216,8,3,2,50,0,0,0,0,0,0,0,0,0,0,0,0,0,0.0,0.0,11,1,4,2026-08-28T19:00:00Z,3,3,0,0,0,0,0.0,0.0,0.0,0.0,0.0,0.0,0.0,0.0,0.0,0.0,0.0,0.0,0.0,0.0,0.0
Esse,MID,CRY,216,8,3,3,50,0,0,0,0,0,0,0,0,0,0,0,0,0,0.0,0.0,24,2,3,2026-09-05T14:00:00Z,3,3,0,0,0,0,0.0,0.0,0.0,0.0,0.0,0.0,0.0,0.0,0.0,0.0,0.0,0.0,0.0,0.0,0.0
M.França,MID,CRY,217,8,3,1,49,0,0,0,0,0,0,0,0,0,0,0,0,0,0.0,0.0,3,2,0,2026-08-22T14:00:00Z,3,3,0,0,0,0,0.0,0.0,0.0,0.0,0.0,0.0,0.0,0.0,0.0,0.0,0.0,0.0,0.0,0.0,0.0
M.França,MID,CRY,217,8,3,2,49,0,0,0,0,0,0,0,0,0,0,0,0,0,0.0,0.0,11,1,4,2026-08-28T19:00:00Z,3,3,0,0,0,0,0.0,0.0,0.0,0.0,0.0,0.0,0.0,0.0,0.0,0.0,0.0,0.0,0.0,0.0,0.0
M.França,MID,CRY,217,8,3,3,49,0,0,0,0,0,0,0,0,0,0,0,0,0,0.0,0.0,24,2,3,2026-09-05T14:00:00Z,3,3,0,0,0,0,0.0,0.0,0.0,0.0,0.0,0.0,0.0,0.0,0.0,0.0,0.0,0.0,0.0,0.0,0.0
Doucouré,MID,CRY,218,8,3,1,49,0,0,0,0,0,0,0,0,0,0,0,0,0,0.0,0.0,3,2,0,2026-08-22T14:00:00Z,3,3,0,0,0,0,0.0,0.0,0.0,0.0,0.0,0.0,0.0,0.0,0.0,0.0,0.0,0.0,0.0,0.0,0.0
Doucouré,MID,CRY,218,8,3,2,49,0,0,0,0,0,0,0,0,0,0,0,0,0,0.0,0.0,11,1,4,2026-08-28T19:00:00Z,3,3,0,0,0,0,0.0,0.0,0.0,0.0,0.0,0.0,0.0,0.0,0.0,0.0,0.0,0.0,0.0,0.0,0.0
Doucouré,MID,CRY,218,8,3,3,49,0,0,0,0,0,0,0,0,0,0,0,0,0,0.0,0.0,24,2,3,2026-09-05T14:00:00Z,3,3,0,0,0,0,0.0,0.0,0.0,0.0,0.0,0.0,0.0,0.0,0.0,0.0,0.0,0.0,0.0,0.0,0.0
J.Rak-Sakyi,MID,CRY,219,8,3,1,49,0,0,0,0,0,0,0,0,0,0,0,0,0,0.0,0.0,3,2,0,2026-08-22T14:00:00Z,3,3,0,0,0,0,0.0,0.0,0.0,0.0,0.0,0.0,0.0,0.0,0.0,0.0,0.0,0.0,0.0,0.0,0.0
J.Rak-Sakyi,MID,CRY,219,8,3,2,49,0,0,0,0,0,0,0,0,0,0,0,0,0,0.0,0.0,11,1,4,2026-08-28T19:00:00Z,3,3,0,0,0,0,0.0,0.0,0.0,0.0,0.0,0.0,0.0,0.0,0.0,0.0,0.0,0.0,0.0,0.0,0.0
J.Rak-Sakyi,MID,CRY,219,8,3,3,49,0,0,0,0,0,0,0,0,0,0,0,0,0,0.0,0.0,24,2,3,2026-09-05T14:00:00Z,3,3,0,0,0,0,0.0,0.0,0.0,0.0,0.0,0.0,0.0,0.0,0.0,0.0,0.0,0.0,0.0,0.0,0.0
Cardines,DEF,CRY,220,8,2,1,45,0,0,0,0,0,0,0,0,0,0,0,0,0,0.0,0.0,3,2,0,2026-08-22T14:00:00Z,3,3,0,0,0,0,0.0,0.0,0.0,0.0,0.0,0.0,0.0,0.0,0.0,0.0,0.0,0.0,0.0,0.0,0.0
Cardines,DEF,CRY,220,8,2,2,45,0,0,0,0,0,0,0,0,0,0,0,0,0,0.0,0.0,11,1,4,2026-08-28T19:00:00Z,3,3,0,0,0,0,0.0,0.0,0.0,0.0,0.0,0.0,0.0,0.0,0.0,0.0,0.0,0.0,0.0,0.0,0.0
Cardines,DEF,CRY,220,8,2,3,45,0,0,0,0,0,0,0,0,0,0,0,0,0,0.0,0.0,24,2,3,2026-09-05T14:00:00Z,3,3,0,0,0,0,0.0,0.0,0.0,0.0,0.0,0.0,0.0,0.0,0.0,0.0,0.0,0.0,0.0,0.0,0.0
Drakes-Thomas,MID,CRY,221,8,3,1,45,0,0,0,0,0,0,0,0,0,0,0,0,0,0.0,0.0,3,2,0,2026-08-22T14:00:00Z,3,3,0,0,0,0,0.0,0.0,0.0,0.0,0.0,0.0,0.0,0.0,0.0,0.0,0.0,0.0,0.0,0.0,0.0
Drakes-Thomas,MID,CRY,221,8,3,2,45,0,0,0,0,0,0,0,0,0,0,0,0,0,0.0,0.0,11,1,4,2026-08-28T19:00:00Z,3,3,0,0,0,0,0.0,0.0,0.0,0.0,0.0,0.0,0.0,0.0,0.0,0.0,0.0,0.0,0.0,0.0,0.0
Drakes-Thomas,MID,CRY,221,8,3,3,45,0,0,0,0,0,0,0,0,0,0,0,0,0,0.0,0.0,24,2,3,2026-09-05T14:00:00Z,3,3,0,0,0,0,0.0,0.0,0.0,0.0,0.0,0.0,0.0,0.0,0.0,0.0,0.0,0.0,0.0,0.0,0.0
Strand Larsen,FWD,CRY,222,8,4,1,60,27,0,0,0,0,0,3,0,0,0,0,0,1,0.0,0.0,3,2,0,2026-08-22T14:00:00Z,3,3,0,0,0,0,0.0,0.0,0.0,0.0,0.0,0.0,0.0,0.0,0.0,0.0,0.0,0.0,0.0,0.0,0.0
Strand Larsen,FWD,CRY,222,8,4,2,60,62,0,0,0,3,0,13,0,0,0,0,0,2,0.0,0.0,11,1,4,2026-08-28T19:00:00Z,3,3,0,0,0,0,1.0,27.0,0.0,0.0,0.0,3.0,0.0,0.0,0.0,0.0,0.0,0.0,0.0,0.0,1.0
Strand Larsen,FWD,CRY,222,8,4,3,60,45,0,0,0,0,0,4,0,0,0,0,0,1,0.0,0.0,24,2,3,2026-09-05T14:00:00Z,3,3,0,0,0,0,1.5,44.5,0.0,0.0,0.0,8.0,0.0,0.0,0.0,0.0,0.0,0.0,0.0,0.0,1.5
Mateta,FWD,CRY,223,8,4,1,64,62,0,0,0,2,0,-3,0,0,0,0,0,2,0.0,0.0,3,2,0,2026-08-22T14:00:00Z,3,3,0,0,0,0,0.0,0.0,0.0,0.0,0.0,0.0,1.3333333333333333,44.666666666666664,0.0,0.5773502691896257,0.0,0.0,0.0,0.0,1.25
Mateta,FWD,CRY,223,8,4,2,64,0,0,0,0,0,0,0,0,0,0,0,0,0,0.0,0.0,11,1,4,2026-08-28T19:00:00Z,3,3,0,0,0,0,2.0,62.0,0.0,0.0,0.0,-3.0,0.0,0.0,0.0,0.0,0.0,0.0,0.0,0.0,2.0
Mateta,FWD,CRY,223,8,4,3,64,0,0,0,0,0,0,0,0,0,0,0,0,0,0.0,0.0,24,2,3,2026-09-05T14:00:00Z,3,3,0,0,0,0,1.0,31.0,0.0,0.0,0.0,-1.5,0.0,0.0,0.0,0.0,0.0,0.0,0.0,0.0,1.0
Nketiah,FWD,CRY,224,8,4,1,55,55,0,0,0,2,0,12,0,0,0,0,0,1,0.0,0.0,3,2,0,2026-08-22T14:00:00Z,3,3,0,0,0,0,0.0,0.0,0.0,0.0,0.0,0.0,0.6666666666666666,20.666666666666668,0.0,1.1547005383792517,0.0,0.0,0.0,0.0,0.5
Nketiah,FWD,CRY,224,8,4,2,55,67,0,0,0,3,0,8,0,0,0,0,0,2,0.0,0.0,11,1,4,2026-08-28T19:00:00Z,3,3,0,0,0,0,1.0,55.0,0.0,0.0,0.0,12.0,0.0,0.0,0.0,0.0,0.0,0.0,0.0,0.0,1.0
Nketiah,FWD,CRY,224,8,4,3,55,45,0,1,0,2,0,16,0,0,0,0,0,4,0.0,0.0,24,2,3,2026-09-05T14:00:00Z,3,3,0,0,0,0,1.5,61.0,0.0,0.0,0.0,10.0,0.0,0.0,0.0,0.0,0.0,0.0,0.0,0.0,1.5
Uche,FWD,CRY,225,8,4,1,50,0,0,0,0,0,0,0,0,0,0,0,0,0,0.0,0.0,3,2,0,2026-08-22T14:00:00Z,3,3,0,0,0,0,0.0,0.0,0.0,0.0,0.0,0.0,2.3333333333333335,55.666666666666664,0.0,1.5275252316519465,0.0,0.0,0.0,0.0,2.75
Uche,FWD,CRY,225,8,4,2,50,0,0,0,0,0,0,0,0,0,0,0,0,0,0.0,0.0,11,1,4,2026-08-28T19:00:00Z,3,3,0,0,0,0,0.0,0.0,0.0,0.0,0.0,0.0,0.0,0.0,0.0,0.0,0.0,0.0,0.0,0.0,0.0
Uche,FWD,CRY,225,8,4,3,50,0,0,0,0,0,0,0,0,0,0,0,0,0,0.0,0.0,24,2,3,2026-09-05T14:00:00Z,3,3,0,0,0,0,0.0,0.0,0.0,0.0,0.0,0.0,0.0,0.0,0.0,0.0,0.0,0.0,0.0,0.0,0.0
Pickford,GKP,EVE,226,9,1,1,55,90,0,0,1,0,4,34,0,0,0,0,0,7,0.0,0.0,3,2,0,2026-08-22T14:00:00Z,3,3,0,0,0,0,0.0,0.0,0.0,0.0,0.0,0.0,0.0,0.0,0.0,0.0,0.0,0.0,0.0,0.0,0.0
Pickford,GKP,EVE,226,9,1,2,55,90,0,0,0,1,4,22,0,0,0,0,0,3,0.0,0.0,12,1,1,2026-08-29T14:00:00Z,3,3,0,0,0,0,7.0,90.0,0.0,0.0,1.0,34.0,0.0,0.0,0.0,0.0,0.0,0.0,0.0,0.0,7.0
Pickford,GKP,EVE,226,9,1,3,55,90,0,0,0,2,1,6,0,0,0,0,0,1,0.0,0.0,30,2,2,2026-09-06T13:00:00Z,3,3,0,0,0,0,5.0,90.0,0.0,0.0,0.5,28.0,0.0,0.0,0.0,0.0,0.0,0.0,0.0,0.0,5.0
Travers,GKP,EVE,227,9,1,1,50,0,0,0,0,0,0,0,0,0,0,0,0,0,0.0,0.0,3,2,0,2026-08-22T14:00:00Z,3,3,0,0,0,0,0.0,0.0,0.0,0.0,0.0,0.0,3.6666666666666665,90.0,0.0,3.0550504633038935,0.0,0.0,0.0,0.0,3.0
Travers,GKP,EVE,227,9,1,2,50,0,0,0,0,0,0,0,0,0,0,0,0,0,0.0,0.0,12,1,1,2026-08-29T14:00:00Z,3,3,0,0,0,0,0.0,0.0,0.0,0.0,0.0,0.0,0.0,0.0,0.0,0.0,0.0,0.0,0.0,0.0,0.0
Travers,GKP,EVE,227,9,1,3,50,0,0,0,0,0,0,0,0,0,0,0,0,0,0.0,0.0,30,2,2,2026-09-06T13:00:00Z,3,3,0,0,0,0,0.0,0.0,0.0,0.0,0.0,0.0,0.0,0.0,0.0,0.0,0.0,0.0,0.0,0.0,0.0
King,GKP,EVE,228,9,1,1,45,0,0,0,0,0,0,0,0,0,0,0,0,0,0.0,0.0,3,2,0,2026-08-22T14:00:00Z,3,3,0,0,0,0,0.0,0.0,0.0,0.0,0.0,0.0,0.0,0.0,0.0,0.0,0.0,0.0,0.0,0.0,0.0
King,GKP,EVE,228,9,1,2,45,0,0,0,0,0,0,0,0,0,0,0,0,0,0.0,0.0,12,1,1,2026-08-29T14:00:00Z,3,3,0,0,0,0,0.0,0.0,0.0,0.0,0.0,0.0,0.0,0.0,0.0,0.0,0.0,0.0,0.0,0.0,0.0
King,GKP,EVE,228,9,1,3,45,0,0,0,0,0,0,0,0,0,0,0,0,0,0.0,0.0,30,2,2,2026-09-06T13:00:00Z,3,3,0,0,0,0,0.0,0.0,0.0,0.0,0.0,0.0,0.0,0.0,0.0,0.0,0.0,0.0,0.0,0.0,0.0
Tarkowski,DEF,EVE,229,9,2,1,60,90,0,0,1,0,0,25,0,0,0,0,0,6,0.0,0.0,3,2,0,2026-08-22T14:00:00Z,3,3,0,0,0,0,0.0,0.0,0.0,0.0,0.0,0.0,0.0,0.0,0.0,0.0,0.0,0.0,0.0,0.0,0.0
Tarkowski,DEF,EVE,229,9,2,2,60,90,1,0,0,1,0,27,2,0,0,0,0,12,0.0,0.0,12,1,1,2026-08-29T14:00:00Z,3,3,0,0,0,0,6.0,90.0,0.0,0.0,1.0,25.0,0.0,0.0,0.0,0.0,0.0,0.0,0.0,0.0,6.0
Tarkowski,DEF,EVE,229,9,2,3,60,90,0,0,0,2,0,11,0,0,0,0,0,3,0.0,0.0,30,2,2,2026-09-06T13:00:00Z,3,3,0,0,0,0,9.0,90.0,0.5,0.0,0.5,26.0,0.0,0.0,0.0,0.0,0.0,0.0,0.0,0.0,9.0
Branthwaite,DEF,EVE,230,9,2,1,55,90,0,0,1,0,0,27,0,0,0,0,0,6,0.0,0.0,3,2,0,2026-08-22T14:00:00Z,3,3,0,0,0,0,0.0,0.0,0.0,0.0,0.0,0.0,7.0,90.0,1.0,4.58257569495584,0.0,0.0,0.0,0.0,6.0
Branthwaite,DEF,EVE,230,9,2,2,55,90,0,0,0,1,0,6,0,0,0,0,0,4,0.0,0.0,12,1,1,2026-08-29T14:00:00Z,3,3,0,0,0,0,6.0,90.0,0.0,0.0,1.0,27.0,0.0,0.0,0.0,0.0,0.0,0.0,0.0,0.0,6.0
Branthwaite,DEF,EVE,230,9,2,3,55,90,0,0,0,2,0,10,0,0,0,0,0,3,0.0,0.0,30,2,2,2026-09-06T13:00:00Z,3,3,0,0,0,0,5.0,90.0,0.0,0.0,0.5,16.5,0.0,0.0,0.0,0.0,0.0,0.0,0.0,0.0,5.0
Keane,DEF,EVE,231,9,2,1,49,0,0,0,0,0,0,0,0,0,0,0,0,0,0.0,0.0,3,2,0,2026-08-22T14:00:00Z,3,3,0,0,0,0,0.0,0.0,0.0,0.0,0.0,0.0,4.333333333333333,90.0,0.0,1.5275252316519465,0.0,0.0,0.0,0.0,4.0
Keane,DEF,EVE,231,9,2,2,49,0,0,0,0,0,0,0,0,0,0,0,0,0,0.0,0.0,12,1,1,2026-08-29T14:00:00Z,3,3,0,0,0,0,0.0,0.0,0.0,0.0,0.0,0.0,0.0,0.0,0.0,0.0,0.0,0.0,0.0,0.0,0.0
Keane,DEF,EVE,231,9,2,3,49,0,0,0,0,0,0,0,0,0,0,0,0,0,0.0,0.0,30,2,2,2026-09-06T13:00:00Z,3,3,0,0,0,0,0.0,0.0,0.0,0.0,0.0,0.0,0.0,0.0,0.0,0.0,0.0,0.0,0.0,0.0,0.0
O'Brien,DEF,EVE,232,9,2,1,49,0,0,0,0,0,0,0,0,0,0,0,0,0,0.0,0.0,3,2,0,2026-08-22T14:00:00Z,3,3,0,0,0,0,0.0,0.0,0.0,0.0,0.0,0.0,0.0,0.0,0.0,0.0,0.0,0.0,0.0,0.0,0.0
O'Brien,DEF,EVE,232,9,2,2,49,0,0,0,0,0,0,0,0,0,0,0,0,0,0.0,0.0,12,1,1,2026-08-29T14:00:00Z,3,3,0,0,0,0,0.0,0.0,0.0,0.0,0.0,0.0,0.0,0.0,0.0,0.0,0.0,0.0,0.0,0.0,0.0
O'Brien,DEF,EVE,232,9,2,3,49,0,0,0,0,0,0,0,0,0,0,0,0,0,0.0,0.0,30,2,2,2026-09-06T13:00:00Z,3,3,0,0,0,0,0.0,0.0,0.0,0.0,0.0,0.0,0.0,0.0,0.0,0.0,0.0,0.0,0.0,0.0,0.0
Mykolenko,DEF,EVE,233,9,2,1,45,90,0,0,1,0,0,27,0,0,0,0,0,6,0.0,0.0,3,2,0,2026-08-22T14:00:00Z,3,3,0,0,0,0,0.0,0.0,0.0,0.0,0.0,0.0,0.0,0.0,0.0,0.0,0.0,0.0,0.0,0.0,0.0
Mykolenko,DEF,EVE,233,9,2,2,45,90,0,0,0,1,0,7,0,0,0,0,0,4,0.0,0.0,12,1,1,2026-08-29T14:00:00Z,3,3,0,0,0,0,6.0,90.0,0.0,0.0,1.0,27.0,0.0,0.0,0.0,0.0,0.0,0.0,0.0,0.0,6.0
Mykolenko,DEF,EVE,233,9,2,3,45,90,0,0,0,2,0,8,0,0,0,0,0,1,0.0,0.0,30,2,2,2026-09-06T13:00:00Z,3,3,0,0,0,0,5.0,90.0,0.0,0.0,0.5,17.0,0.0,0.0,0.0,0.0,0.0,0.0,0.0,0.0,5.0
Patterson,DEF,EVE,234,9,2,1,45,0,0,0,0,0,0,0,0,0,0,0,0,0,0.0,0.0,3,2,0,2026-08-22T14:00:00Z,3,3,0,0,0,0,0.0,0.0,0.0,0.0,0.0,0.0,3.6666666666666665,90.0,0.0,2.5166114784235836,0.0,0.0,0.0,0.0,3.0
Patterson,DEF,EVE,234,9,2,2,45,0,0,0,0,0,0,0,0,0,0,0,0,0,0.0,0.0,12,1,1,2026-08-29T14:00:00Z,3,3,0,0,0,0,0.0,0.0,0.0,0.0,0.0,0.0,0.0,0.0,0.0,0.0,0.0,0.0,0.0,0.0,0.0
Patterson,DEF,EVE,234,9,2,3,45,0,0,0,0,0,0,0,0,0,0,0,0,0,0.0,0.0,30,2,2,2026-09-06T13:00:00Z,3,3,0,0,0,0,0.0,0.0,0.0,0.0,0.0,0.0,0.0,0.0,0.0,0.0,0.0,0.0,0.0,0.0,0.0
Aznou,DEF,EVE,235,9,2,1,40,0,0,0,0,0,0,0,0,0,0,0,0,0,0.0,0.0,3,2,0,2026-08-22T14:00:00Z,3,3,0,0,0,0,0.0,0.0,0.0,0.0,0.0,0.0,0.0,0.0,0.0,0.0,0.0,0.0,0.0,0.0,0.0
Aznou,DEF,EVE,235,9,2,2,40,0,0,0,0,0,0,0,0,0,0,0,0,0,0.0,0.0,12,1,1,2026-08-29T14:00:00Z,3,3,0,0,0,0,0.0,0.0,0.0,0.0,0.0,0.0,0.0,0.0,0.0,0.0,0.0,0.0,0.0,0.0,0.0
Aznou,DEF,EVE,235,9,2,3,40,0,0,0,0,0,0,0,0,0,0,0,0,0,0.0,0.0,30,2,2,2026-09-06T13:00:00Z,3,3,0,0,0,0,0.0,0.0,0.0,0.0,0.0,0.0,0.0,0.0,0.0,0.0,0.0,0.0,0.0,0.0,0.0
Dewsbury-Hall,MID,EVE,236,9,3,1,65,90,1,0,1,0,0,40,3,0,0,0,0,11,0.0,0.0,3,2,0,2026-08-22T14:00:00Z,3,3,0,0,0,0,0.0,0.0,0.0,0.0,0.0,0.0,0.0,0.0,0.0,0.0,0.0,0.0,0.0,0.0,0.0
Dewsbury-Hall,MID,EVE,236,9,3,2,65,90,0,0,0,1,0,24,0,0,0,0,0,2,0.0,0.0,12,1,1,2026-08-29T14:00:00Z,3,3,0,0,0,0,11.0,90.0,1.0,0.0,1.0,40.0,0.0,0.0,0.0,0.0,0.0,0.0,0.0,0.0,11.0
Dewsbury-Hall,MID,EVE,236,9,3,3,65,90,0,0,0,2,0,20,0,0,0,0,0,2,0.0,0.0,30,2,2,2026-09-06T13:00:00Z,3,3,0,0,0,0,6.5,90.0,0.5,0.0,0.5,32.0,0.0,0.0,0.0,0.0,0.0,0.0,0.0,0.0,6.5
Ndiaye,MID,MCI,237,15,3,1,59,90,0,1,1,0,0,36,1,0,0,0,0,9,0.0,0.0,3,2,0,2026-08-22T14:00:00Z,4,5,0,0,0,0,0.0,0.0,0.0,0.0,0.0,0.0,5.0,90.0,1.0,5.196152422706632,0.0,0.0,0.0,0.0,4.25
Ndiaye,MID,MCI,237,15,3,2,59,90,0,0,0,1,0,16,0,0,0,0,0,4,0.0,0.0,12,1,1,2026-08-29T14:00:00Z,4,5,0,0,0,0,9.0,90.0,0.0,1.0,1.0,36.0,0.0,0.0,0.0,0.0,0.0,0.0,0.0,0.0,9.0
Ndiaye,MID,MCI,237,15,3,3,59,86,0,0,1,0,0,12,0,0,0,0,0,3,0.0,0.0,26,1,0,2026-09-05T14:00:00Z,4,5,0,0,0,0,6.5,90.0,0.0,0.5,0.5,26.0,0.0,0.0,0.0,0.0,0.0,0.0,0.0,0.0,6.5
Grealish,MID,EVE,238,9,3,1,65,8,0,0,0,0,0,2,0,0,0,0,0,1,0.0,0.0,8,2,1,2026-08-23T13:00:00Z,3,3,0,0,0,0,0.0,0.0,0.0,0.0,0.0,0.0,5.333333333333333,88.66666666666667,0.0,3.214550253664318,0.0,0.0,0.0,0.0,4.75
Grealish,MID,EVE,238,9,3,2,65,0,0,0,0,0,0,0,0,0,0,0,0,0,0.0,0.0,11,1,4,2026-08-28T19:00:00Z,3,3,0,0,0,0,1.0,8.0,0.0,0.0,0.0,2.0,0.0,0.0,0.0,0.0,0.0,0.0,0.0,0.0,1.0
Grealish,MID,EVE,238,9,3,3,65,24,0,0,0,1,0,8,0,0,0,0,0,1,0.0,0.0,30,2,2,2026-09-06T13:00:00Z,3,3,0,0,0,0,0.5,4.0,0.0,0.0,0.0,1.0,0.0,0.0,0.0,0.0,0.0,0.0,0.0,0.0,0.5
Garner,MID,EVE,239,9,3,1,60,11,0,0,0,0,0,6,0,0,0,0,0,1,0.0,0.0,3,2,0,2026-08-22T14:00:00Z,3,3,0,0,0,0,0.0,0.0,0.0,0.0,0.0,0.0,0.6666666666666666,10.666666666666666,0.0,0.5773502691896258,0.0,0.0,0.0,0.0,0.75
Garner,MID,EVE,239,9,3,2,60,61,0,0,0,1,0,9,0,1,0,0,0,1,0.0,0.0,12,1,1,2026-08-29T14:00:00Z,3,3,0,0,0,0,1.0,11.0,0.0,0.0,0.0,6.0,0.0,0.0,0.0,0.0,0.0,0.0,0.0,0.0,1.0
Garner,MID,EVE,239,9,3,3,60,76,0,0,0,1,0,19,0,0,0,0,0,2,0.0,0.0,30,2,2,2026-09-06T13:00:00Z,3,3,0,0,0,0,1.0,36.0,0.0,0.0,0.0,7.5,0.0,0.0,0.0,0.0,0.0,0.0,0.0,0.0,1.0
Iroegbunam,MID,HUL,240,11,3,1,50,0,0,0,0,0,0,0,0,0,0,0,0,0,0.0,0.0,3,2,0,2026-08-22T14:00:00Z,2,2,0,0,0,0,0.0,0.0,0.0,0.0,0.0,0.0,1.3333333333333333,49.333333333333336,0.0,0.5773502691896258,0.0,0.0,0.0,0.0,1.5
Iroegbunam,MID,HUL,240,11,3,2,50,4,0,0,0,0,0,2,0,0,0,0,0,1,0.0,0.0,12,1,1,2026-08-29T14:00:00Z,2,2,0,0,0,0,0.0,0.0,0.0,0.0,0.0,0.0,0.0,0.0,0.0,0.0,0.0,0.0,0.0,0.0,0.0
Iroegbunam,MID,HUL,240,11,3,3,50,0,0,0,0,0,0,0,0,0,0,0,0,0,0.0,0.0,25,0,0,2026-09-05T16:30:00Z,2,2,0,0,0,0,0.5,2.0,0.0,0.0,0.0,1.0,0.0,0.0,0.0,0.0,0.0,0.0,0.0,0.0,0.5
McNeil,MID,CRY,241,8,3,1,54,62,0,0,0,2,0,11,0,0,0,0,0,2,0.0,0.0,3,2,0,2026-08-22T14:00:00Z,3,3,0,0,0,0,0.0,0.0,0.0,0.0,0.0,0.0,0.3333333333333333,1.3333333333333333,0.0,0.5773502691896258,0.0,0.0,0.0,0.0,0.25
McNeil,MID,CRY,241,8,3,2,54,22,0,0,0,1,0,2,0,0,0,0,0,1,0.0,0.0,11,1,4,2026-08-28T19:00:00Z,3,3,0,0,0,0,2.0,62.0,0.0,0.0,0.0,11.0,0.0,0.0,0.0,0.0,0.0,0.0,0.0,0.0,2.0
McNeil,MID,CRY,241,8,3,3,54,0,0,0,0,0,0,0,0,0,0,0,0,0,0.0,0.0,24,2,3,2026-09-05T14:00:00Z,3,3,0,0,0,0,1.5,42.0,0.0,0.0,0.0,6.5,0.0,0.0,0.0,0.0,0.0,0.0,0.0,0.0,1.5
George,MID,EVE,242,9,3,1,55,83,0,0,1,0,0,13,0,0,0,0,0,3,0.0,0.0,3,2,0,2026-08-22T14:00:00Z,3,3,0,0,0,0,0.0,0.0,0.0,0.0,0.0,0.0,1.0,28.0,0.0,1.0,0.0,0.0,0.0,0.0,0.75
George,MID,EVE,242,9,3,2,55,61,0,0,0,1,0,12,0,0,0,0,0,2,0.0,0.0,12,1,1,2026-08-29T14:00:00Z,3,3,0,0,0,0,3.0,83.0,0.0,0.0,1.0,13.0,0.0,0.0,0.0,0.0,0.0,0.0,0.0,0.0,3.0
George,MID,EVE,242,9,3,3,55,90,1,0,0,2,0,35,3,0,0,0,0,10,0.0,0.0,30,2,2,2026-09-06T13:00:00Z,3,3,0,0,0,0,2.5,72.0,0.0,0.0,0.5,12.5,0.0,0.0,0.0,0.0,0.0,0.0,0.0,0.0,2.5
Alcaraz,MID,EVE,243,9,3,1,49,1,0,0,0,0,0,7,0,0,0,0,0,1,0.0,0.0,3,2,0,2026-08-22T14:00:00Z,3,3,0,0,0,0,0.0,0.0,0.0,0.0,0.0,0.0,5.0,78.0,1.0,4.358898943540674,0.0,0.0,0.0,0.0,6.25
Alcaraz,MID,EVE,243,9,3,2,49,4,0,0,0,0,0,-2,0,1,0,0,0,0,0.0,0.0,12,1,1,2026-08-29T14:00:00Z,3,3,0,0,0,0,1.0,1.0,0.0,0.0,0.0,7.0,0.0,0.0,0.0,0.0,0.0,0.0,0.0,0.0,1.0
Alcaraz,MID,EVE,243,9,3,3,49,0,0,0,0,0,0,0,0,0,0,0,0,0,0.0,0.0,30,2,2,2026-09-06T13:00:00Z,3,3,0,0,0,0,0.5,2.5,0.0,0.0,0.0,2.5,0.0,0.0,0.0,0.0,0.0,0.0,0.0,0.0,0.5
Armstrong,MID,EVE,244,9,3,1,50,90,0,1,1,0,0,25,0,0,0,0,0,8,0.0,0.0,3,2,0,2026-08-22T14:00:00Z,3,3,0,0,0,0,0.0,0.0,0.0,0.0,0.0,0.0,0.3333333333333333,1.6666666666666667,0.0,0.5773502691896258,0.0,0.0,0.0,0.0,0.25
Armstrong,MID,EVE,244,9,3,2,50,86,0,0,0,1,0,12,0,0,0,0,0,2,0.0,0.0,12,1,1,2026-08-29T14:00:00Z,3,3,0,0,0,0,8.0,90.0,0.0,1.0,1.0,25.0,0.0,0.0,0.0,0.0,0.0,0.0,0.0,0.0,8.0
Armstrong,MID,EVE,244,9,3,3,50,90,0,0,0,2,0,5,0,1,0,0,0,1,0.0,0.0,30,2,2,2026-09-06T13:00:00Z,3,3,0,0,0,0,5.0,88.0,0.0,0.5,0.5,18.5,0.0,0.0,0.0,0.0,0.0,0.0,0.0,0.0,5.0
Dibling,MID,EVE,245,9,3,1,54,0,0,0,0,0,0,0,0,0,0,0,0,0,0.0,0.0,3,2,0,2026-08-22T14:00:00Z,3,3,0,0,0,0,0.0,0.0,0.0,0.0,0.0,0.0,3.6666666666666665,88.66666666666667,0.0,3.7859388972001824,0.0,0.0,0.0,0.0,3.0
Dibling,MID,EVE,245,9,3,2,54,0,0,0,0,0,0,0,0,0,0,0,0,0,0.0,0.0,12,1,1,2026-08-29T14:00:00Z,3,3,0,0,0,0,0.0,0.0,0.0,0.0,0.0,0.0,0.0,0.0,0.0,0.0,0.0,0.0,0.0,0.0,0.0
Dibling,MID,EVE,245,9,3,3,54,0,0,0,0,0,0,0,0,0,0,0,0,0,0.0,0.0,30,2,2,2026-09-06T13:00:00Z,3,3,0,0,0,0,0.0,0.0,0.0,0.0,0.0,0.0,0.0,0.0,0.0,0.0,0.0,0.0,0.0,0.0,0.0
Röhl,MID,EVE,246,9,3,1,50,90,0,0,1,0,0,12,0,0,0,0,0,3,0.0,0.0,3,2,0,2026-08-22T14:00:00Z,3,3,0,0,0,0,0.0,0.0,0.0,0.0,0.0,0.0,0.0,0.0,0.0,0.0,0.0,0.0,0.0,0.0,0.0
Röhl,MID,EVE,246,9,3,2,50,85,0,0,0,1,0,13,0,0,0,0,0,2,0.0,0.0,12,1,1,2026-08-29T14:00:00Z,3,3,0,0,0,0,3.0,90.0,0.0,0.0,1.0,12.0,0.0,0.0,0.0,0.0,0.0,0.0,0.0,0.0,3.0
Röhl,MID,EVE,246,9,3,3,50,74,0,0,0,1,0,10,0,1,0,0,0,1,0.0,0.0,30,2,2,2026-09-06T13:00:00Z,3,3,0,0,0,0,2.5,87.5,0.0,0.0,0.5,12.5,0.0,0.0,0.0,0.0,0.0,0.0,0.0,0.0,2.5
Hackney,MID,EVE,247,9,3,1,55,78,0,0,1,0,0,16,0,0,0,0,0,3,0.0,0.0,3,2,0,2026-08-22T14:00:00Z,3,3,0,0,0,0,0.0,0.0,0.0,0.0,0.0,0.0,2.0,83.0,0.0,1.0,0.0,0.0,0.0,0.0,1.75
Hackney,MID,EVE,247,9,3,2,55,28,0,0,0,0,0,3,0,0,0,0,0,1,0.0,0.0,12,1,1,2026-08-29T14:00:00Z,3,3,0,0,0,0,3.0,78.0,0.0,0.0,1.0,16.0,0.0,0.0,0.0,0.0,0.0,0.0,0.0,0.0,3.0
Hackney,MID,EVE,247,9,3,3,55,15,0,1,0,1,0,14,0,0,0,0,0,4,0.0,0.0,30,2,2,2026-09-06T13:00:00Z,3,3,0,0,0,0,2.0,53.0,0.0,0.0,0.5,9.5,0.0,0.0,0.0,0.0,0.0,0.0,0.0,0.0,2.0
Beto,FWD,EVE,248,9,4,1,54,11,0,0,0,0,0,3,0,0,0,0,0,1,0.0,0.0,3,2,0,2026-08-22T14:00:00Z,3,3,0,0,0,0,0.0,0.0,0.0,0.0,0.0,0.0,2.6666666666666665,40.333333333333336,0.0,1.5275252316519468,0.0,0.0,0.0,0.0,3.0
Beto,FWD,EVE,248,9,4,2,54,20,0,0,0,0,0,2,0,0,0,0,0,1,0.0,0.0,12,1,1,2026-08-29T14:00:00Z,3,3,0,0,0,0,1.0,11.0,0.0,0.0,0.0,3.0,0.0,0.0,0.0,0.0,0.0,0.0,0.0,0.0,1.0
Beto,FWD,EVE,248,9,4,3,54,0,0,0,0,0,0,0,0,0,0,0,0,0,0.0,0.0,30,2,2,2026-09-06T13:00:00Z,3,3,0,0,0,0,1.0,15.5,0.0,0.0,0.0,2.5,0.0,0.0,0.0,0.0,0.0,0.0,0.0,0.0,1.0
Barry,FWD,EVE,249,9,4,1,56,78,1,0,1,0,0,37,2,0,0,0,0,8,0.0,0.0,3,2,0,2026-08-22T14:00:00Z,3,3,0,0,0,0,0.0,0.0,0.0,0.0,0.0,0.0,0.6666666666666666,10.333333333333334,0.0,0.5773502691896258,0.0,0.0,0.0,0.0,0.5
Barry,FWD,EVE,249,9,4,2,56,69,0,0,0,1,0,6,0,0,0,0,0,2,0.0,0.0,12,1,1,2026-08-29T14:00:00Z,3,3,0,0,0,0,8.0,78.0,1.0,0.0,1.0,37.0,0.0,0.0,0.0,0.0,0.0,0.0,0.0,0.0,8.0
Barry,FWD,EVE,249,9,4,3,56,90,0,0,0,2,0,7,0,0,0,0,0,2,0.0,0.0,30,2,2,2026-09-06T13:00:00Z,3,3,0,0,0,0,5.0,73.5,0.5,0.0,0.5,21.5,0.0,0.0,0.0,0.0,0.0,0.0,0.0,0.0,5.0
Leno,GKP,FUL,250,10,1,1,45,90,0,0,0,3,3,11,0,0,0,0,0,2,0.0,0.0,10,2,3,2026-08-24T19:00:00Z,2,3,0,0,0,0,0.0,0.0,0.0,0.0,0.0,0.0,4.0,79.0,1.0,3.4641016151377544,0.0,0.0,0.0,0.0,3.5
Leno,GKP,FUL,250,10,1,2,45,90,0,0,0,1,3,11,0,0,0,0,0,3,0.0,0.0,19,1,0,2026-08-30T13:00:00Z,2,3,0,0,0,0,2.0,90.0,0.0,0.0,0.0,11.0,0.0,0.0,0.0,0.0,0.0,0.0,0.0,0.0,2.0
Leno,GKP,FUL,250,10,1,3,45,90,0,0,0,3,2,8,0,0,0,0,0,1,0.0,0.0,24,2,3,2026-09-05T14:00:00Z,2,3,0,0,0,0,2.5,90.0,0.0,0.0,0.0,11.0,0.0,0.0,0.0,0.0,0.0,0.0,0.0,0.0,2.5
Lecomte,GKP,FUL,251,10,1,1,40,0,0,0,0,0,0,0,0,0,0,0,0,0,0.0,0.0,10,2,3,2026-08-24T19:00:00Z,2,3,0,0,0,0,0.0,0.0,0.0,0.0,0.0,0.0,2.0,90.0,0.0,1.0,0.0,0.0,0.0,0.0,1.75
Lecomte,GKP,FUL,251,10,1,2,40,0,0,0,0,0,0,0,0,0,0,0,0,0,0.0,0.0,19,1,0,2026-08-30T13:00:00Z,2,3,0,0,0,0,0.0,0.0,0.0,0.0,0.0,0.0,0.0,0.0,0.0,0.0,0.0,0.0,0.0,0.0,0.0
Lecomte,GKP,FUL,251,10,1,3,40,0,0,0,0,0,0,0,0,0,0,0,0,0,0.0,0.0,24,2,3,2026-09-05T14:00:00Z,2,3,0,0,0,0,0.0,0.0,0.0,0.0,0.0,0.0,0.0,0.0,0.0,0.0,0.0,0.0,0.0,0.0,0.0
McNally,GKP,FUL,252,10,1,1,40,0,0,0,0,0,0,0,0,0,0,0,0,0,0.0,0.0,10,2,3,2026-08-24T19:00:00Z,2,3,0,0,0,0,0.0,0.0,0.0,0.0,0.0,0.0,0.0,0.0,0.0,0.0,0.0,0.0,0.0,0.0,0.0
McNally,GKP,FUL,252,10,1,2,40,0,0,0,0,0,0,0,0,0,0,0,0,0,0.0,0.0,19,1,0,2026-08-30T13:00:00Z,2,3,0,0,0,0,0.0,0.0,0.0,0.0,0.0,0.0,0.0,0.0,0.0,0.0,0.0,0.0,0.0,0.0,0.0
McNally,GKP,FUL,252,10,1,3,40,0,0,0,0,0,0,0,0,0,0,0,0,0,0.0,0.0,24,2,3,2026-09-05T14:00:00Z,2,3,0,0,0,0,0.0,0.0,0.0,0.0,0.0,0.0,0.0,0.0,0.0,0.0,0.0,0.0,0.0,0.0,0.0
Andersen,DEF,FUL,253,10,2,1,50,0,0,0,0,0,0,0,0,0,0,0,0,0,0.0,0.0,10,2,3,2026-08-24T19:00:00Z,2,3,0,0,0,0,0.0,0.0,0.0,0.0,0.0,0.0,0.0,0.0,0.0,0.0,0.0,0.0,0.0,0.0,0.0
Andersen,DEF,FUL,253,10,2,2,50,90,0,0,0,1,0,4,0,1,0,0,0,1,0.0,0.0,19,1,0,2026-08-30T13:00:00Z,2,3,0,0,0,0,0.0,0.0,0.0,0.0,0.0,0.0,0.0,0.0,0.0,0.0,0.0,0.0,0.0,0.0,0.0
Andersen,DEF,FUL,253,10,2,3,50,90,0,0,0,3,0,8,0,0,0,0,0,1,0.0,0.0,24,2,3,2026-09-05T14:00:00Z,2,3,0,0,0,0,0.5,45.0,0.0,0.0,0.0,2.0,0.0,0.0,0.0,0.0,0.0,0.0,0.0,0.0,0.5
Robinson,DEF,FUL,254,10,2,1,45,81,0,0,0,3,0,4,0,0,0,0,0,1,0.0,0.0,10,2,3,2026-08-24T19:00:00Z,2,3,0,0,0,0,0.0,0.0,0.0,0.0,0.0,0.0,0.6666666666666666,60.0,0.0,0.5773502691896258,0.0,0.0,0.0,0.0,0.75
Robinson,DEF,FUL,254,10,2,2,45,90,0,0,0,1,0,10,0,0,0,0,0,2,0.0,0.0,19,1,0,2026-08-30T13:00:00Z,2,3,0,0,0,0,1.0,81.0,0.0,0.0,0.0,4.0,0.0,0.0,0.0,0.0,0.0,0.0,0.0,0.0,1.0
Robinson,DEF,FUL,254,10,2,3,45,78,0,0,0,3,0,7,0,0,0,0,0,1,0.0,0.0,24,2,3,2026-09-05T14:00:00Z,2,3,0,0,0,0,1.5,85.5,0.0,0.0,0.0,7.0,0.0,0.0,0.0,0.0,0.0,0.0,0.0,0.0,1.5
J.Cuenca,DEF,FUL,255,10,2,1,45,90,0,0,0,3,0,7,0,0,0,0,0,3,0.0,0.0,10,2,3,2026-08-24T19:00:00Z,2,3,0,0,0,0,0.0,0.0,0.0,0.0,0.0,0.0,1.3333333333333333,83.0,0.0,0.5773502691896257,0.0,0.0,0.0,0.0,1.25
J.Cuenca,DEF,FUL,255,10,2,2,45,0,0,0,0,0,0,0,0,0,0,0,0,0,0.0,0.0,19,1,0,2026-08-30T13:00:00Z,2,3,0,0,0,0,3.0,90.0,0.0,0.0,0.0,7.0,0.0,0.0,0.0,0.0,0.0,0.0,0.0,0.0,3.0
J.Cuenca,DEF,FUL,255,10,2,3,45,0,0,0,0,0,0,0,0,0,0,0,0,0,0.0,0.0,24,2,3,2026-09-05T14:00:00Z,2,3,0,0,0,0,1.5,45.0,0.0,0.0,0.0,3.5,0.0,0.0,0.0,0.0,0.0,0.0,0.0,0.0,1.5
Tete,DEF,FUL,256,10,2,1,44,0,0,0,0,0,0,0,0,0,0,0,0,0,0.0,0.0,10,2,3,2026-08-24T19:00:00Z,2,3,0,0,0,0,0.0,0.0,0.0,0.0,0.0,0.0,1.0,30.0,0.0,1.7320508075688772,0.0,0.0,0.0,0.0,0.75
Tete,DEF,FUL,256,10,2,2,44,0,0,0,0,0,0,0,0,0,0,0,0,0,0.0,0.0,19,1,0,2026-08-30T13:00:00Z,2,3,0,0,0,0,0.0,0.0,0.0,0.0,0.0,0.0,0.0,0.0,0.0,0.0,0.0,0.0,0.0,0.0,0.0
Tete,DEF,FUL,256,10,2,3,44,0,0,0,0,0,0,0,0,0,0,0,0,0,0.0,0.0,24,2,3,2026-09-05T14:00:00Z,2,3,0,0,0,0,0.0,0.0,0.0,0.0,0.0,0.0,0.0,0.0,0.0,0.0,0.0,0.0,0.0,0.0,0.0
Bassey,DEF,FUL,257,10,2,1,45,90,0,0,0,3,0,1,0,1,0,0,0,0,0.0,0.0,10,2,3,2026-08-24T19:00:00Z,2,3,0,0,0,0,0.0,0.0,0.0,0.0,0.0,0.0,0.0,0.0,0.0,0.0,0.0,0.0,0.0,0.0,0.0
Bassey,DEF,FUL,257,10,2,2,45,90,0,0,0,1,0,13,0,0,0,0,0,2,0.0,0.0,19,1,0,2026-08-30T13:00:00Z,2,3,0,0,0,0,0.0,90.0,0.0,0.0,0.0,1.0,0.0,0.0,0.0,0.0,0.0,0.0,0.0,0.0,0.0
Bassey,DEF,FUL,257,10,2,3,45,90,0,0,0,3,0,2,0,0,0,0,0,1,0.0,0.0,24,2,3,2026-09-05T14:00:00Z,2,3,0,0,0,0,1.0,90.0,0.0,0.0,0.0,7.0,0.0,0.0,0.0,0.0,0.0,0.0,0.0,0.0,1.0
Castagne,DEF,FUL,258,10,2,1,45,90,0,2,0,3,0,21,0,1,0,0,0,6,0.0,0.0,10,2,3,2026-08-24T19:00:00Z,2,3,0,0,0,0,0.0,0.0,0.0,0.0,0.0,0.0,1.0,90.0,0.0,1.0,0.0,0.0,0.0,0.0,1.0
Castagne,DEF,FUL,258,10,2,2,45,67,0,0,1,0,0,18,0,0,0,0,0,6,0.0,0.0,19,1,0,2026-08-30T13:00:00Z,2,3,0,0,0,0,6.0,90.0,0.0,2.0,0.0,21.0,0.0,0.0,0.0,0.0,0.0,0.0,0.0,0.0,6.0
Castagne,DEF,FUL,258,10,2,3,45,90,0,0,0,3,0,-1,0,0,0,0,0,1,0.0,0.0,24,2,3,2026-09-05T14:00:00Z,2,3,0,0,0,0,6.0,78.5,0.0,1.0,0.5,19.5,0.0,0.0,0.0,0.0,0.0,0.0,0.0,0.0,6.0
Diop,DEF,IPS,259,12,2,1,40,90,0,0,0,1,0,7,0,0,0,0,0,2,0.0,0.0,5,2,1,2026-08-22T14:00:00Z,2,2,0,0,0,0,0.0,0.0,0.0,0.0,0.0,0.0,4.333333333333333,82.33333333333333,0.0,2.8867513459481287,0.0,0.0,0.0,0.0,3.5
Diop,DEF,IPS,259,12,2,2,40,90,0,0,0,5,0,7,0,0,0,0,0,2,0.0,0.0,18,5,2,2026-08-30T15:30:00Z,2,2,0,0,0,0,2.0,90.0,0.0,0.0,0.0,7.0,0.0,0.0,0.0,0.0,0.0,0.0,0.0,0.0,2.0
Diop,DEF,IPS,259,12,2,3,40,90,0,0,0,2,0,10,0,0,0,0,0,3,0.0,0.0,21,0,2,2026-09-04T19:00:00Z,2,2,0,0,0,0,2.0,90.0,0.0,0.0,0.0,7.0,0.0,0.0,0.0,0.0,0.0,0.0,0.0,0.0,2.0
Wilson,MID,LEE,260,13,3,1,63,65,0,0,1,0,0,8,0,0,0,0,0,3,0.0,0.0,6,0,1,2026-08-22T14:00:00Z,2,3,0,0,0,0,0.0,0.0,0.0,0.0,0.0,0.0,2.3333333333333335,90.0,0.0,0.5773502691896257,0.0,0.0,0.0,0.0,2.5
Wilson,MID,LEE,260,13,3,2,63,45,0,0,0,0,0,7,0,0,0,0,0,1,0.0,0.0,17,1,1,2026-08-30T13:00:00Z,2,3,0,0,0,0,3.0,65.0,0.0,0.0,1.0,8.0,0.0,0.0,0.0,0.0,0.0,0.0,0.0,0.0,3.0
Wilson,MID,LEE,260,13,3,3,63,17,0,0,0,0,0,0,0,1,0,0,0,0,0.0,0.0,23,1,1,2026-09-05T14:00:00Z,2,3,0,0,0,0,2.0,55.0,0.0,0.0,0.5,7.5,0.0,0.0,0.0,0.0,0.0,0.0,0.0,0.0,2.0
Iwobi,MID,FUL,261,10,3,1,54,90,0,0,0,3,0,17,0,0,0,0,0,2,0.0,0.0,10,2,3,2026-08-24T19:00:00Z,2,3,0,0,0,0,0.0,0.0,0.0,0.0,0.0,0.0,1.3333333333333333,42.333333333333336,0.0,1.5275252316519468,0.0,0.0,0.0,0.0,1.0
Iwobi,MID,FUL,261,10,3,2,54,90,0,0,0,1,0,20,0,0,0,0,0,2,0.0,0.0,19,1,0,2026-08-30T13:00:00Z,2,3,0,0,0,0,2.0,90.0,0.0,0.0,0.0,17.0,0.0,0.0,0.0,0.0,0.0,0.0,0.0,0.0,2.0
Iwobi,MID,FUL,261,10,3,3,54,82,0,0,0,3,0,15,0,0,0,0,0,2,0.0,0.0,24,2,3,2026-09-05T14:00:00Z,2,3,0,0,0,0,2.0,90.0,0.0,0.0,0.0,18.5,0.0,0.0,0.0,0.0,0.0,0.0,0.0,0.0,2.0
Smith Rowe,MID,FUL,262,10,3,1,54,0,0,0,0,0,0,0,0,0,0,0,0,0,0.0,0.0,10,2,3,2026-08-24T19:00:00Z,2,3,0,0,0,0,0.0,0.0,0.0,0.0,0.0,0.0,2.0,87.33333333333333,0.0,0.0,0.0,0.0,0.0,0.0,2.0
Smith Rowe,MID,FUL,262,10,3,2,54,14,0,0,0,0,0,5,0,0,0,0,0,1,0.0,0.0,19,1,0,2026-08-30T13:00:00Z,2,3,0,0,0,0,0.0,0.0,0.0,0.0,0.0,0.0,0.0,0.0,0.0,0.0,0.0,0.0,0.0,0.0,0.0
Smith Rowe,MID,FUL,262,10,3,3,54,11,0,0,0,0,0,3,0,0,0,0,0,1,0.0,0.0,24,2,3,2026-09-05T14:00:00Z,2,3,0,0,0,0,0.5,7.0,0.0,0.0,0.0,2.5,0.0,0.0,0.0,0.0,0.0,0.0,0.0,0.0,0.5
Kevin,MID,FUL,263,10,3,1,54,17,0,0,0,0,0,2,0,0,0,0,0,1,0.0,0.0,10,2,3,2026-08-24T19:00:00Z,2,3,0,0,0,0,0.0,0.0,0.0,0.0,0.0,0.0,0.6666666666666666,8.333333333333334,0.0,0.5773502691896258,0.0,0.0,0.0,0.0,0.75
Kevin,MID,FUL,263,10,3,2,54,7,0,0,0,0,0,2,0,0,0,0,0,1,0.0,0.0,19,1,0,2026-08-30T13:00:00Z,2,3,0,0,0,0,1.0,17.0,0.0,0.0,0.0,2.0,0.0,0.0,0.0,0.0,0.0,0.0,0.0,0.0,1.0
Kevin,MID,FUL,263,10,3,3,54,0,0,0,0,0,0,0,0,0,0,0,0,0,0.0,0.0,24,2,3,2026-09-05T14:00:00Z,2,3,0,0,0,0,1.0,12.0,0.0,0.0,0.0,2.0,0.0,0.0,0.0,0.0,0.0,0.0,0.0,0.0,1.0
Bobb,MID,FUL,264,10,3,1,55,66,0,0,0,3,0,10,0,0,0,0,0,2,0.0,0.0,10,2,3,2026-08-24T19:00:00Z,2,3,0,0,0,0,0.0,0.0,0.0,0.0,0.0,0.0,0.6666666666666666,8.0,0.0,0.5773502691896258,0.0,0.0,0.0,0.0,0.5
Bobb,MID,FUL,264,10,3,2,55,67,0,0,1,0,0,8,0,0,0,0,0,3,0.0,0.0,19,1,0,2026-08-30T13:00:00Z,2,3,0,0,0,0,2.0,66.0,0.0,0.0,0.0,10.0,0.0,0.0,0.0,0.0,0.0,0.0,0.0,0.0,2.0
Bobb,MID,FUL,264,10,3,3,55,78,0,0,0,3,0,17,0,0,0,0,0,2,0.0,0.0,24,2,3,2026-09-05T14:00:00Z,2,3,0,0,0,0,2.5,66.5,0.0,0.0,0.5,9.0,0.0,0.0,0.0,0.0,0.0,0.0,0.0,0.0,2.5
Berge,MID,FUL,265,10,3,1,49,72,0,0,0,3,0,14,0,0,0,0,0,2,0.0,0.0,10,2,3,2026-08-24T19:00:00Z,2,3,0,0,0,0,0.0,0.0,0.0,0.0,0.0,0.0,2.3333333333333335,70.33333333333333,0.0,0.5773502691896258,0.0,0.0,0.0,0.0,2.25
Berge,MID,FUL,265,10,3,2,49,82,0,0,0,1,0,14,0,0,0,0,0,2,0.0,0.0,19,1,0,2026-08-30T13:00:00Z,2,3,0,0,0,0,2.0,72.0,0.0,0.0,0.0,14.0,0.0,0.0,0.0,0.0,0.0,0.0,0.0,0.0,2.0
Berge,MID,FUL,265,10,3,3,49,29,0,0,0,1,0,9,0,0,0,0,0,1,0.0,0.0,24,2,3,2026-09-05T14:00:00Z,2,3,0,0,0,0,2.0,77.0,0.0,0.0,0.0,14.0,0.0,0.0,0.0,0.0,0.0,0.0,0.0,0.0,2.0
Cairney,MID,FUL,266,10,3,1,50,0,0,0,0,0,0,0,0,0,0,0,0,0,0.0,0.0,10,2,3,2026-08-24T19:00:00Z,2,3,0,0,0,0,0.0,0.0,0.0,0.0,0.0,0.0,1.6666666666666667,61.0,0.0,0.5773502691896258,0.0,0.0,0.0,0.0,1.5
Cairney,MID,FUL,266,10,3,2,50,0,0,0,0,0,0,0,0,0,0,0,0,0,0.0,0.0,19,1,0,2026-08-30T13:00:00Z,2,3,0,0,0,0,0.0,0.0,0.0,0.0,0.0,0.0,0.0,0.0,0.0,0.0,0.0,0.0,0.0,0.0,0.0
Cairney,MID,FUL,266,10,3,3,50,0,0,0,0,0,0,0,0,0,0,0,0,0,0.0,0.0,24,2,3,2026-09-05T14:00:00Z,2,3,0,0,0,0,0.0,0.0,0.0,0.0,0.0,0.0,0.0,0.0,0.0,0.0,0.0,0.0,0.0,0.0,0.0
Lukić,MID,IPS,267,12,3,1,50,90,0,1,0,1,0,22,0,0,0,0,0,5,0.0,0.0,5,2,1,2026-08-22T14:00:00Z,2,2,0,0,0,0,0.0,0.0,0.0,0.0,0.0,0.0,0.0,0.0,0.0,0.0,0.0,0.0,0.0,0.0,0.0
Lukić,MID,IPS,267,12,3,2,50,72,0,0,0,4,0,11,0,1,0,0,0,1,0.0,0.0,18,5,2,2026-08-30T15:30:00Z,2,2,0,0,0,0,5.0,90.0,0.0,1.0,0.0,22.0,0.0,0.0,0.0,0.0,0.0,0.0,0.0,0.0,5.0
Lukić,MID,IPS,267,12,3,3,50,90,0,0,0,2,0,13,0,0,0,0,0,2,0.0,0.0,21,0,2,2026-09-04T19:00:00Z,2,2,0,0,0,0,3.0,81.0,0.0,0.5,0.0,16.5,0.0,0.0,0.0,0.0,0.0,0.0,0.0,0.0,3.0
King,MID,FUL,268,10,3,1,55,90,1,0,0,3,0,34,0,0,0,0,0,7,0.0,0.0,10,2,3,2026-08-24T19:00:00Z,2,3,0,0,0,0,0.0,0.0,0.0,0.0,0.0,0.0,2.6666666666666665,84.0,0.0,2.0816659994661326,0.0,0.0,0.0,0.0,2.5
King,MID,FUL,268,10,3,2,55,90,0,0,0,1,0,8,0,0,0,0,0,2,0.0,0.0,19,1,0,2026-08-30T13:00:00Z,2,3,0,0,0,0,7.0,90.0,1.0,0.0,0.0,34.0,0.0,0.0,0.0,0.0,0.0,0.0,0.0,0.0,7.0
King,MID,FUL,268,10,3,3,55,90,1,0,0,3,0,38,3,0,0,0,0,10,0.0,0.0,24,2,3,2026-09-05T14:00:00Z,2,3,0,0,0,0,4.5,90.0,0.5,0.0,0.0,21.0,0.0,0.0,0.0,0.0,0.0,0.0,0.0,0.0,4.5
Sessegnon,DEF,FUL,269,10,2,1,44,17,0,0,0,0,0,7,0,0,0,0,0,1,0.0,0.0,10,2,3,2026-08-24T19:00:00Z,2,3,0,0,0,0,0.0,0.0,0.0,0.0,0.0,0.0,6.333333333333333,90.0,2.0,4.041451884327381,0.0,0.0,0.0,0.0,7.25
Sessegnon,DEF,FUL,269,10,2,2,44,22,0,0,0,1,0,3,0,0,0,0,0,1,0.0,0.0,19,1,0,2026-08-30T13:00:00Z,2,3,0,0,0,0,1.0,17.0,0.0,0.0,0.0,7.0,0.0,0.0,0.0,0.0,0.0,0.0,0.0,0.0,1.0
Sessegnon,DEF,FUL,269,10,2,3,44,11,0,0,0,0,0,3,0,0,0,0,0,1,0.0,0.0,24,2,3,2026-09-05T14:00:00Z,2,3,0,0,0,0,1.0,19.5,0.0,0.0,0.0,5.0,0.0,0.0,0.0,0.0,0.0,0.0,0.0,0.0,1.0
Reed,MID,FUL,270,10,3,1,45,0,0,0,0,0,0,0,0,0,0,0,0,0,0.0,0.0,10,2,3,2026-08-24T19:00:00Z,2,3,0,0,0,0,0.0,0.0,0.0,0.0,0.0,0.0,1.0,16.666666666666668,0.0,0.0,0.0,0.0,0.0,0.0,1.0
Reed,MID,FUL,270,10,3,2,45,0,0,0,0,0,0,0,0,0,0,0,0,0,0.0,0.0,19,1,0,2026-08-30T13:00:00Z,2,3,0,0,0,0,0.0,0.0,0.0,0.0,0.0,0.0,0.0,0.0,0.0,0.0,0.0,0.0,0.0,0.0,0.0
Reed,MID,FUL,270,10,3,3,45,0,0,0,0,0,0,0,0,0,0,0,0,0,0.0,0.0,24,2,3,2026-09-05T14:00:00Z,2,3,0,0,0,0,0.0,0.0,0.0,0.0,0.0,0.0,0.0,0.0,0.0,0.0,0.0,0.0,0.0,0.0,0.0
Muniz,FWD,FUL,271,10,4,1,54,8,0,0,0,0,0,6,0,0,0,0,0,1,0.0,0.0,10,2,3,2026-08-24T19:00:00Z,2,3,0,0,0,0,0.0,0.0,0.0,0.0,0.0,0.0,0.0,0.0,0.0,0.0,0.0,0.0,0.0,0.0,0.0
Muniz,FWD,FUL,271,10,4,2,54,0,0,0,0,0,0,0,0,0,0,0,0,0,0.0,0.0,19,1,0,2026-08-30T13:00:00Z,2,3,0,0,0,0,1.0,8.0,0.0,0.0,0.0,6.0,0.0,0.0,0.0,0.0,0.0,0.0,0.0,0.0,1.0
Muniz,FWD,FUL,271,10,4,3,54,7,0,0,0,0,0,5,0,0,0,0,0,1,0.0,0.0,24,2,3,2026-09-05T14:00:00Z,2,3,0,0,0,0,0.5,4.0,0.0,0.0,0.0,3.0,0.0,0.0,0.0,0.0,0.0,0.0,0.0,0.0,0.5
Kusi-Asare,FWD,FUL,272,10,4,1,45,0,0,0,0,0,0,0,0,0,0,0,0,0,0.0,0.0,10,2,3,2026-08-24T19:00:00Z,2,3,0,0,0,0,0.0,0.0,0.0,0.0,0.0,0.0,0.6666666666666666,5.0,0.0,0.5773502691896258,0.0,0.0,0.0,0.0,0.75
Kusi-Asare,FWD,FUL,272,10,4,2,45,0,0,0,0,0,0,0,0,0,0,0,0,0,0.0,0.0,19,1,0,2026-08-30T13:00:00Z,2,3,0,0,0,0,0.0,0.0,0.0,0.0,0.0,0.0,0.0,0.0,0.0,0.0,0.0,0.0,0.0,0.0,0.0
Kusi-Asare,FWD,FUL,272,10,4,3,45,0,0,0,0,0,0,0,0,0,0,0,0,0,0.0,0.0,24,2,3,2026-09-05T14:00:00Z,2,3,0,0,0,0,0.0,0.0,0.0,0.0,0.0,0.0,0.0,0.0,0.0,0.0,0.0,0.0,0.0,0.0,0.0
Phillips,GKP,HUL,273,11,1,1,40,0,0,0,0,0,0,0,0,0,0,0,0,0,0.0,0.0,4,2,0,2026-08-22T11:30:00Z,2,2,0,0,0,0,0.0,0.0,0.0,0.0,0.0,0.0,0.0,0.0,0.0,0.0,0.0,0.0,0.0,0.0,0.0
Phillips,GKP,HUL,273,11,1,2,40,0,0,0,0,0,0,0,0,0,0,0,0,0,0.0,0.0,13,0,1,2026-08-29T14:00:00Z,2,2,0,0,0,0,0.0,0.0,0.0,0.0,0.0,0.0,0.0,0.0,0.0,0.0,0.0,0.0,0.0,0.0,0.0
Phillips,GKP,HUL,273,11,1,3,40,0,0,0,0,0,0,0,0,0,0,0,0,0,0.0,0.0,25,0,0,2026-09-05T16:30:00Z,2,2,0,0,0,0,0.0,0.0,0.0,0.0,0.0,0.0,0.0,0.0,0.0,0.0,0.0,0.0,0.0,0.0,0.0
Butland,GKP,HUL,274,11,1,1,45,0,0,0,0,0,0,0,0,0,0,0,0,0,0.0,0.0,4,2,0,2026-08-22T11:30:00Z,2,2,0,0,0,0,0.0,0.0,0.0,0.0,0.0,0.0,0.0,0.0,0.0,0.0,0.0,0.0,0.0,0.0,0.0
Butland,GKP,HUL,274,11,1,2,45,0,0,0,0,0,0,0,0,0,0,0,0,0,0.0,0.0,13,0,1,2026-08-29T14:00:00Z,2,2,0,0,0,0,0.0,0.0,0.0,0.0,0.0,0.0,0.0,0.0,0.0,0.0,0.0,0.0,0.0,0.0,0.0
Butland,GKP,HUL,274,11,1,3,45,0,0,0,0,0,0,0,0,0,0,0,0,0,0.0,0.0,25,0,0,2026-09-05T16:30:00Z,2,2,0,0,0,0,0.0,0.0,0.0,0.0,0.0,0.0,0.0,0.0,0.0,0.0,0.0,0.0,0.0,0.0,0.0
Cartwright,GKP,HUL,275,11,1,1,40,0,0,0,0,0,0,0,0,0,0,0,0,0,0.0,0.0,4,2,0,2026-08-22T11:30:00Z,2,2,0,0,0,0,0.0,0.0,0.0,0.0,0.0,0.0,0.0,0.0,0.0,0.0,0.0,0.0,0.0,0.0,0.0
Cartwright,GKP,HUL,275,11,1,2,40,0,0,0,0,0,0,0,0,0,0,0,0,0,0.0,0.0,13,0,1,2026-08-29T14:00:00Z,2,2,0,0,0,0,0.0,0.0,0.0,0.0,0.0,0.0,0.0,0.0,0.0,0.0,0.0,0.0,0.0,0.0,0.0
Cartwright,GKP,HUL,275,11,1,3,40,0,0,0,0,0,0,0,0,0,0,0,0,0,0.0,0.0,25,0,0,2026-09-05T16:30:00Z,2,2,0,0,0,0,0.0,0.0,0.0,0.0,0.0,0.0,0.0,0.0,0.0,0.0,0.0,0.0,0.0,0.0,0.0
Lo-Tutala,GKP,HUL,276,11,1,1,40,0,0,0,0,0,0,0,0,0,0,0,0,0,0.0,0.0,4,2,0,2026-08-22T11:30:00Z,2,2,0,0,0,0,0.0,0.0,0.0,0.0,0.0,0.0,0.0,0.0,0.0,0.0,0.0,0.0,0.0,0.0,0.0
Lo-Tutala,GKP,HUL,276,11,1,2,40,0,0,0,0,0,0,0,0,0,0,0,0,0,0.0,0.0,13,0,1,2026-08-29T14:00:00Z,2,2,0,0,0,0,0.0,0.0,0.0,0.0,0.0,0.0,0.0,0.0,0.0,0.0,0.0,0.0,0.0,0.0,0.0
Lo-Tutala,GKP,HUL,276,11,1,3,40,0,0,0,0,0,0,0,0,0,0,0,0,0,0.0,0.0,25,0,0,2026-09-05T16:30:00Z,2,2,0,0,0,0,0.0,0.0,0.0,0.0,0.0,0.0,0.0,0.0,0.0,0.0,0.0,0.0,0.0,0.0,0.0
Egan,DEF,HUL,277,11,2,1,41,90,0,0,1,0,0,27,0,0,0,0,0,8,0.0,0.0,4,2,0,2026-08-22T11:30:00Z,2,2,0,0,0,0,0.0,0.0,0.0,0.0,0.0,0.0,0.0,0.0,0.0,0.0,0.0,0.0,0.0,0.0,0.0
Egan,DEF,HUL,277,11,2,2,41,90,0,0,1,0,0,25,1,0,0,0,0,9,0.0,0.0,13,0,1,2026-08-29T14:00:00Z,2,2,0,0,0,0,8.0,90.0,0.0,0.0,1.0,27.0,0.0,0.0,0.0,0.0,0.0,0.0,0.0,0.0,8.0
Egan,DEF,HUL,277,11,2,3,41,90,0,0,1,0,0,18,0,0,0,0,0,6,0.0,0.0,25,0,0,2026-09-05T16:30:00Z,2,2,0,0,0,0,8.5,90.0,0.0,0.0,1.0,26.0,0.0,0.0,0.0,0.0,0.0,0.0,0.0,0.0,8.5
Hughes,DEF,HUL,278,11,2,1,40,0,0,0,0,0,0,0,0,0,0,0,0,0,0.0,0.0,4,2,0,2026-08-22T11:30:00Z,2,2,0,0,0,0,0.0,0.0,0.0,0.0,0.0,0.0,7.666666666666667,90.0,0.0,1.5275252316519468,0.0,0.0,0.0,0.0,7.25
Hughes,DEF,HUL,278,11,2,2,40,0,0,0,0,0,0,0,0,0,0,0,0,0,0.0,0.0,13,0,1,2026-08-29T14:00:00Z,2,2,0,0,0,0,0.0,0.0,0.0,0.0,0.0,0.0,0.0,0.0,0.0,0.0,0.0,0.0,0.0,0.0,0.0
Hughes,DEF,HUL,278,11,2,3,40,0,0,0,0,0,0,0,0,0,0,0,0,0,0.0,0.0,25,0,0,2026-09-05T16:30:00Z,2,2,0,0,0,0,0.0,0.0,0.0,0.0,0.0,0.0,0.0,0.0,0.0,0.0,0.0,0.0,0.0,0.0,0.0
Ajayi,DEF,HUL,279,11,2,1,42,63,1,0,1,0,0,39,2,0,0,0,0,14,0.0,0.0,4,2,0,2026-08-22T11:30:00Z,2,2,0,0,0,0,0.0,0.0,0.0,0.0,0.0,0.0,0.0,0.0,0.0,0.0,0.0,0.0,0.0,0.0,0.0
Ajayi,DEF,HUL,279,11,2,2,42,90,0,0,1,0,0,24,0,0,0,0,0,6,0.0,0.0,13,0,1,2026-08-29T14:00:00Z,2,2,0,0,0,0,14.0,63.0,1.0,0.0,1.0,39.0,0.0,0.0,0.0,0.0,0.0,0.0,0.0,0.0,14.0
Ajayi,DEF,HUL,279,11,2,3,42,90,0,0,1,0,0,17,0,1,0,0,0,5,0.0,0.0,25,0,0,2026-09-05T16:30:00Z,2,2,0,0,0,0,10.0,76.5,0.5,0.0,1.0,31.5,0.0,0.0,0.0,0.0,0.0,0.0,0.0,0.0,10.0
Coyle,DEF,HUL,280,11,2,1,40,69,0,0,1,0,0,23,0,0,0,0,0,6,0.0,0.0,4,2,0,2026-08-22T11:30:00Z,2,2,0,0,0,0,0.0,0.0,0.0,0.0,0.0,0.0,8.333333333333334,81.0,1.0,4.932882862316248,0.0,0.0,0.0,0.0,7.5
Coyle,DEF,HUL,280,11,2,2,40,45,0,0,0,0,0,2,0,1,0,0,0,0,0.0,0.0,13,0,1,2026-08-29T14:00:00Z,2,2,0,0,0,0,6.0,69.0,0.0,0.0,1.0,23.0,0.0,0.0,0.0,0.0,0.0,0.0,0.0,0.0,6.0
Coyle,DEF,HUL,280,11,2,3,40,63,0,0,1,0,0,19,0,0,0,0,0,6,0.0,0.0,25,0,0,2026-09-05T16:30:00Z,2,2,0,0,0,0,3.0,57.0,0.0,0.0,0.5,12.5,0.0,0.0,0.0,0.0,0.0,0.0,0.0,0.0,3.0
Drameh,DEF,HUL,281,11,2,1,40,20,0,0,0,0,0,4,0,0,0,0,0,1,0.0,0.0,4,2,0,2026-08-22T11:30:00Z,2,2,0,0,0,0,0.0,0.0,0.0,0.0,0.0,0.0,4.0,59.0,0.0,3.4641016151377544,0.0,0.0,0.0,0.0,4.5
Drameh,DEF,HUL,281,11,2,2,40,45,0,0,0,0,0,4,0,0,0,0,0,1,0.0,0.0,13,0,1,2026-08-29T14:00:00Z,2,2,0,0,0,0,1.0,20.0,0.0,0.0,0.0,4.0,0.0,0.0,0.0,0.0,0.0,0.0,0.0,0.0,1.0
Drameh,DEF,HUL,281,11,2,3,40,0,0,0,0,0,0,0,0,0,0,0,0,0,0.0,0.0,25,0,0,2026-09-05T16:30:00Z,2,2,0,0,0,0,1.0,32.5,0.0,0.0,0.0,4.0,0.0,0.0,0.0,0.0,0.0,0.0,0.0,0.0,1.0
Giles,DEF,HUL,282,11,2,1,40,84,0,0,1,0,0,24,0,0,0,0,0,6,0.0,0.0,4,2,0,2026-08-22T11:30:00Z,2,2,0,0,0,0,0.0,0.0,0.0,0.0,0.0,0.0,0.6666666666666666,21.666666666666668,0.0,0.5773502691896258,0.0,0.0,0.0,0.0,0.5
Giles,DEF,HUL,282,11,2,2,40,90,0,0,1,0,0,21,0,0,0,0,0,6,0.0,0.0,13,0,1,2026-08-29T14:00:00Z,2,2,0,0,0,0,6.0,84.0,0.0,0.0,1.0,24.0,0.0,0.0,0.0,0.0,0.0,0.0,0.0,0.0,6.0
Giles,DEF,HUL,282,11,2,3,40,90,0,0,1,0,0,30,2,0,0,0,0,8,0.0,0.0,25,0,0,2026-09-05T16:30:00Z,2,2,0,0,0,0,6.0,87.0,0.0,0.0,1.0,22.5,0.0,0.0,0.0,0.0,0.0,0.0,0.0,0.0,6.0
Jacob,DEF,HUL,283,11,2,1,40,0,0,0,0,0,0,0,0,0,0,0,0,0,0.0,0.0,4,2,0,2026-08-22T11:30:00Z,2,2,0,0,0,0,0.0,0.0,0.0,0.0,0.0,0.0,6.666666666666667,88.0,0.0,1.1547005383792515,0.0,0.0,0.0,0.0,7.0
Jacob,DEF,HUL,283,11,2,2,40,0,0,0,0,0,0,0,0,0,0,0,0,0,0.0,0.0,13,0,1,2026-08-29T14:00:00Z,2,2,0,0,0,0,0.0,0.0,0.0,0.0,0.0,0.0,0.0,0.0,0.0,0.0,0.0,0.0,0.0,0.0,0.0
Jacob,DEF,HUL,283,11,2,3,40,0,0,0,0,0,0,0,0,0,0,0,0,0,0.0,0.0,25,0,0,2026-09-05T16:30:00Z,2,2,0,0,0,0,0.0,0.0,0.0,0.0,0.0,0.0,0.0,0.0,0.0,0.0,0.0,0.0,0.0,0.0,0.0
McCarthy,DEF,HUL,284,11,2,1,40,0,0,0,0,0,0,0,0,0,0,0,0,0,0.0,0.0,4,2,0,2026-08-22T11:30:00Z,2,2,0,0,0,0,0.0,0.0,0.0,0.0,0.0,0.0,0.0,0.0,0.0,0.0,0.0,0.0,0.0,0.0,0.0
McCarthy,DEF,HUL,284,11,2,2,40,0,0,0,0,0,0,0,0,0,0,0,0,0,0.0,0.0,13,0,1,2026-08-29T14:00:00Z,2,2,0,0,0,0,0.0,0.0,0.0,0.0,0.0,0.0,0.0,0.0,0.0,0.0,0.0,0.0,0.0,0.0,0.0
McCarthy,DEF,HUL,284,11,2,3,40,0,0,0,0,0,0,0,0,0,0,0,0,0,0.0,0.0,25,0,0,2026-09-05T16:30:00Z,2,2,0,0,0,0,0.0,0.0,0.0,0.0,0.0,0.0,0.0,0.0,0.0,0.0,0.0,0.0,0.0,0.0,0.0
McNair,DEF,HUL,285,11,2,1,40,26,0,0,0,0,0,3,0,0,0,0,0,1,0.0,0.0,4,2,0,2026-08-22T11:30:00Z,2,2,0,0,0,0,0.0,0.0,0.0,0.0,0.0,0.0,0.0,0.0,0.0,0.0,0.0,0.0,0.0,0.0,0.0
McNair,DEF,HUL,285,11,2,2,40,0,0,0,0,0,0,0,0,0,0,0,0,0,0.0,0.0,13,0,1,2026-08-29T14:00:00Z,2,2,0,0,0,0,1.0,26.0,0.0,0.0,0.0,3.0,0.0,0.0,0.0,0.0,0.0,0.0,0.0,0.0,1.0
McNair,DEF,HUL,285,11,2,3,40,0,0,0,0,0,0,0,0,0,0,0,0,0,0.0,0.0,25,0,0,2026-09-05T16:30:00Z,2,2,0,0,0,0,0.5,13.0,0.0,0.0,0.0,1.5,0.0,0.0,0.0,0.0,0.0,0.0,0.0,0.0,0.5
Belloumi,MID,HUL,286,11,3,1,50,90,0,0,1,0,0,8,0,0,0,0,0,3,0.0,0.0,4,2,0,2026-08-22T11:30:00Z,2,2,0,0,0,0,0.0,0.0,0.0,0.0,0.0,0.0,0.3333333333333333,8.666666666666666,0.0,0.5773502691896258,0.0,0.0,0.0,0.0,0.25
Belloumi,MID,HUL,286,11,3,2,50,82,0,1,1,0,0,23,0,0,0,0,0,6,0.0,0.0,13,0,1,2026-08-29T14:00:00Z,2,2,0,0,0,0,3.0,90.0,0.0,0.0,1.0,8.0,0.0,0.0,0.0,0.0,0.0,0.0,0.0,0.0,3.0
Belloumi,MID,HUL,286,11,3,3,50,81,0,0,1,0,0,15,0,0,0,0,0,5,0.0,0.0,25,0,0,2026-09-05T16:30:00Z,2,2,0,0,0,0,4.5,86.0,0.0,0.5,1.0,15.5,0.0,0.0,0.0,0.0,0.0,0.0,0.0,0.0,4.5
Millar,MID,HUL,287,11,3,1,50,19,0,0,0,0,0,2,0,1,0,0,0,0,0.0,0.0,4,2,0,2026-08-22T11:30:00Z,2,2,0,0,0,0,0.0,0.0,0.0,0.0,0.0,0.0,4.666666666666667,84.33333333333333,0.0,1.5275252316519465,0.0,0.0,0.0,0.0,4.75
Millar,MID,HUL,287,11,3,2,50,31,1,0,0,0,0,24,0,0,0,0,0,6,0.0,0.0,13,0,1,2026-08-29T14:00:00Z,2,2,0,0,0,0,0.0,19.0,0.0,0.0,0.0,2.0,0.0,0.0,0.0,0.0,0.0,0.0,0.0,0.0,0.0
Millar,MID,HUL,287,11,3,3,50,0,0,0,0,0,0,0,0,0,0,0,0,0,0.0,0.0,25,0,0,2026-09-05T16:30:00Z,2,2,0,0,0,0,3.0,25.0,0.5,0.0,0.0,13.0,0.0,0.0,0.0,0.0,0.0,0.0,0.0,0.0,3.0
Dowell,MID,HUL,288,11,3,1,45,0,0,0,0,0,0,0,0,0,0,0,0,0,0.0,0.0,4,2,0,2026-08-22T11:30:00Z,2,2,0,0,0,0,0.0,0.0,0.0,0.0,0.0,0.0,2.0,16.666666666666668,1.0,3.4641016151377544,0.0,0.0,0.0,0.0,1.5
Dowell,MID,HUL,288,11,3,2,45,0,0,0,0,0,0,0,0,0,0,0,0,0,0.0,0.0,13,0,1,2026-08-29T14:00:00Z,2,2,0,0,0,0,0.0,0.0,0.0,0.0,0.0,0.0,0.0,0.0,0.0,0.0,0.0,0.0,0.0,0.0,0.0
Dowell,MID,HUL,288,11,3,3,45,0,0,0,0,0,0,0,0,0,0,0,0,0,0.0,0.0,25,0,0,2026-09-05T16:30:00Z,2,2,0,0,0,0,0.0,0.0,0.0,0.0,0.0,0.0,0.0,0.0,0.0,0.0,0.0,0.0,0.0,0.0,0.0
Crooks,MID,HUL,289,11,3,1,45,90,0,0,1,0,0,9,0,1,0,0,0,2,0.0,0.0,4,2,0,2026-08-22T11:30:00Z,2,2,0,0,0,0,0.0,0.0,0.0,0.0,0.0,0.0,0.0,0.0,0.0,0.0,0.0,0.0,0.0,0.0,0.0
Crooks,MID,HUL,289,11,3,2,45,0,0,0,0,0,0,0,0,0,0,0,0,0,0.0,0.0,13,0,1,2026-08-29T14:00:00Z,2,2,0,0,0,0,2.0,90.0,0.0,0.0,1.0,9.0,0.0,0.0,0.0,0.0,0.0,0.0,0.0,0.0,2.0
Crooks,MID,HUL,289,11,3,3,45,0,0,0,0,0,0,0,0,0,0,0,0,0,0.0,0.0,25,0,0,2026-09-05T16:30:00Z,2,2,0,0,0,0,1.0,45.0,0.0,0.0,0.5,4.5,0.0,0.0,0.0,0.0,0.0,0.0,0.0,0.0,1.0
Slater,MID,HUL,290,11,3,1,45,90,0,1,1,0,0,20,0,0,0,0,0,6,0.0,0.0,4,2,0,2026-08-22T11:30:00Z,2,2,0,0,0,0,0.0,0.0,0.0,0.0,0.0,0.0,0.6666666666666666,30.0,0.0,1.1547005383792517,0.0,0.0,0.0,0.0,0.5
Slater,MID,HUL,290,11,3,2,45,90,0,0,1,0,0,6,0,1,0,0,0,2,0.0,0.0,13,0,1,2026-08-29T14:00:00Z,2,2,0,0,0,0,6.0,90.0,0.0,1.0,1.0,20.0,0.0,0.0,0.0,0.0,0.0,0.0,0.0,0.0,6.0
Slater,MID,HUL,290,11,3,3,45,90,0,0,1,0,0,10,0,0,0,0,0,3,0.0,0.0,25,0,0,2026-09-05T16:30:00Z,2,2,0,0,0,0,4.0,90.0,0.0,0.5,1.0,13.0,0.0,0.0,0.0,0.0,0.0,0.0,0.0,0.0,4.0
Matazo,MID,HUL,291,11,3,1,45,0,0,0,0,0,0,0,0,0,0,0,0,0,0.0,0.0,4,2,0,2026-08-22T11:30:00Z,2,2,0,0,0,0,0.0,0.0,0.0,0.0,0.0,0.0,3.6666666666666665,90.0,0.0,2.0816659994661326,0.0,0.0,0.0,0.0,3.5
Matazo,MID,HUL,291,11,3,2,45,0,0,0,0,0,0,0,0,0,0,0,0,0,0.0,0.0,13,0,1,2026-08-29T14:00:00Z,2,2,0,0,0,0,0.0,0.0,0.0,0.0,0.0,0.0,0.0,0.0,0.0,0.0,0.0,0.0,0.0,0.0,0.0
Matazo,MID,HUL,291,11,3,3,45,0,0,0,0,0,0,0,0,0,0,0,0,0,0.0,0.0,25,0,0,2026-09-05T16:30:00Z,2,2,0,0,0,0,0.0,0.0,0.0,0.0,0.0,0.0,0.0,0.0,0.0,0.0,0.0,0.0,0.0,0.0,0.0
Ömür,MID,HUL,292,11,3,1,49,0,0,0,0,0,0,0,0,0,0,0,0,0,0.0,0.0,4,2,0,2026-08-22T11:30:00Z,2,2,0,0,0,0,0.0,0.0,0.0,0.0,0.0,0.0,0.0,0.0,0.0,0.0,0.0,0.0,0.0,0.0,0.0
Ömür,MID,HUL,292,11,3,2,49,0,0,0,0,0,0,0,0,0,0,0,0,0,0.0,0.0,13,0,1,2026-08-29T14:00:00Z,2,2,0,0,0,0,0.0,0.0,0.0,0.0,0.0,0.0,0.0,0.0,0.0,0.0,0.0,0.0,0.0,0.0,0.0
Ömür,MID,HUL,292,11,3,3,49,0,0,0,0,0,0,0,0,0,0,0,0,0,0.0,0.0,25,0,0,2026-09-05T16:30:00Z,2,2,0,0,0,0,0.0,0.0,0.0,0.0,0.0,0.0,0.0,0.0,0.0,0.0,0.0,0.0,0.0,0.0,0.0
Kamara,MID,HUL,293,11,3,1,50,0,0,0,0,0,0,0,0,0,0,0,0,0,0.0,0.0,4,2,0,2026-08-22T11:30:00Z,2,2,0,0,0,0,0.0,0.0,0.0,0.0,0.0,0.0,0.0,0.0,0.0,0.0,0.0,0.0,0.0,0.0,0.0
Kamara,MID,HUL,293,11,3,2,50,0,0,0,0,0,0,0,0,0,0,0,0,0,0.0,0.0,13,0,1,2026-08-29T14:00:00Z,2,2,0,0,0,0,0.0,0.0,0.0,0.0,0.0,0.0,0.0,0.0,0.0,0.0,0.0,0.0,0.0,0.0,0.0
Kamara,MID,HUL,293,11,3,3,50,0,0,0,0,0,0,0,0,0,0,0,0,0,0.0,0.0,25,0,0,2026-09-05T16:30:00Z,2,2,0,0,0,0,0.0,0.0,0.0,0.0,0.0,0.0,0.0,0.0,0.0,0.0,0.0,0.0,0.0,0.0,0.0
Zambrano,MID,HUL,294,11,3,1,45,0,0,0,0,0,0,0,0,0,0,0,0,0,0.0,0.0,4,2,0,2026-08-22T11:30:00Z,2,2,0,0,0,0,0.0,0.0,0.0,0.0,0.0,0.0,0.0,0.0,0.0,0.0,0.0,0.0,0.0,0.0,0.0
Zambrano,MID,HUL,294,11,3,2,45,0,0,0,0,0,0,0,0,0,0,0,0,0,0.0,0.0,13,0,1,2026-08-29T14:00:00Z,2,2,0,0,0,0,0.0,0.0,0.0,0.0,0.0,0.0,0.0,0.0,0.0,0.0,0.0,0.0,0.0,0.0,0.0
Zambrano,MID,HUL,294,11,3,3,45,0,0,0,0,0,0,0,0,0,0,0,0,0,0.0,0.0,25,0,0,2026-09-05T16:30:00Z,2,2,0,0,0,0,0.0,0.0,0.0,0.0,0.0,0.0,0.0,0.0,0.0,0.0,0.0,0.0,0.0,0.0,0.0
McBurnie,FWD,HUL,295,11,4,1,55,90,0,1,1,0,0,21,0,0,0,0,0,5,0.0,0.0,4,2,0,2026-08-22T11:30:00Z,2,2,0,0,0,0,0.0,0.0,0.0,0.0,0.0,0.0,0.0,0.0,0.0,0.0,0.0,0.0,0.0,0.0,0.0
McBurnie,FWD,HUL,295,11,4,2,55,90,0,0,1,0,0,7,0,1,0,0,0,1,0.0,0.0,13,0,1,2026-08-29T14:00:00Z,2,2,0,0,0,0,5.0,90.0,0.0,1.0,1.0,21.0,0.0,0.0,0.0,0.0,0.0,0.0,0.0,0.0,5.0
McBurnie,FWD,HUL,295,11,4,3,55,90,0,0,1,0,0,2,0,0,0,0,0,2,0.0,0.0,25,0,0,2026-09-05T16:30:00Z,2,2,0,0,0,0,3.0,90.0,0.0,0.5,1.0,14.0,0.0,0.0,0.0,0.0,0.0,0.0,0.0,0.0,3.0
Akintola,MID,HUL,296,11,3,1,50,0,0,0,0,0,0,0,0,0,0,0,0,0,0.0,0.0,4,2,0,2026-08-22T11:30:00Z,2,2,0,0,0,0,0.0,0.0,0.0,0.0,0.0,0.0,2.6666666666666665,90.0,0.0,2.0816659994661326,0.0,0.0,0.0,0.0,2.5
Akintola,MID,HUL,296,11,3,2,50,0,0,0,0,0,0,0,0,0,0,0,0,0,0.0,0.0,13,0,1,2026-08-29T14:00:00Z,2,2,0,0,0,0,0.0,0.0,0.0,0.0,0.0,0.0,0.0,0.0,0.0,0.0,0.0,0.0,0.0,0.0,0.0
Akintola,MID,HUL,296,11,3,3,50,0,0,0,0,0,0,0,0,0,0,0,0,0,0.0,0.0,25,0,0,2026-09-05T16:30:00Z,2,2,0,0,0,0,0.0,0.0,0.0,0.0,0.0,0.0,0.0,0.0,0.0,0.0,0.0,0.0,0.0,0.0,0.0
Gyabi,MID,HUL,297,11,3,1,45,0,0,0,0,0,0,0,0,0,0,0,0,0,0.0,0.0,4,2,0,2026-08-22T11:30:00Z,2,2,0,0,0,0,0.0,0.0,0.0,0.0,0.0,0.0,0.0,0.0,0.0,0.0,0.0,0.0,0.0,0.0,0.0
Gyabi,MID,HUL,297,11,3,2,45,0,0,0,0,0,0,0,0,0,0,0,0,0,0.0,0.0,13,0,1,2026-08-29T14:00:00Z,2,2,0,0,0,0,0.0,0.0,0.0,0.0,0.0,0.0,0.0,0.0,0.0,0.0,0.0,0.0,0.0,0.0,0.0
Gyabi,MID,HUL,297,11,3,3,45,0,0,0,0,0,0,0,0,0,0,0,0,0,0.0,0.0,25,0,0,2026-09-05T16:30:00Z,2,2,0,0,0,0,0.0,0.0,0.0,0.0,0.0,0.0,0.0,0.0,0.0,0.0,0.0,0.0,0.0,0.0,0.0
Destan,FWD,HUL,298,11,4,1,45,0,0,0,0,0,0,0,0,0,0,0,0,0,0.0,0.0,4,2,0,2026-08-22T11:30:00Z,2,2,0,0,0,0,0.0,0.0,0.0,0.0,0.0,0.0,0.0,0.0,0.0,0.0,0.0,0.0,0.0,0.0,0.0
Destan,FWD,HUL,298,11,4,2,45,0,0,0,0,0,0,0,0,0,0,0,0,0,0.0,0.0,13,0,1,2026-08-29T14:00:00Z,2,2,0,0,0,0,0.0,0.0,0.0,0.0,0.0,0.0,0.0,0.0,0.0,0.0,0.0,0.0,0.0,0.0,0.0
Destan,FWD,HUL,298,11,4,3,45,0,0,0,0,0,0,0,0,0,0,0,0,0,0.0,0.0,25,0,0,2026-09-05T16:30:00Z,2,2,0,0,0,0,0.0,0.0,0.0,0.0,0.0,0.0,0.0,0.0,0.0,0.0,0.0,0.0,0.0,0.0,0.0
Burstow,FWD,HUL,299,11,4,1,45,0,0,0,0,0,0,0,0,0,0,0,0,0,0.0,0.0,4,2,0,2026-08-22T11:30:00Z,2,2,0,0,0,0,0.0,0.0,0.0,0.0,0.0,0.0,0.0,0.0,0.0,0.0,0.0,0.0,0.0,0.0,0.0
Burstow,FWD,HUL,299,11,4,2,45,0,0,0,0,0,0,0,0,0,0,0,0,0,0.0,0.0,13,0,1,2026-08-29T14:00:00Z,2,2,0,0,0,0,0.0,0.0,0.0,0.0,0.0,0.0,0.0,0.0,0.0,0.0,0.0,0.0,0.0,0.0,0.0
Burstow,FWD,HUL,299,11,4,3,45,0,0,0,0,0,0,0,0,0,0,0,0,0,0.0,0.0,25,0,0,2026-09-05T16:30:00Z,2,2,0,0,0,0,0.0,0.0,0.0,0.0,0.0,0.0,0.0,0.0,0.0,0.0,0.0,0.0,0.0,0.0,0.0
Walton,GKP,IPS,300,12,1,1,44,0,0,0,0,0,0,0,0,0,0,0,0,0,0.0,0.0,5,2,1,2026-08-22T14:00:00Z,2,2,0,0,0,0,0.0,0.0,0.0,0.0,0.0,0.0,0.0,0.0,0.0,0.0,0.0,0.0,0.0,0.0,0.0
Walton,GKP,IPS,300,12,1,2,44,0,0,0,0,0,0,0,0,0,0,0,0,0,0.0,0.0,18,5,2,2026-08-30T15:30:00Z,2,2,0,0,0,0,0.0,0.0,0.0,0.0,0.0,0.0,0.0,0.0,0.0,0.0,0.0,0.0,0.0,0.0,0.0
Walton,GKP,IPS,300,12,1,3,44,0,0,0,0,0,0,0,0,0,0,0,0,0,0.0,0.0,21,0,2,2026-09-04T19:00:00Z,2,2,0,0,0,0,0.0,0.0,0.0,0.0,0.0,0.0,0.0,0.0,0.0,0.0,0.0,0.0,0.0,0.0,0.0
Palmer,GKP,IPS,301,12,1,1,40,0,0,0,0,0,0,0,0,0,0,0,0,0,0.0,0.0,5,2,1,2026-08-22T14:00:00Z,2,2,0,0,0,0,0.0,0.0,0.0,0.0,0.0,0.0,0.0,0.0,0.0,0.0,0.0,0.0,0.0,0.0,0.0
Palmer,GKP,IPS,301,12,1,2,40,0,0,0,0,0,0,0,0,0,0,0,0,0,0.0,0.0,18,5,2,2026-08-30T15:30:00Z,2,2,0,0,0,0,0.0,0.0,0.0,0.0,0.0,0.0,0.0,0.0,0.0,0.0,0.0,0.0,0.0,0.0,0.0
Palmer,GKP,IPS,301,12,1,3,40,0,0,0,0,0,0,0,0,0,0,0,0,0,0.0,0.0,21,0,2,2026-09-04T19:00:00Z,2,2,0,0,0,0,0.0,0.0,0.0,0.0,0.0,0.0,0.0,0.0,0.0,0.0,0.0,0.0,0.0,0.0,0.0
Button,GKP,IPS,302,12,1,1,40,0,0,0,0,0,0,0,0,0,0,0,0,0,0.0,0.0,5,2,1,2026-08-22T14:00:00Z,2,2,0,0,0,0,0.0,0.0,0.0,0.0,0.0,0.0,0.0,0.0,0.0,0.0,0.0,0.0,0.0,0.0,0.0
Button,GKP,IPS,302,12,1,2,40,0,0,0,0,0,0,0,0,0,0,0,0,0,0.0,0.0,18,5,2,2026-08-30T15:30:00Z,2,2,0,0,0,0,0.0,0.0,0.0,0.0,0.0,0.0,0.0,0.0,0.0,0.0,0.0,0.0,0.0,0.0,0.0
Button,GKP,IPS,302,12,1,3,40,0,0,0,0,0,0,0,0,0,0,0,0,0,0.0,0.0,21,0,2,2026-09-04T19:00:00Z,2,2,0,0,0,0,0.0,0.0,0.0,0.0,0.0,0.0,0.0,0.0,0.0,0.0,0.0,0.0,0.0,0.0,0.0
Kipré,DEF,IPS,303,12,2,1,40,0,0,0,0,0,0,0,0,0,0,0,0,0,0.0,0.0,5,2,1,2026-08-22T14:00:00Z,2,2,0,0,0,0,0.0,0.0,0.0,0.0,0.0,0.0,0.0,0.0,0.0,0.0,0.0,0.0,0.0,0.0,0.0
Kipré,DEF,IPS,303,12,2,2,40,0,0,0,0,0,0,0,0,0,0,0,0,0,0.0,0.0,18,5,2,2026-08-30T15:30:00Z,2,2,0,0,0,0,0.0,0.0,0.0,0.0,0.0,0.0,0.0,0.0,0.0,0.0,0.0,0.0,0.0,0.0,0.0
Kipré,DEF,IPS,303,12,2,3,40,0,0,0,0,0,0,0,0,0,0,0,0,0,0.0,0.0,21,0,2,2026-09-04T19:00:00Z,2,2,0,0,0,0,0.0,0.0,0.0,0.0,0.0,0.0,0.0,0.0,0.0,0.0,0.0,0.0,0.0,0.0,0.0
O'Shea,DEF,IPS,304,12,2,1,40,90,0,0,0,1,0,16,0,0,0,0,0,4,0.0,0.0,5,2,1,2026-08-22T14:00:00Z,2,2,0,0,0,0,0.0,0.0,0.0,0.0,0.0,0.0,0.0,0.0,0.0,0.0,0.0,0.0,0.0,0.0,0.0
O'Shea,DEF,IPS,304,12,2,2,40,90,0,0,0,5,0,-14,0,0,0,0,0,0,0.0,0.0,18,5,2,2026-08-30T15:30:00Z,2,2,0,0,0,0,4.0,90.0,0.0,0.0,0.0,16.0,0.0,0.0,0.0,0.0,0.0,0.0,0.0,0.0,4.0
O'Shea,DEF,IPS,304,12,2,3,40,90,0,0,0,2,0,5,0,0,0,0,0,3,0.0,0.0,21,0,2,2026-09-04T19:00:00Z,2,2,0,0,0,0,2.0,90.0,0.0,0.0,0.0,1.0,0.0,0.0,0.0,0.0,0.0,0.0,0.0,0.0,2.0
Davis,DEF,IPS,305,12,2,1,40,90,0,0,0,1,0,10,0,0,0,0,0,2,0.0,0.0,5,2,1,2026-08-22T14:00:00Z,2,2,0,0,0,0,0.0,0.0,0.0,0.0,0.0,0.0,2.3333333333333335,90.0,0.0,2.0816659994661326,0.0,0.0,0.0,0.0,2.5
Davis,DEF,IPS,305,12,2,2,40,90,1,0,0,5,0,1,0,0,0,0,0,6,0.0,0.0,18,5,2,2026-08-30T15:30:00Z,2,2,0,0,0,0,2.0,90.0,0.0,0.0,0.0,10.0,0.0,0.0,0.0,0.0,0.0,0.0,0.0,0.0,2.0
Davis,DEF,IPS,305,12,2,3,40,90,0,0,0,2,0,4,0,0,0,0,0,1,0.0,0.0,21,0,2,2026-09-04T19:00:00Z,2,2,0,0,0,0,4.0,90.0,0.5,0.0,0.0,5.5,0.0,0.0,0.0,0.0,0.0,0.0,0.0,0.0,4.0
Greaves,DEF,IPS,306,12,2,1,40,90,0,0,0,1,0,12,0,0,0,0,0,2,0.0,0.0,5,2,1,2026-08-22T14:00:00Z,2,2,0,0,0,0,0.0,0.0,0.0,0.0,0.0,0.0,3.0,90.0,1.0,2.6457513110645907,0.0,0.0,0.0,0.0,2.5
Greaves,DEF,IPS,306,12,2,2,40,90,0,0,0,5,0,-13,0,1,0,0,0,-1,0.0,0.0,18,5,2,2026-08-30T15:30:00Z,2,2,0,0,0,0,2.0,90.0,0.0,0.0,0.0,12.0,0.0,0.0,0.0,0.0,0.0,0.0,0.0,0.0,2.0
Greaves,DEF,IPS,306,12,2,3,40,90,0,0,0,2,0,6,0,0,0,0,0,1,0.0,0.0,21,0,2,2026-09-04T19:00:00Z,2,2,0,0,0,0,0.5,90.0,0.0,0.0,0.0,-0.5,0.0,0.0,0.0,0.0,0.0,0.0,0.0,0.0,0.5
Johnson,DEF,IPS,307,12,2,1,40,0,0,0,0,0,0,0,0,0,0,0,0,0,0.0,0.0,5,2,1,2026-08-22T14:00:00Z,2,2,0,0,0,0,0.0,0.0,0.0,0.0,0.0,0.0,0.6666666666666666,90.0,0.0,1.5275252316519468,0.0,0.0,0.0,0.0,0.75
Johnson,DEF,IPS,307,12,2,2,40,0,0,0,0,0,0,0,0,0,0,0,0,0,0.0,0.0,18,5,2,2026-08-30T15:30:00Z,2,2,0,0,0,0,0.0,0.0,0.0,0.0,0.0,0.0,0.0,0.0,0.0,0.0,0.0,0.0,0.0,0.0,0.0
Johnson,DEF,IPS,307,12,2,3,40,0,0,0,0,0,0,0,0,0,0,0,0,0,0.0,0.0,21,0,2,2026-09-04T19:00:00Z,2,2,0,0,0,0,0.0,0.0,0.0,0.0,0.0,0.0,0.0,0.0,0.0,0.0,0.0,0.0,0.0,0.0,0.0
Furlong,DEF,IPS,308,12,2,1,40,0,0,0,0,0,0,0,0,0,0,0,0,0,0.0,0.0,5,2,1,2026-08-22T14:00:00Z,2,2,0,0,0,0,0.0,0.0,0.0,0.0,0.0,0.0,0.0,0.0,0.0,0.0,0.0,0.0,0.0,0.0,0.0
Furlong,DEF,IPS,308,12,2,2,40,17,0,0,0,1,0,-1,0,0,0,0,0,1,0.0,0.0,18,5,2,2026-08-30T15:30:00Z,2,2,0,0,0,0,0.0,0.0,0.0,0.0,0.0,0.0,0.0,0.0,0.0,0.0,0.0,0.0,0.0,0.0,0.0
Furlong,DEF,IPS,308,12,2,3,40,0,0,0,0,0,0,0,0,0,0,0,0,0,0.0,0.0,21,0,2,2026-09-04T19:00:00Z,2,2,0,0,0,0,0.5,8.5,0.0,0.0,0.0,-0.5,0.0,0.0,0.0,0.0,0.0,0.0,0.0,0.0,0.5
Núñez,MID,IPS,309,12,3,1,50,79,0,0,0,1,0,26,0,0,0,0,0,4,0.0,0.0,5,2,1,2026-08-22T14:00:00Z,2,2,0,0,0,0,0.0,0.0,0.0,0.0,0.0,0.0,0.3333333333333333,5.666666666666667,0.0,0.5773502691896258,0.0,0.0,0.0,0.0,0.25
Núñez,MID,IPS,309,12,3,2,50,61,0,0,0,3,0,6,0,0,0,0,0,2,0.0,0.0,18,5,2,2026-08-30T15:30:00Z,2,2,0,0,0,0,4.0,79.0,0.0,0.0,0.0,26.0,0.0,0.0,0.0,0.0,0.0,0.0,0.0,0.0,4.0
Núñez,MID,IPS,309,12,3,3,50,0,0,0,0,0,0,0,0,0,0,0,0,0,0.0,0.0,21,0,2,2026-09-04T19:00:00Z,2,2,0,0,0,0,3.0,70.0,0.0,0.0,0.0,16.0,0.0,0.0,0.0,0.0,0.0,0.0,0.0,0.0,3.0
Matusiwa,MID,IPS,310,12,3,1,49,0,0,0,0,0,0,0,0,0,0,0,0,0,0.0,0.0,5,2,1,2026-08-22T14:00:00Z,2,2,0,0,0,0,0.0,0.0,0.0,0.0,0.0,0.0,2.0,46.666666666666664,0.0,2.0,0.0,0.0,0.0,0.0,1.5
Matusiwa,MID,IPS,310,12,3,2,49,0,0,0,0,0,0,0,0,0,0,0,0,0,0.0,0.0,18,5,2,2026-08-30T15:30:00Z,2,2,0,0,0,0,0.0,0.0,0.0,0.0,0.0,0.0,0.0,0.0,0.0,0.0,0.0,0.0,0.0,0.0,0.0
Matusiwa,MID,IPS,310,12,3,3,49,0,0,0,0,0,0,0,0,0,0,0,0,0,0.0,0.0,21,0,2,2026-09-04T19:00:00Z,2,2,0,0,0,0,0.0,0.0,0.0,0.0,0.0,0.0,0.0,0.0,0.0,0.0,0.0,0.0,0.0,0.0,0.0
Burns,MID,IPS,311,12,3,1,50,0,0,0,0,0,0,0,0,0,0,0,0,0,0.0,0.0,5,2,1,2026-08-22T14:00:00Z,2,2,0,0,0,0,0.0,0.0,0.0,0.0,0.0,0.0,0.0,0.0,0.0,0.0,0.0,0.0,0.0,0.0,0.0
Burns,MID,IPS,311,12,3,2,50,0,0,0,0,0,0,0,0,0,0,0,0,0,0.0,0.0,18,5,2,2026-08-30T15:30:00Z,2,2,0,0,0,0,0.0,0.0,0.0,0.0,0.0,0.0,0.0,0.0,0.0,0.0,0.0,0.0,0.0,0.0,0.0
Burns,MID,IPS,311,12,3,3,50,0,0,0,0,0,0,0,0,0,0,0,0,0,0.0,0.0,21,0,2,2026-09-04T19:00:00Z,2,2,0,0,0,0,0.0,0.0,0.0,0.0,0.0,0.0,0.0,0.0,0.0,0.0,0.0,0.0,0.0,0.0,0.0
Taylor,MID,IPS,312,12,3,1,45,0,0,0,0,0,0,0,0,0,0,0,0,0,0.0,0.0,5,2,1,2026-08-22T14:00:00Z,2,2,0,0,0,0,0.0,0.0,0.0,0.0,0.0,0.0,0.0,0.0,0.0,0.0,0.0,0.0,0.0,0.0,0.0
Taylor,MID,IPS,312,12,3,2,45,0,0,0,0,0,0,0,0,0,0,0,0,0,0.0,0.0,18,5,2,2026-08-30T15:30:00Z,2,2,0,0,0,0,0.0,0.0,0.0,0.0,0.0,0.0,0.0,0.0,0.0,0.0,0.0,0.0,0.0,0.0,0.0
Taylor,MID,IPS,312,12,3,3,45,0,0,0,0,0,0,0,0,0,0,0,0,0,0.0,0.0,21,0,2,2026-09-04T19:00:00Z,2,2,0,0,0,0,0.0,0.0,0.0,0.0,0.0,0.0,0.0,0.0,0.0,0.0,0.0,0.0,0.0,0.0,0.0
Clarke,MID,IPS,313,12,3,1,54,19,1,0,0,0,0,27,1,0,0,0,0,7,0.0,0.0,5,2,1,2026-08-22T14:00:00Z,2,2,0,0,0,0,0.0,0.0,0.0,0.0,0.0,0.0,0.0,0.0,0.0,0.0,0.0,0.0,0.0,0.0,0.0
Clarke,MID,IPS,313,12,3,2,54,0,0,0,0,0,0,0,0,0,0,0,0,0,0.0,0.0,18,5,2,2026-08-30T15:30:00Z,2,2,0,0,0,0,7.0,19.0,1.0,0.0,0.0,27.0,0.0,0.0,0.0,0.0,0.0,0.0,0.0,0.0,7.0
Clarke,MID,IPS,313,12,3,3,54,24,0,0,0,0,0,3,0,0,0,0,0,1,0.0,0.0,21,0,2,2026-09-04T19:00:00Z,2,2,0,0,0,0,3.5,9.5,0.5,0.0,0.0,13.5,0.0,0.0,0.0,0.0,0.0,0.0,0.0,0.0,3.5
Ogbene,MID,IPS,314,12,3,1,49,0,0,0,0,0,0,0,0,0,0,0,0,0,0.0,0.0,5,2,1,2026-08-22T14:00:00Z,2,2,0,0,0,0,0.0,0.0,0.0,0.0,0.0,0.0,2.6666666666666665,14.333333333333334,1.0,3.7859388972001824,0.0,0.0,0.0,0.0,2.25
Ogbene,MID,IPS,314,12,3,2,49,0,0,0,0,0,0,0,0,0,0,0,0,0,0.0,0.0,18,5,2,2026-08-30T15:30:00Z,2,2,0,0,0,0,0.0,0.0,0.0,0.0,0.0,0.0,0.0,0.0,0.0,0.0,0.0,0.0,0.0,0.0,0.0
Ogbene,MID,IPS,314,12,3,3,49,0,0,0,0,0,0,0,0,0,0,0,0,0,0.0,0.0,21,0,2,2026-09-04T19:00:00Z,2,2,0,0,0,0,0.0,0.0,0.0,0.0,0.0,0.0,0.0,0.0,0.0,0.0,0.0,0.0,0.0,0.0,0.0
Fatawu,MID,IPS,315,12,3,1,55,65,0,0,0,1,0,22,0,0,0,0,0,2,0.0,0.0,5,2,1,2026-08-22T14:00:00Z,2,2,0,0,0,0,0.0,0.0,0.0,0.0,0.0,0.0,0.0,0.0,0.0,0.0,0.0,0.0,0.0,0.0,0.0
Fatawu,MID,IPS,315,12,3,2,55,82,0,1,0,5,0,25,0,1,0,0,0,4,0.0,0.0,18,5,2,2026-08-30T15:30:00Z,2,2,0,0,0,0,2.0,65.0,0.0,0.0,0.0,22.0,0.0,0.0,0.0,0.0,0.0,0.0,0.0,0.0,2.0
Fatawu,MID,IPS,315,12,3,3,55,78,0,0,0,2,0,14,0,0,0,0,0,2,0.0,0.0,21,0,2,2026-09-04T19:00:00Z,2,2,0,0,0,0,3.0,73.5,0.0,0.5,0.0,23.5,0.0,0.0,0.0,0.0,0.0,0.0,0.0,0.0,3.0
Emersonn,FWD,IPS,316,12,4,1,55,65,1,0,0,1,0,41,3,0,0,0,0,9,0.0,0.0,5,2,1,2026-08-22T14:00:00Z,2,2,0,0,0,0,0.0,0.0,0.0,0.0,0.0,0.0,2.6666666666666665,75.0,0.0,1.1547005383792515,0.0,0.0,0.0,0.0,2.5
Emersonn,FWD,IPS,316,12,4,2,55,45,0,0,0,1,0,7,0,0,0,0,0,1,0.0,0.0,18,5,2,2026-08-30T15:30:00Z,2,2,0,0,0,0,9.0,65.0,1.0,0.0,0.0,41.0,0.0,0.0,0.0,0.0,0.0,0.0,0.0,0.0,9.0
Emersonn,FWD,IPS,316,12,4,3,55,65,0,0,0,2,0,8,0,0,0,0,0,2,0.0,0.0,21,0,2,2026-09-04T19:00:00Z,2,2,0,0,0,0,5.0,55.0,0.5,0.0,0.0,24.0,0.0,0.0,0.0,0.0,0.0,0.0,0.0,0.0,5.0
Hirst,FWD,IPS,317,12,4,1,50,0,0,0,0,0,0,0,0,0,0,0,0,0,0.0,0.0,5,2,1,2026-08-22T14:00:00Z,2,2,0,0,0,0,0.0,0.0,0.0,0.0,0.0,0.0,4.0,58.333333333333336,1.0,4.358898943540674,0.0,0.0,0.0,0.0,3.5
Hirst,FWD,IPS,317,12,4,2,50,0,0,0,0,0,0,0,0,0,0,0,0,0,0.0,0.0,18,5,2,2026-08-30T15:30:00Z,2,2,0,0,0,0,0.0,0.0,0.0,0.0,0.0,0.0,0.0,0.0,0.0,0.0,0.0,0.0,0.0,0.0,0.0
Hirst,FWD,IPS,317,12,4,3,50,0,0,0,0,0,0,0,0,0,0,0,0,0,0.0,0.0,21,0,2,2026-09-04T19:00:00Z,2,2,0,0,0,0,0.0,0.0,0.0,0.0,0.0,0.0,0.0,0.0,0.0,0.0,0.0,0.0,0.0,0.0,0.0
Philogene,MID,IPS,318,12,3,1,54,0,0,0,0,0,0,0,0,0,0,0,0,0,0.0,0.0,5,2,1,2026-08-22T14:00:00Z,2,2,0,0,0,0,0.0,0.0,0.0,0.0,0.0,0.0,0.0,0.0,0.0,0.0,0.0,0.0,0.0,0.0,0.0
Philogene,MID,IPS,318,12,3,2,54,0,0,0,0,0,0,0,0,0,0,0,0,0,0.0,0.0,18,5,2,2026-08-30T15:30:00Z,2,2,0,0,0,0,0.0,0.0,0.0,0.0,0.0,0.0,0.0,0.0,0.0,0.0,0.0,0.0,0.0,0.0,0.0
Philogene,MID,IPS,318,12,3,3,54,0,0,0,0,0,0,0,0,0,0,0,0,0,0.0,0.0,21,0,2,2026-09-04T19:00:00Z,2,2,0,0,0,0,0.0,0.0,0.0,0.0,0.0,0.0,0.0,0.0,0.0,0.0,0.0,0.0,0.0,0.0,0.0
Szmodics,MID,IPS,319,12,3,1,50,0,0,0,0,0,0,0,0,0,0,0,0,0,0.0,0.0,5,2,1,2026-08-22T14:00:00Z,2,2,0,0,0,0,0.0,0.0,0.0,0.0,0.0,0.0,0.0,0.0,0.0,0.0,0.0,0.0,0.0,0.0,0.0
Szmodics,MID,IPS,319,12,3,2,50,0,0,0,0,0,0,0,0,0,0,0,0,0,0.0,0.0,18,5,2,2026-08-30T15:30:00Z,2,2,0,0,0,0,0.0,0.0,0.0,0.0,0.0,0.0,0.0,0.0,0.0,0.0,0.0,0.0,0.0,0.0,0.0
Szmodics,MID,IPS,319,12,3,3,50,0,0,0,0,0,0,0,0,0,0,0,0,0,0.0,0.0,21,0,2,2026-09-04T19:00:00Z,2,2,0,0,0,0,0.0,0.0,0.0,0.0,0.0,0.0,0.0,0.0,0.0,0.0,0.0,0.0,0.0,0.0,0.0
Akpom,FWD,IPS,320,12,4,1,50,24,0,0,0,0,0,3,0,0,0,0,0,1,0.0,0.0,5,2,1,2026-08-22T14:00:00Z,2,2,0,0,0,0,0.0,0.0,0.0,0.0,0.0,0.0,0.0,0.0,0.0,0.0,0.0,0.0,0.0,0.0,0.0
Akpom,FWD,IPS,320,12,4,2,50,45,1,0,0,4,0,30,0,0,0,0,0,5,0.0,0.0,18,5,2,2026-08-30T15:30:00Z,2,2,0,0,0,0,1.0,24.0,0.0,0.0,0.0,3.0,0.0,0.0,0.0,0.0,0.0,0.0,0.0,0.0,1.0
Akpom,FWD,IPS,320,12,4,3,50,0,0,0,0,0,0,0,0,0,0,0,0,0,0.0,0.0,21,0,2,2026-09-04T19:00:00Z,2,2,0,0,0,0,3.0,34.5,0.5,0.0,0.0,16.5,0.0,0.0,0.0,0.0,0.0,0.0,0.0,0.0,3.0
Walle Egeli,FWD,IPS,321,12,4,1,45,10,0,0,0,0,0,3,0,0,0,0,0,1,0.0,0.0,5,2,1,2026-08-22T14:00:00Z,2,2,0,0,0,0,0.0,0.0,0.0,0.0,0.0,0.0,2.0,23.0,1.0,2.6457513110645907,0.0,0.0,0.0,0.0,1.5
Walle Egeli,FWD,IPS,321,12,4,2,45,0,0,0,0,0,0,0,0,0,0,0,0,0,0.0,0.0,18,5,2,2026-08-30T15:30:00Z,2,2,0,0,0,0,1.0,10.0,0.0,0.0,0.0,3.0,0.0,0.0,0.0,0.0,0.0,0.0,0.0,0.0,1.0
Walle Egeli,FWD,IPS,321,12,4,3,45,0,0,0,0,0,0,0,0,0,0,0,0,0,0.0,0.0,21,0,2,2026-09-04T19:00:00Z,2,2,0,0,0,0,0.5,5.0,0.0,0.0,0.0,1.5,0.0,0.0,0.0,0.0,0.0,0.0,0.0,0.0,0.5
Al-Hamadi,FWD,IPS,322,12,4,1,50,0,0,0,0,0,0,0,0,0,0,0,0,0,0.0,0.0,5,2,1,2026-08-22T14:00:00Z,2,2,0,0,0,0,0.0,0.0,0.0,0.0,0.0,0.0,0.3333333333333333,3.3333333333333335,0.0,0.5773502691896258,0.0,0.0,0.0,0.0,0.25
Al-Hamadi,FWD,IPS,322,12,4,2,50,0,0,0,0,0,0,0,0,0,0,0,0,0,0.0,0.0,18,5,2,2026-08-30T15:30:00Z,2,2,0,0,0,0,0.0,0.0,0.0,0.0,0.0,0.0,0.0,0.0,0.0,0.0,0.0,0.0,0.0,0.0,0.0
Al-Hamadi,FWD,IPS,322,12,4,3,50,0,0,0,0,0,0,0,0,0,0,0,0,0,0.0,0.0,21,0,2,2026-09-04T19:00:00Z,2,2,0,0,0,0,0.0,0.0,0.0,0.0,0.0,0.0,0.0,0.0,0.0,0.0,0.0,0.0,0.0,0.0,0.0
McAteer,MID,IPS,323,12,3,1,45,24,0,0,0,0,0,4,0,0,0,0,0,1,0.0,0.0,5,2,1,2026-08-22T14:00:00Z,2,2,0,0,0,0,0.0,0.0,0.0,0.0,0.0,0.0,0.0,0.0,0.0,0.0,0.0,0.0,0.0,0.0,0.0
McAteer,MID,IPS,323,12,3,2,45,7,0,0,0,0,0,3,0,0,0,0,0,1,0.0,0.0,18,5,2,2026-08-30T15:30:00Z,2,2,0,0,0,0,1.0,24.0,0.0,0.0,0.0,4.0,0.0,0.0,0.0,0.0,0.0,0.0,0.0,0.0,1.0
McAteer,MID,IPS,323,12,3,3,45,11,0,0,0,0,0,5,0,0,0,0,0,1,0.0,0.0,21,0,2,2026-09-04T19:00:00Z,2,2,0,0,0,0,1.0,15.5,0.0,0.0,0.0,3.5,0.0,0.0,0.0,0.0,0.0,0.0,0.0,0.0,1.0
Mehmeti,MID,IPS,324,12,3,1,49,0,0,0,0,0,0,0,0,0,0,0,0,0,0.0,0.0,5,2,1,2026-08-22T14:00:00Z,2,2,0,0,0,0,0.0,0.0,0.0,0.0,0.0,0.0,1.0,14.0,0.0,0.0,0.0,0.0,0.0,0.0,1.0
Mehmeti,MID,IPS,324,12,3,2,49,0,0,0,0,0,0,0,0,0,0,0,0,0,0.0,0.0,18,5,2,2026-08-30T15:30:00Z,2,2,0,0,0,0,0.0,0.0,0.0,0.0,0.0,0.0,0.0,0.0,0.0,0.0,0.0,0.0,0.0,0.0,0.0
Mehmeti,MID,IPS,324,12,3,3,49,0,0,0,0,0,0,0,0,0,0,0,0,0,0.0,0.0,21,0,2,2026-09-04T19:00:00Z,2,2,0,0,0,0,0.0,0.0,0.0,0.0,0.0,0.0,0.0,0.0,0.0,0.0,0.0,0.0,0.0,0.0,0.0
Darlow,GKP,MUN,325,16,1,1,45,0,0,0,0,0,0,0,0,0,0,0,0,0,0.0,0.0,4,2,0,2026-08-22T11:30:00Z,4,4,0,0,0,0,0.0,0.0,0.0,0.0,0.0,0.0,0.0,0.0,0.0,0.0,0.0,0.0,0.0,0.0,0.0
Darlow,GKP,MUN,325,16,1,2,45,0,0,0,0,0,0,0,0,0,0,0,0,0,0.0,0.0,18,5,2,2026-08-30T15:30:00Z,4,4,0,0,0,0,0.0,0.0,0.0,0.0,0.0,0.0,0.0,0.0,0.0,0.0,0.0,0.0,0.0,0.0,0.0
Darlow,GKP,MUN,325,16,1,3,45,0,0,0,0,0,0,0,0,0,0,0,0,0,0.0,0.0,30,2,2,2026-09-06T13:00:00Z,4,4,0,0,0,0,0.0,0.0,0.0,0.0,0.0,0.0,0.0,0.0,0.0,0.0,0.0,0.0,0.0,0.0,0.0
Perri,GKP,LEE,326,13,1,1,45,0,0,0,0,0,0,0,0,0,0,0,0,0,0.0,0.0,6,0,1,2026-08-22T14:00:00Z,2,3,0,0,0,0,0.0,0.0,0.0,0.0,0.0,0.0,0.0,0.0,0.0,0.0,0.0,0.0,0.0,0.0,0.0
Perri,GKP,LEE,326,13,1,2,45,0,0,0,0,0,0,0,0,0,0,0,0,0,0.0,0.0,17,1,1,2026-08-30T13:00:00Z,2,3,0,0,0,0,0.0,0.0,0.0,0.0,0.0,0.0,0.0,0.0,0.0,0.0,0.0,0.0,0.0,0.0,0.0
Perri,GKP,LEE,326,13,1,3,45,0,0,0,0,0,0,0,0,0,0,0,0,0,0.0,0.0,23,1,1,2026-09-05T14:00:00Z,2,3,0,0,0,0,0.0,0.0,0.0,0.0,0.0,0.0,0.0,0.0,0.0,0.0,0.0,0.0,0.0,0.0,0.0
Bijol,DEF,LEE,327,13,2,1,50,90,0,0,1,0,0,28,2,0,0,0,0,10,0.0,0.0,6,0,1,2026-08-22T14:00:00Z,2,3,0,0,0,0,0.0,0.0,0.0,0.0,0.0,0.0,0.0,0.0,0.0,0.0,0.0,0.0,0.0,0.0,0.0
Bijol,DEF,LEE,327,13,2,2,50,45,0,0,0,1,0,0,0,0,0,0,0,1,0.0,0.0,17,1,1,2026-08-30T13:00:00Z,2,3,0,0,0,0,10.0,90.0,0.0,0.0,1.0,28.0,0.0,0.0,0.0,0.0,0.0,0.0,0.0,0.0,10.0
Bijol,DEF,LEE,327,13,2,3,50,29,0,0,0,1,0,1,0,0,0,0,0,1,0.0,0.0,23,1,1,2026-09-05T14:00:00Z,2,3,0,0,0,0,5.5,67.5,0.0,0.0,0.5,14.0,0.0,0.0,0.0,0.0,0.0,0.0,0.0,0.0,5.5
Struijk,DEF,BHA,328,5,2,1,50,0,0,0,0,0,0,0,0,0,0,0,0,0,0.0,0.0,7,4,0,2026-08-23T13:00:00Z,2,3,0,0,0,0,0.0,0.0,0.0,0.0,0.0,0.0,4.0,54.666666666666664,0.0,5.196152422706632,0.0,0.0,0.0,0.0,3.25
Struijk,DEF,BHA,328,5,2,2,50,0,0,0,0,0,0,0,0,0,0,0,0,0,0.0,0.0,16,4,3,2026-08-30T13:00:00Z,2,3,0,0,0,0,0.0,0.0,0.0,0.0,0.0,0.0,0.0,0.0,0.0,0.0,0.0,0.0,0.0,0.0,0.0
Struijk,DEF,BHA,328,5,2,3,50,1,0,0,0,0,0,3,0,0,0,0,0,1,0.0,0.0,23,1,1,2026-09-05T14:00:00Z,2,3,0,0,0,0,0.0,0.0,0.0,0.0,0.0,0.0,0.0,0.0,0.0,0.0,0.0,0.0,0.0,0.0,0.0
Rodon,DEF,LEE,329,13,2,1,44,90,0,0,1,0,0,21,0,0,0,0,0,6,0.0,0.0,6,0,1,2026-08-22T14:00:00Z,2,3,0,0,0,0,0.0,0.0,0.0,0.0,0.0,0.0,0.3333333333333333,0.3333333333333333,0.0,0.5773502691896258,0.0,0.0,0.0,0.0,0.5
Rodon,DEF,LEE,329,13,2,2,44,33,0,0,0,0,0,4,0,0,0,0,0,1,0.0,0.0,17,1,1,2026-08-30T13:00:00Z,2,3,0,0,0,0,6.0,90.0,0.0,0.0,1.0,21.0,0.0,0.0,0.0,0.0,0.0,0.0,0.0,0.0,6.0
Rodon,DEF,LEE,329,13,2,3,44,0,0,0,0,0,0,0,0,0,0,0,0,0,0.0,0.0,23,1,1,2026-09-05T14:00:00Z,2,3,0,0,0,0,3.5,61.5,0.0,0.0,0.5,12.5,0.0,0.0,0.0,0.0,0.0,0.0,0.0,0.0,3.5
Bogle,DEF,LEE,330,13,2,1,45,90,0,0,1,0,0,24,0,0,0,0,0,6,0.0,0.0,6,0,1,2026-08-22T14:00:00Z,2,3,0,0,0,0,0.0,0.0,0.0,0.0,0.0,0.0,2.3333333333333335,41.0,0.0,3.214550253664318,0.0,0.0,0.0,0.0,1.75
Bogle,DEF,LEE,330,13,2,2,45,67,0,0,0,1,0,9,0,0,0,0,0,2,0.0,0.0,17,1,1,2026-08-30T13:00:00Z,2,3,0,0,0,0,6.0,90.0,0.0,0.0,1.0,24.0,0.0,0.0,0.0,0.0,0.0,0.0,0.0,0.0,6.0
Bogle,DEF,LEE,330,13,2,3,45,60,1,0,1,0,0,30,3,1,0,0,0,14,0.0,0.0,23,1,1,2026-09-05T14:00:00Z,2,3,0,0,0,0,4.0,78.5,0.0,0.0,0.5,16.5,0.0,0.0,0.0,0.0,0.0,0.0,0.0,0.0,4.0
Gudmundsson,DEF,LEE,331,13,2,1,45,0,0,0,0,0,0,0,0,0,0,0,0,0,0.0,0.0,6,0,1,2026-08-22T14:00:00Z,2,3,0,0,0,0,0.0,0.0,0.0,0.0,0.0,0.0,7.333333333333333,72.33333333333333,1.0,6.110100926607786,0.0,0.0,0.0,0.0,9.0
Gudmundsson,DEF,LEE,331,13,2,2,45,0,0,0,0,0,0,0,0,0,0,0,0,0,0.0,0.0,17,1,1,2026-08-30T13:00:00Z,2,3,0,0,0,0,0.0,0.0,0.0,0.0,0.0,0.0,0.0,0.0,0.0,0.0,0.0,0.0,0.0,0.0,0.0
Gudmundsson,DEF,LEE,331,13,2,3,45,90,0,0,0,1,0,9,0,0,0,0,0,2,0.0,0.0,23,1,1,2026-09-05T14:00:00Z,2,3,0,0,0,0,0.0,0.0,0.0,0.0,0.0,0.0,0.0,0.0,0.0,0.0,0.0,0.0,0.0,0.0,0.0
Justin,DEF,LEE,332,13,2,1,45,90,0,0,1,0,0,28,2,0,0,0,0,10,0.0,0.0,6,0,1,2026-08-22T14:00:00Z,2,3,0,0,0,0,0.0,0.0,0.0,0.0,0.0,0.0,0.6666666666666666,30.0,0.0,1.1547005383792517,0.0,0.0,0.0,0.0,1.0
Justin,DEF,LEE,332,13,2,2,45,90,0,0,0,1,0,12,0,0,0,0,0,2,0.0,0.0,17,1,1,2026-08-30T13:00:00Z,2,3,0,0,0,0,10.0,90.0,0.0,0.0,1.0,28.0,0.0,0.0,0.0,0.0,0.0,0.0,0.0,0.0,10.0
Justin,DEF,LEE,332,13,2,3,45,90,0,0,0,1,0,9,0,0,0,0,0,4,0.0,0.0,23,1,1,2026-09-05T14:00:00Z,2,3,0,0,0,0,6.0,90.0,0.0,0.0,0.5,20.0,0.0,0.0,0.0,0.0,0.0,0.0,0.0,0.0,6.0
Bornauw,DEF,LEE,333,13,2,1,45,0,0,0,0,0,0,0,0,0,0,0,0,0,0.0,0.0,6,0,1,2026-08-22T14:00:00Z,2,3,0,0,0,0,0.0,0.0,0.0,0.0,0.0,0.0,5.333333333333333,90.0,0.0,4.163331998932265,0.0,0.0,0.0,0.0,5.0
Bornauw,DEF,LEE,333,13,2,2,45,0,0,0,0,0,0,0,0,0,0,0,0,0,0.0,0.0,17,1,1,2026-08-30T13:00:00Z,2,3,0,0,0,0,0.0,0.0,0.0,0.0,0.0,0.0,0.0,0.0,0.0,0.0,0.0,0.0,0.0,0.0,0.0
Bornauw,DEF,LEE,333,13,2,3,45,0,0,0,0,0,0,0,0,0,0,0,0,0,0.0,0.0,23,1,1,2026-09-05T14:00:00Z,2,3,0,0,0,0,0.0,0.0,0.0,0.0,0.0,0.0,0.0,0.0,0.0,0.0,0.0,0.0,0.0,0.0,0.0
Muharemović,DEF,LEE,334,13,2,1,50,90,0,0,1,0,0,25,0,0,0,0,0,6,0.0,0.0,6,0,1,2026-08-22T14:00:00Z,2,3,0,0,0,0,0.0,0.0,0.0,0.0,0.0,0.0,0.0,0.0,0.0,0.0,0.0,0.0,0.0,0.0,0.0
Muharemović,DEF,LEE,334,13,2,2,50,90,0,0,0,1,0,17,0,0,0,0,0,4,0.0,0.0,17,1,1,2026-08-30T13:00:00Z,2,3,0,0,0,0,6.0,90.0,0.0,0.0,1.0,25.0,0.0,0.0,0.0,0.0,0.0,0.0,0.0,0.0,6.0
Muharemović,DEF,LEE,334,13,2,3,50,90,0,0,0,1,0,10,0,0,0,0,0,4,0.0,0.0,23,1,1,2026-09-05T14:00:00Z,2,3,0,0,0,0,5.0,90.0,0.0,0.0,0.5,21.0,0.0,0.0,0.0,0.0,0.0,0.0,0.0,0.0,5.0
Stach,MID,LEE,335,13,3,1,60,90,1,0,1,0,0,37,3,0,0,0,0,13,0.0,0.0,6,0,1,2026-08-22T14:00:00Z,2,3,0,0,0,0,0.0,0.0,0.0,0.0,0.0,0.0,4.666666666666667,90.0,0.0,1.1547005383792517,0.0,0.0,0.0,0.0,4.5
Stach,MID,LEE,335,13,3,2,60,90,0,0,0,1,0,13,0,0,0,0,0,4,0.0,0.0,17,1,1,2026-08-30T13:00:00Z,2,3,0,0,0,0,13.0,90.0,1.0,0.0,1.0,37.0,0.0,0.0,0.0,0.0,0.0,0.0,0.0,0.0,13.0
Stach,MID,LEE,335,13,3,3,60,90,0,0,0,1,0,7,0,0,0,0,0,2,0.0,0.0,23,1,1,2026-09-05T14:00:00Z,2,3,0,0,0,0,8.5,90.0,0.5,0.0,0.5,25.0,0.0,0.0,0.0,0.0,0.0,0.0,0.0,0.0,8.5
Okafor,MID,LEE,336,13,3,1,59,24,0,0,0,0,0,10,0,0,0,0,0,1,0.0,0.0,6,0,1,2026-08-22T14:00:00Z,2,3,0,0,0,0,0.0,0.0,0.0,0.0,0.0,0.0,6.333333333333333,90.0,1.0,5.8594652770823155,0.0,0.0,0.0,0.0,5.25
Okafor,MID,LEE,336,13,3,2,59,68,0,0,0,1,0,11,0,0,0,0,0,2,0.0,0.0,17,1,1,2026-08-30T13:00:00Z,2,3,0,0,0,0,1.0,24.0,0.0,0.0,0.0,10.0,0.0,0.0,0.0,0.0,0.0,0.0,0.0,0.0,1.0
Okafor,MID,LEE,336,13,3,3,59,61,0,0,1,0,0,9,0,0,0,0,0,3,0.0,0.0,23,1,1,2026-09-05T14:00:00Z,2,3,0,0,0,0,1.5,46.0,0.0,0.0,0.0,10.5,0.0,0.0,0.0,0.0,0.0,0.0,0.0,0.0,1.5
Aaronson,MID,LEE,337,13,3,1,54,81,0,0,1,0,0,16,0,0,0,0,0,3,0.0,0.0,6,0,1,2026-08-22T14:00:00Z,2,3,0,0,0,0,0.0,0.0,0.0,0.0,0.0,0.0,2.0,51.0,0.0,1.0,0.0,0.0,0.0,0.0,2.25
Aaronson,MID,LEE,337,13,3,2,54,45,0,0,0,1,0,6,0,0,0,0,0,1,0.0,0.0,17,1,1,2026-08-30T13:00:00Z,2,3,0,0,0,0,3.0,81.0,0.0,0.0,1.0,16.0,0.0,0.0,0.0,0.0,0.0,0.0,0.0,0.0,3.0
Aaronson,MID,LEE,337,13,3,3,54,28,0,0,0,1,0,5,0,0,0,0,0,1,0.0,0.0,23,1,1,2026-09-05T14:00:00Z,2,3,0,0,0,0,2.0,63.0,0.0,0.0,0.5,11.0,0.0,0.0,0.0,0.0,0.0,0.0,0.0,0.0,2.0
Ampadu,MID,LEE,338,13,3,1,54,90,0,0,1,0,0,18,0,0,0,0,0,5,0.0,0.0,6,0,1,2026-08-22T14:00:00Z,2,3,0,0,0,0,0.0,0.0,0.0,0.0,0.0,0.0,1.6666666666666667,51.333333333333336,0.0,1.1547005383792517,0.0,0.0,0.0,0.0,1.5
Ampadu,MID,LEE,338,13,3,2,54,90,0,0,0,1,0,12,0,0,0,0,0,2,0.0,0.0,17,1,1,2026-08-30T13:00:00Z,2,3,0,0,0,0,5.0,90.0,0.0,0.0,1.0,18.0,0.0,0.0,0.0,0.0,0.0,0.0,0.0,0.0,5.0
Ampadu,MID,LEE,338,13,3,3,54,90,0,0,0,1,0,13,0,0,0,0,0,2,0.0,0.0,23,1,1,2026-09-05T14:00:00Z,2,3,0,0,0,0,3.5,90.0,0.0,0.0,0.5,15.0,0.0,0.0,0.0,0.0,0.0,0.0,0.0,0.0,3.5
Longstaff,MID,LEE,339,13,3,1,49,8,0,0,0,0,0,3,0,0,0,0,0,1,0.0,0.0,6,0,1,2026-08-22T14:00:00Z,2,3,0,0,0,0,0.0,0.0,0.0,0.0,0.0,0.0,3.0,90.0,0.0,1.7320508075688772,0.0,0.0,0.0,0.0,2.75
Longstaff,MID,LEE,339,13,3,2,49,0,0,0,0,0,0,0,0,0,0,0,0,0,0.0,0.0,17,1,1,2026-08-30T13:00:00Z,2,3,0,0,0,0,1.0,8.0,0.0,0.0,0.0,3.0,0.0,0.0,0.0,0.0,0.0,0.0,0.0,0.0,1.0
Longstaff,MID,LEE,339,13,3,3,49,0,0,0,0,0,0,0,0,0,0,0,0,0,0.0,0.0,23,1,1,2026-09-05T14:00:00Z,2,3,0,0,0,0,0.5,4.0,0.0,0.0,0.0,1.5,0.0,0.0,0.0,0.0,0.0,0.0,0.0,0.0,0.5
Gelhardt,MID,HUL,340,11,3,1,50,0,0,0,0,0,0,0,0,0,0,0,0,0,0.0,0.0,4,2,0,2026-08-22T11:30:00Z,2,2,0,0,0,0,0.0,0.0,0.0,0.0,0.0,0.0,0.3333333333333333,2.6666666666666665,0.0,0.5773502691896258,0.0,0.0,0.0,0.0,0.25
Gelhardt,MID,HUL,340,11,3,2,50,0,0,0,0,0,0,0,0,0,0,0,0,0,0.0,0.0,13,0,1,2026-08-29T14:00:00Z,2,2,0,0,0,0,0.0,0.0,0.0,0.0,0.0,0.0,0.0,0.0,0.0,0.0,0.0,0.0,0.0,0.0,0.0
Gelhardt,MID,HUL,340,11,3,3,50,0,0,0,0,0,0,0,0,0,0,0,0,0,0.0,0.0,25,0,0,2026-09-05T16:30:00Z,2,2,0,0,0,0,0.0,0.0,0.0,0.0,0.0,0.0,0.0,0.0,0.0,0.0,0.0,0.0,0.0,0.0,0.0
Gnonto,MID,LEE,341,13,3,1,50,0,0,0,0,0,0,0,0,0,0,0,0,0,0.0,0.0,6,0,1,2026-08-22T14:00:00Z,2,3,0,0,0,0,0.0,0.0,0.0,0.0,0.0,0.0,0.0,0.0,0.0,0.0,0.0,0.0,0.0,0.0,0.0
Gnonto,MID,LEE,341,13,3,2,50,0,0,0,0,0,0,0,0,0,0,0,0,0,0.0,0.0,17,1,1,2026-08-30T13:00:00Z,2,3,0,0,0,0,0.0,0.0,0.0,0.0,0.0,0.0,0.0,0.0,0.0,0.0,0.0,0.0,0.0,0.0,0.0
Gnonto,MID,LEE,341,13,3,3,50,0,0,0,0,0,0,0,0,0,0,0,0,0,0.0,0.0,23,1,1,2026-09-05T14:00:00Z,2,3,0,0,0,0,0.0,0.0,0.0,0.0,0.0,0.0,0.0,0.0,0.0,0.0,0.0,0.0,0.0,0.0,0.0
Harrison,MID,LEE,342,13,3,1,50,0,0,0,0,0,0,0,0,0,0,0,0,0,0.0,0.0,6,0,1,2026-08-22T14:00:00Z,2,3,0,0,0,0,0.0,0.0,0.0,0.0,0.0,0.0,0.0,0.0,0.0,0.0,0.0,0.0,0.0,0.0,0.0
Harrison,MID,LEE,342,13,3,2,50,0,0,0,0,0,0,0,0,0,0,0,0,0,0.0,0.0,17,1,1,2026-08-30T13:00:00Z,2,3,0,0,0,0,0.0,0.0,0.0,0.0,0.0,0.0,0.0,0.0,0.0,0.0,0.0,0.0,0.0,0.0,0.0
Harrison,MID,LEE,342,13,3,3,50,0,0,0,0,0,0,0,0,0,0,0,0,0,0.0,0.0,23,1,1,2026-09-05T14:00:00Z,2,3,0,0,0,0,0.0,0.0,0.0,0.0,0.0,0.0,0.0,0.0,0.0,0.0,0.0,0.0,0.0,0.0,0.0
James,MID,LEE,343,13,3,1,50,0,0,0,0,0,0,0,0,0,0,0,0,0,0.0,0.0,6,0,1,2026-08-22T14:00:00Z,2,3,0,0,0,0,0.0,0.0,0.0,0.0,0.0,0.0,0.0,0.0,0.0,0.0,0.0,0.0,0.0,0.0,0.0
James,MID,LEE,343,13,3,2,50,22,0,0,0,0,0,2,0,0,0,0,0,1,0.0,0.0,17,1,1,2026-08-30T13:00:00Z,2,3,0,0,0,0,0.0,0.0,0.0,0.0,0.0,0.0,0.0,0.0,0.0,0.0,0.0,0.0,0.0,0.0,0.0
James,MID,LEE,343,13,3,3,50,0,0,0,0,0,0,0,0,0,0,0,0,0,0.0,0.0,23,1,1,2026-09-05T14:00:00Z,2,3,0,0,0,0,0.5,11.0,0.0,0.0,0.0,1.0,0.0,0.0,0.0,0.0,0.0,0.0,0.0,0.0,0.5
Gruev,MID,LEE,344,13,3,1,50,0,0,0,0,0,0,0,0,0,0,0,0,0,0.0,0.0,6,0,1,2026-08-22T14:00:00Z,2,3,0,0,0,0,0.0,0.0,0.0,0.0,0.0,0.0,0.3333333333333333,7.333333333333333,0.0,0.5773502691896258,0.0,0.0,0.0,0.0,0.25
Gruev,MID,LEE,344,13,3,2,50,0,0,0,0,0,0,0,0,0,0,0,0,0,0.0,0.0,17,1,1,2026-08-30T13:00:00Z,2,3,0,0,0,0,0.0,0.0,0.0,0.0,0.0,0.0,0.0,0.0,0.0,0.0,0.0,0.0,0.0,0.0,0.0
Gruev,MID,LEE,344,13,3,3,50,0,0,0,0,0,0,0,0,0,0,0,0,0,0.0,0.0,23,1,1,2026-09-05T14:00:00Z,2,3,0,0,0,0,0.0,0.0,0.0,0.0,0.0,0.0,0.0,0.0,0.0,0.0,0.0,0.0,0.0,0.0,0.0
Tanaka,MID,LEE,345,13,3,1,49,0,0,0,0,0,0,0,0,0,0,0,0,0,0.0,0.0,6,0,1,2026-08-22T14:00:00Z,2,3,0,0,0,0,0.0,0.0,0.0,0.0,0.0,0.0,0.0,0.0,0.0,0.0,0.0,0.0,0.0,0.0,0.0
Tanaka,MID,LEE,345,13,3,2,49,45,0,0,0,0,0,6,0,0,0,0,0,1,0.0,0.0,17,1,1,2026-08-30T13:00:00Z,2,3,0,0,0,0,0.0,0.0,0.0,0.0,0.0,0.0,0.0,0.0,0.0,0.0,0.0,0.0,0.0,0.0,0.0
Tanaka,MID,LEE,345,13,3,3,49,72,0,1,0,1,0,18,0,0,0,0,0,5,0.0,0.0,23,1,1,2026-09-05T14:00:00Z,2,3,0,0,0,0,0.5,22.5,0.0,0.0,0.0,3.0,0.0,0.0,0.0,0.0,0.0,0.0,0.0,0.0,0.5
Calvert-Lewin,FWD,LEE,346,13,4,1,60,90,0,0,1,0,0,-2,0,1,0,0,0,1,0.0,0.0,6,0,1,2026-08-22T14:00:00Z,2,3,0,0,0,0,0.0,0.0,0.0,0.0,0.0,0.0,2.0,39.0,0.0,2.6457513110645907,0.0,0.0,0.0,0.0,2.75
Calvert-Lewin,FWD,LEE,346,13,4,2,60,90,1,0,0,1,0,31,2,0,0,0,0,8,0.0,0.0,17,1,1,2026-08-30T13:00:00Z,2,3,0,0,0,0,1.0,90.0,0.0,0.0,1.0,-2.0,0.0,0.0,0.0,0.0,0.0,0.0,0.0,0.0,1.0
Calvert-Lewin,FWD,LEE,346,13,4,3,60,72,0,0,0,1,0,0,0,1,0,0,0,1,0.0,0.0,23,1,1,2026-09-05T14:00:00Z,2,3,0,0,0,0,4.5,90.0,0.5,0.0,0.5,14.5,0.0,0.0,0.0,0.0,0.0,0.0,0.0,0.0,4.5
Nmecha,FWD,LEE,347,13,4,1,54,0,0,0,0,0,0,0,0,0,0,0,0,0,0.0,0.0,6,0,1,2026-08-22T14:00:00Z,2,3,0,0,0,0,0.0,0.0,0.0,0.0,0.0,0.0,3.3333333333333335,84.0,1.0,4.041451884327381,0.0,0.0,0.0,0.0,2.75
Nmecha,FWD,LEE,347,13,4,2,54,21,0,1,0,0,0,18,0,0,0,0,0,4,0.0,0.0,17,1,1,2026-08-30T13:00:00Z,2,3,0,0,0,0,0.0,0.0,0.0,0.0,0.0,0.0,0.0,0.0,0.0,0.0,0.0,0.0,0.0,0.0,0.0
Nmecha,FWD,LEE,347,13,4,3,54,17,0,0,0,0,0,2,0,0,0,0,0,1,0.0,0.0,23,1,1,2026-09-05T14:00:00Z,2,3,0,0,0,0,2.0,10.5,0.0,0.5,0.0,9.0,0.0,0.0,0.0,0.0,0.0,0.0,0.0,0.0,2.0
Piroe,FWD,LEE,348,13,4,1,50,0,0,0,0,0,0,0,0,0,0,0,0,0,0.0,0.0,6,0,1,2026-08-22T14:00:00Z,2,3,0,0,0,0,0.0,0.0,0.0,0.0,0.0,0.0,1.6666666666666667,12.666666666666666,0.0,2.0816659994661326,0.0,0.0,0.0,0.0,1.5
Piroe,FWD,LEE,348,13,4,2,50,0,0,0,0,0,0,0,0,0,0,0,0,0,0.0,0.0,17,1,1,2026-08-30T13:00:00Z,2,3,0,0,0,0,0.0,0.0,0.0,0.0,0.0,0.0,0.0,0.0,0.0,0.0,0.0,0.0,0.0,0.0,0.0
Piroe,FWD,LEE,348,13,4,3,50,0,0,0,0,0,0,0,0,0,0,0,0,0,0.0,0.0,23,1,1,2026-09-05T14:00:00Z,2,3,0,0,0,0,0.0,0.0,0.0,0.0,0.0,0.0,0.0,0.0,0.0,0.0,0.0,0.0,0.0,0.0,0.0
Mateo Joseph,FWD,LEE,349,13,4,1,45,0,0,0,0,0,0,0,0,0,0,0,0,0,0.0,0.0,6,0,1,2026-08-22T14:00:00Z,2,3,0,0,0,0,0.0,0.0,0.0,0.0,0.0,0.0,0.0,0.0,0.0,0.0,0.0,0.0,0.0,0.0,0.0
Mateo Joseph,FWD,LEE,349,13,4,2,45,0,0,0,0,0,0,0,0,0,0,0,0,0,0.0,0.0,17,1,1,2026-08-30T13:00:00Z,2,3,0,0,0,0,0.0,0.0,0.0,0.0,0.0,0.0,0.0,0.0,0.0,0.0,0.0,0.0,0.0,0.0,0.0
Mateo Joseph,FWD,LEE,349,13,4,3,45,0,0,0,0,0,0,0,0,0,0,0,0,0,0.0,0.0,23,1,1,2026-09-05T14:00:00Z,2,3,0,0,0,0,0.0,0.0,0.0,0.0,0.0,0.0,0.0,0.0,0.0,0.0,0.0,0.0,0.0,0.0,0.0
A.Becker,GKP,LIV,350,14,1,1,55,90,0,0,0,2,3,7,0,0,0,0,0,2,0.0,0.0,9,2,2,2026-08-23T15:30:00Z,4,4,0,0,0,0,0.0,0.0,0.0,0.0,0.0,0.0,0.0,0.0,0.0,0.0,0.0,0.0,0.0,0.0,0.0
A.Becker,GKP,LIV,350,14,1,2,55,90,0,0,0,2,1,-5,0,1,0,0,0,0,0.0,0.0,14,2,2,2026-08-29T11:30:00Z,4,4,0,0,0,0,2.0,90.0,0.0,0.0,0.0,7.0,0.0,0.0,0.0,0.0,0.0,0.0,0.0,0.0,2.0
A.Becker,GKP,LIV,350,14,1,3,55,90,0,0,1,0,5,35,1,0,0,0,0,8,0.0,0.0,21,0,2,2026-09-04T19:00:00Z,4,4,0,0,0,0,1.0,90.0,0.0,0.0,0.0,1.0,0.0,0.0,0.0,0.0,0.0,0.0,0.0,0.0,1.0
Mamardashvili,GKP,LIV,351,14,1,1,49,0,0,0,0,0,0,0,0,0,0,0,0,0,0.0,0.0,9,2,2,2026-08-23T15:30:00Z,4,4,0,0,0,0,0.0,0.0,0.0,0.0,0.0,0.0,3.3333333333333335,90.0,0.0,4.163331998932265,0.0,0.0,0.0,0.0,4.5
Mamardashvili,GKP,LIV,351,14,1,2,49,0,0,0,0,0,0,0,0,0,0,0,0,0,0.0,0.0,14,2,2,2026-08-29T11:30:00Z,4,4,0,0,0,0,0.0,0.0,0.0,0.0,0.0,0.0,0.0,0.0,0.0,0.0,0.0,0.0,0.0,0.0,0.0
Mamardashvili,GKP,LIV,351,14,1,3,49,0,0,0,0,0,0,0,0,0,0,0,0,0,0.0,0.0,21,0,2,2026-09-04T19:00:00Z,4,4,0,0,0,0,0.0,0.0,0.0,0.0,0.0,0.0,0.0,0.0,0.0,0.0,0.0,0.0,0.0,0.0,0.0
Woodman,GKP,LIV,352,14,1,1,40,0,0,0,0,0,0,0,0,0,0,0,0,0,0.0,0.0,9,2,2,2026-08-23T15:30:00Z,4,4,0,0,0,0,0.0,0.0,0.0,0.0,0.0,0.0,0.0,0.0,0.0,0.0,0.0,0.0,0.0,0.0,0.0
Woodman,GKP,LIV,352,14,1,2,40,0,0,0,0,0,0,0,0,0,0,0,0,0,0.0,0.0,14,2,2,2026-08-29T11:30:00Z,4,4,0,0,0,0,0.0,0.0,0.0,0.0,0.0,0.0,0.0,0.0,0.0,0.0,0.0,0.0,0.0,0.0,0.0
Woodman,GKP,LIV,352,14,1,3,40,0,0,0,0,0,0,0,0,0,0,0,0,0,0.0,0.0,21,0,2,2026-09-04T19:00:00Z,4,4,0,0,0,0,0.0,0.0,0.0,0.0,0.0,0.0,0.0,0.0,0.0,0.0,0.0,0.0,0.0,0.0,0.0
Pecsi,GKP,LIV,353,14,1,1,40,0,0,0,0,0,0,0,0,0,0,0,0,0,0.0,0.0,9,2,2,2026-08-23T15:30:00Z,4,4,0,0,0,0,0.0,0.0,0.0,0.0,0.0,0.0,0.0,0.0,0.0,0.0,0.0,0.0,0.0,0.0,0.0
Pecsi,GKP,LIV,353,14,1,2,40,0,0,0,0,0,0,0,0,0,0,0,0,0,0.0,0.0,14,2,2,2026-08-29T11:30:00Z,4,4,0,0,0,0,0.0,0.0,0.0,0.0,0.0,0.0,0.0,0.0,0.0,0.0,0.0,0.0,0.0,0.0,0.0
Pecsi,GKP,LIV,353,14,1,3,40,0,0,0,0,0,0,0,0,0,0,0,0,0,0.0,0.0,21,0,2,2026-09-04T19:00:00Z,4,4,0,0,0,0,0.0,0.0,0.0,0.0,0.0,0.0,0.0,0.0,0.0,0.0,0.0,0.0,0.0,0.0,0.0
Jaros,GKP,LIV,354,14,1,1,40,0,0,0,0,0,0,0,0,0,0,0,0,0,0.0,0.0,9,2,2,2026-08-23T15:30:00Z,4,4,0,0,0,0,0.0,0.0,0.0,0.0,0.0,0.0,0.0,0.0,0.0,0.0,0.0,0.0,0.0,0.0,0.0
Jaros,GKP,LIV,354,14,1,2,40,0,0,0,0,0,0,0,0,0,0,0,0,0,0.0,0.0,14,2,2,2026-08-29T11:30:00Z,4,4,0,0,0,0,0.0,0.0,0.0,0.0,0.0,0.0,0.0,0.0,0.0,0.0,0.0,0.0,0.0,0.0,0.0
Jaros,GKP,LIV,354,14,1,3,40,0,0,0,0,0,0,0,0,0,0,0,0,0,0.0,0.0,21,0,2,2026-09-04T19:00:00Z,4,4,0,0,0,0,0.0,0.0,0.0,0.0,0.0,0.0,0.0,0.0,0.0,0.0,0.0,0.0,0.0,0.0,0.0
Davies,GKP,LIV,355,14,1,1,40,0,0,0,0,0,0,0,0,0,0,0,0,0,0.0,0.0,9,2,2,2026-08-23T15:30:00Z,4,4,0,0,0,0,0.0,0.0,0.0,0.0,0.0,0.0,0.0,0.0,0.0,0.0,0.0,0.0,0.0,0.0,0.0
Davies,GKP,LIV,355,14,1,2,40,0,0,0,0,0,0,0,0,0,0,0,0,0,0.0,0.0,14,2,2,2026-08-29T11:30:00Z,4,4,0,0,0,0,0.0,0.0,0.0,0.0,0.0,0.0,0.0,0.0,0.0,0.0,0.0,0.0,0.0,0.0,0.0
Davies,GKP,LIV,355,14,1,3,40,0,0,0,0,0,0,0,0,0,0,0,0,0,0.0,0.0,21,0,2,2026-09-04T19:00:00Z,4,4,0,0,0,0,0.0,0.0,0.0,0.0,0.0,0.0,0.0,0.0,0.0,0.0,0.0,0.0,0.0,0.0,0.0
Virgil,DEF,LIV,356,14,2,1,65,90,0,0,0,2,0,8,0,1,0,0,0,2,0.0,0.0,9,2,2,2026-08-23T15:30:00Z,4,4,0,0,0,0,0.0,0.0,0.0,0.0,0.0,0.0,0.0,0.0,0.0,0.0,0.0,0.0,0.0,0.0,0.0
Virgil,DEF,LIV,356,14,2,2,65,90,0,0,0,2,0,5,0,0,0,0,0,1,0.0,0.0,14,2,2,2026-08-29T11:30:00Z,4,4,0,0,0,0,2.0,90.0,0.0,0.0,0.0,8.0,0.0,0.0,0.0,0.0,0.0,0.0,0.0,0.0,2.0
Virgil,DEF,LIV,356,14,2,3,65,90,0,0,1,0,0,32,0,0,0,0,0,6,0.0,0.0,21,0,2,2026-09-04T19:00:00Z,4,4,0,0,0,0,1.5,90.0,0.0,0.0,0.0,6.5,0.0,0.0,0.0,0.0,0.0,0.0,0.0,0.0,1.5
Frimpong,DEF,LIV,357,14,2,1,54,90,0,0,0,2,0,3,0,1,0,0,0,0,0.0,0.0,9,2,2,2026-08-23T15:30:00Z,4,4,0,0,0,0,0.0,0.0,0.0,0.0,0.0,0.0,3.0,90.0,0.0,2.6457513110645907,0.0,0.0,0.0,0.0,3.75
Frimpong,DEF,LIV,357,14,2,2,54,70,0,0,0,2,0,9,0,0,0,0,0,1,0.0,0.0,14,2,2,2026-08-29T11:30:00Z,4,4,0,0,0,0,0.0,90.0,0.0,0.0,0.0,3.0,0.0,0.0,0.0,0.0,0.0,0.0,0.0,0.0,0.0
Frimpong,DEF,LIV,357,14,2,3,54,0,0,0,0,0,0,0,0,0,0,0,0,0,0.0,0.0,21,0,2,2026-09-04T19:00:00Z,4,4,0,0,0,0,0.5,80.0,0.0,0.0,0.0,6.0,0.0,0.0,0.0,0.0,0.0,0.0,0.0,0.0,0.5
Kerkez,DEF,LIV,358,14,2,1,54,90,0,0,0,2,0,3,0,1,0,0,0,0,0.0,0.0,9,2,2,2026-08-23T15:30:00Z,4,4,0,0,0,0,0.0,0.0,0.0,0.0,0.0,0.0,0.3333333333333333,53.333333333333336,0.0,0.5773502691896258,0.0,0.0,0.0,0.0,0.25
Kerkez,DEF,LIV,358,14,2,2,54,70,0,0,0,2,0,9,0,0,0,0,0,1,0.0,0.0,14,2,2,2026-08-29T11:30:00Z,4,4,0,0,0,0,0.0,90.0,0.0,0.0,0.0,3.0,0.0,0.0,0.0,0.0,0.0,0.0,0.0,0.0,0.0
Kerkez,DEF,LIV,358,14,2,3,54,90,0,0,1,0,0,23,0,1,0,0,0,5,0.0,0.0,21,0,2,2026-09-04T19:00:00Z,4,4,0,0,0,0,0.5,80.0,0.0,0.0,0.0,6.0,0.0,0.0,0.0,0.0,0.0,0.0,0.0,0.0,0.5
Gomez,DEF,LIV,359,14,2,1,50,0,0,0,0,0,0,0,0,0,0,0,0,0,0.0,0.0,9,2,2,2026-08-23T15:30:00Z,4,4,0,0,0,0,0.0,0.0,0.0,0.0,0.0,0.0,2.0,83.33333333333333,0.0,2.6457513110645907,0.0,0.0,0.0,0.0,2.75
Gomez,DEF,LIV,359,14,2,2,50,0,0,0,0,0,0,0,0,0,0,0,0,0,0.0,0.0,14,2,2,2026-08-29T11:30:00Z,4,4,0,0,0,0,0.0,0.0,0.0,0.0,0.0,0.0,0.0,0.0,0.0,0.0,0.0,0.0,0.0,0.0,0.0
Gomez,DEF,LIV,359,14,2,3,50,0,0,0,0,0,0,0,0,0,0,0,0,0,0.0,0.0,21,0,2,2026-09-04T19:00:00Z,4,4,0,0,0,0,0.0,0.0,0.0,0.0,0.0,0.0,0.0,0.0,0.0,0.0,0.0,0.0,0.0,0.0,0.0
Bradley,DEF,LIV,360,14,2,1,50,0,0,0,0,0,0,0,0,0,0,0,0,0,0.0,0.0,9,2,2,2026-08-23T15:30:00Z,4,4,0,0,0,0,0.0,0.0,0.0,0.0,0.0,0.0,0.0,0.0,0.0,0.0,0.0,0.0,0.0,0.0,0.0
Bradley,DEF,LIV,360,14,2,2,50,0,0,0,0,0,0,0,0,0,0,0,0,0,0.0,0.0,14,2,2,2026-08-29T11:30:00Z,4,4,0,0,0,0,0.0,0.0,0.0,0.0,0.0,0.0,0.0,0.0,0.0,0.0,0.0,0.0,0.0,0.0,0.0
Bradley,DEF,LIV,360,14,2,3,50,0,0,0,0,0,0,0,0,0,0,0,0,0,0.0,0.0,21,0,2,2026-09-04T19:00:00Z,4,4,0,0,0,0,0.0,0.0,0.0,0.0,0.0,0.0,0.0,0.0,0.0,0.0,0.0,0.0,0.0,0.0,0.0
Lucky,DEF,LIV,361,14,2,1,40,0,0,0,0,0,0,0,0,0,0,0,0,0,0.0,0.0,9,2,2,2026-08-23T15:30:00Z,4,4,0,0,0,0,0.0,0.0,0.0,0.0,0.0,0.0,0.0,0.0,0.0,0.0,0.0,0.0,0.0,0.0,0.0
Lucky,DEF,LIV,361,14,2,2,40,0,0,0,0,0,0,0,0,0,0,0,0,0,0.0,0.0,14,2,2,2026-08-29T11:30:00Z,4,4,0,0,0,0,0.0,0.0,0.0,0.0,0.0,0.0,0.0,0.0,0.0,0.0,0.0,0.0,0.0,0.0,0.0
Lucky,DEF,LIV,361,14,2,3,40,0,0,0,0,0,0,0,0,0,0,0,0,0,0.0,0.0,21,0,2,2026-09-04T19:00:00Z,4,4,0,0,0,0,0.0,0.0,0.0,0.0,0.0,0.0,0.0,0.0,0.0,0.0,0.0,0.0,0.0,0.0,0.0
Jacquet,DEF,LIV,362,14,2,1,50,69,0,0,0,2,0,9,0,0,0,0,0,1,0.0,0.0,9,2,2,2026-08-23T15:30:00Z,4,4,0,0,0,0,0.0,0.0,0.0,0.0,0.0,0.0,0.0,0.0,0.0,0.0,0.0,0.0,0.0,0.0,0.0
Jacquet,DEF,LIV,362,14,2,2,50,76,0,0,0,2,0,13,0,0,0,0,0,3,0.0,0.0,14,2,2,2026-08-29T11:30:00Z,4,4,0,0,0,0,1.0,69.0,0.0,0.0,0.0,9.0,0.0,0.0,0.0,0.0,0.0,0.0,0.0,0.0,1.0
Jacquet,DEF,LIV,362,14,2,3,50,90,0,0,1,0,0,28,0,1,0,0,0,5,0.0,0.0,21,0,2,2026-09-04T19:00:00Z,4,4,0,0,0,0,2.0,72.5,0.0,0.0,0.0,11.0,0.0,0.0,0.0,0.0,0.0,0.0,0.0,0.0,2.0
Leoni,DEF,LIV,363,14,2,1,40,0,0,0,0,0,0,0,0,0,0,0,0,0,0.0,0.0,9,2,2,2026-08-23T15:30:00Z,4,4,0,0,0,0,0.0,0.0,0.0,0.0,0.0,0.0,3.0,78.33333333333333,0.0,2.0,0.0,0.0,0.0,0.0,3.5
Leoni,DEF,LIV,363,14,2,2,40,0,0,0,0,0,0,0,0,0,0,0,0,0,0.0,0.0,14,2,2,2026-08-29T11:30:00Z,4,4,0,0,0,0,0.0,0.0,0.0,0.0,0.0,0.0,0.0,0.0,0.0,0.0,0.0,0.0,0.0,0.0,0.0
Leoni,DEF,LIV,363,14,2,3,40,0,0,0,0,0,0,0,0,0,0,0,0,0,0.0,0.0,21,0,2,2026-09-04T19:00:00Z,4,4,0,0,0,0,0.0,0.0,0.0,0.0,0.0,0.0,0.0,0.0,0.0,0.0,0.0,0.0,0.0,0.0,0.0
Tsimikas,DEF,LIV,364,14,2,1,49,0,0,0,0,0,0,0,0,0,0,0,0,0,0.0,0.0,9,2,2,2026-08-23T15:30:00Z,4,4,0,0,0,0,0.0,0.0,0.0,0.0,0.0,0.0,0.0,0.0,0.0,0.0,0.0,0.0,0.0,0.0,0.0
Tsimikas,DEF,LIV,364,14,2,2,49,19,0,0,0,0,0,4,0,0,0,0,0,1,0.0,0.0,14,2,2,2026-08-29T11:30:00Z,4,4,0,0,0,0,0.0,0.0,0.0,0.0,0.0,0.0,0.0,0.0,0.0,0.0,0.0,0.0,0.0,0.0,0.0
Tsimikas,DEF,LIV,364,14,2,3,49,0,0,0,0,0,0,0,0,0,0,0,0,0,0.0,0.0,21,0,2,2026-09-04T19:00:00Z,4,4,0,0,0,0,0.5,9.5,0.0,0.0,0.0,2.0,0.0,0.0,0.0,0.0,0.0,0.0,0.0,0.0,0.5
Ramsay,DEF,LIV,365,14,2,1,40,0,0,0,0,0,0,0,0,0,0,0,0,0,0.0,0.0,9,2,2,2026-08-23T15:30:00Z,4,4,0,0,0,0,0.0,0.0,0.0,0.0,0.0,0.0,0.3333333333333333,6.333333333333333,0.0,0.5773502691896258,0.0,0.0,0.0,0.0,0.25
Ramsay,DEF,LIV,365,14,2,2,40,0,0,0,0,0,0,0,0,0,0,0,0,0,0.0,0.0,14,2,2,2026-08-29T11:30:00Z,4,4,0,0,0,0,0.0,0.0,0.0,0.0,0.0,0.0,0.0,0.0,0.0,0.0,0.0,0.0,0.0,0.0,0.0
Ramsay,DEF,LIV,365,14,2,3,40,0,0,0,0,0,0,0,0,0,0,0,0,0,0.0,0.0,21,0,2,2026-09-04T19:00:00Z,4,4,0,0,0,0,0.0,0.0,0.0,0.0,0.0,0.0,0.0,0.0,0.0,0.0,0.0,0.0,0.0,0.0,0.0
Wirtz,MID,LIV,366,14,3,1,74,62,0,0,0,2,0,16,0,0,0,0,0,2,0.0,0.0,9,2,2,2026-08-23T15:30:00Z,4,4,0,0,0,0,0.0,0.0,0.0,0.0,0.0,0.0,0.0,0.0,0.0,0.0,0.0,0.0,0.0,0.0,0.0
Wirtz,MID,LIV,366,14,3,2,74,90,0,1,0,2,0,23,0,1,0,0,0,4,0.0,0.0,14,2,2,2026-08-29T11:30:00Z,4,4,0,0,0,0,2.0,62.0,0.0,0.0,0.0,16.0,0.0,0.0,0.0,0.0,0.0,0.0,0.0,0.0,2.0
Wirtz,MID,LIV,366,14,3,3,74,90,0,0,1,0,0,14,0,0,0,0,0,3,0.0,0.0,21,0,2,2026-09-04T19:00:00Z,4,4,0,0,0,0,3.0,76.0,0.0,0.5,0.0,19.5,0.0,0.0,0.0,0.0,0.0,0.0,0.0,0.0,3.0
Gakpo,MID,LIV,367,14,3,1,72,90,1,0,0,2,0,33,3,0,0,0,0,12,0.0,0.0,9,2,2,2026-08-23T15:30:00Z,4,4,0,0,0,0,0.0,0.0,0.0,0.0,0.0,0.0,3.0,80.66666666666667,0.0,1.0,0.0,0.0,0.0,0.0,3.0
Gakpo,MID,LIV,367,14,3,2,72,70,0,1,0,2,0,21,0,0,0,0,0,5,0.0,0.0,14,2,2,2026-08-29T11:30:00Z,4,4,0,0,0,0,12.0,90.0,1.0,0.0,0.0,33.0,0.0,0.0,0.0,0.0,0.0,0.0,0.0,0.0,12.0
Gakpo,MID,LIV,367,14,3,3,72,90,0,2,1,0,0,43,2,0,0,0,0,11,0.0,0.0,21,0,2,2026-09-04T19:00:00Z,4,4,0,0,0,0,8.5,80.0,0.5,0.5,0.0,27.0,0.0,0.0,0.0,0.0,0.0,0.0,0.0,0.0,8.5
Szoboszlai,MID,LIV,368,14,3,1,70,90,1,0,0,2,0,29,1,0,0,0,0,8,0.0,0.0,9,2,2,2026-08-23T15:30:00Z,4,4,0,0,0,0,0.0,0.0,0.0,0.0,0.0,0.0,9.333333333333334,83.33333333333333,1.0,3.7859388972001824,0.0,0.0,0.0,0.0,9.75
Szoboszlai,MID,LIV,368,14,3,2,70,90,0,0,0,2,0,24,0,0,0,0,0,4,0.0,0.0,14,2,2,2026-08-29T11:30:00Z,4,4,0,0,0,0,8.0,90.0,1.0,0.0,0.0,29.0,0.0,0.0,0.0,0.0,0.0,0.0,0.0,0.0,8.0
Szoboszlai,MID,LIV,368,14,3,3,70,90,0,0,1,0,0,20,0,0,0,0,0,3,0.0,0.0,21,0,2,2026-09-04T19:00:00Z,4,4,0,0,0,0,6.0,90.0,0.5,0.0,0.0,26.5,0.0,0.0,0.0,0.0,0.0,0.0,0.0,0.0,6.0
Ngumoha,MID,LIV,369,14,3,1,58,62,0,0,0,2,0,9,0,0,0,0,0,2,0.0,0.0,9,2,2,2026-08-23T15:30:00Z,4,4,0,0,0,0,0.0,0.0,0.0,0.0,0.0,0.0,5.0,90.0,1.0,2.6457513110645907,0.0,0.0,0.0,0.0,4.5
Ngumoha,MID,LIV,369,14,3,2,58,19,0,0,0,0,0,5,0,0,0,0,0,1,0.0,0.0,14,2,2,2026-08-29T11:30:00Z,4,4,0,0,0,0,2.0,62.0,0.0,0.0,0.0,9.0,0.0,0.0,0.0,0.0,0.0,0.0,0.0,0.0,2.0
Ngumoha,MID,LIV,369,14,3,3,58,0,0,0,0,0,0,0,0,0,0,0,0,0,0.0,0.0,21,0,2,2026-09-04T19:00:00Z,4,4,0,0,0,0,1.5,40.5,0.0,0.0,0.0,7.0,0.0,0.0,0.0,0.0,0.0,0.0,0.0,0.0,1.5
Chiesa,MID,LIV,370,14,3,1,54,0,0,0,0,0,0,0,0,0,0,0,0,0,0.0,0.0,9,2,2,2026-08-23T15:30:00Z,4,4,0,0,0,0,0.0,0.0,0.0,0.0,0.0,0.0,1.0,27.0,0.0,1.0,0.0,0.0,0.0,0.0,0.75
Chiesa,MID,LIV,370,14,3,2,54,0,0,0,0,0,0,0,0,0,0,0,0,0,0.0,0.0,14,2,2,2026-08-29T11:30:00Z,4,4,0,0,0,0,0.0,0.0,0.0,0.0,0.0,0.0,0.0,0.0,0.0,0.0,0.0,0.0,0.0,0.0,0.0
Chiesa,MID,LIV,370,14,3,3,54,0,0,0,0,0,0,0,0,0,0,0,0,0,0.0,0.0,21,0,2,2026-09-04T19:00:00Z,4,4,0,0,0,0,0.0,0.0,0.0,0.0,0.0,0.0,0.0,0.0,0.0,0.0,0.0,0.0,0.0,0.0,0.0
Gravenberch,MID,LIV,371,14,3,1,59,77,0,1,0,2,0,26,0,0,0,0,0,5,0.0,0.0,9,2,2,2026-08-23T15:30:00Z,4,4,0,0,0,0,0.0,0.0,0.0,0.0,0.0,0.0,0.0,0.0,0.0,0.0,0.0,0.0,0.0,0.0,0.0
Gravenberch,MID,LIV,371,14,3,2,59,19,0,0,0,0,0,7,0,0,0,0,0,1,0.0,0.0,14,2,2,2026-08-29T11:30:00Z,4,4,0,0,0,0,5.0,77.0,0.0,1.0,0.0,26.0,0.0,0.0,0.0,0.0,0.0,0.0,0.0,0.0,5.0
Gravenberch,MID,LIV,371,14,3,3,59,26,0,0,0,0,0,2,0,0,0,0,0,1,0.0,0.0,21,0,2,2026-09-04T19:00:00Z,4,4,0,0,0,0,3.0,48.0,0.0,0.5,0.0,16.5,0.0,0.0,0.0,0.0,0.0,0.0,0.0,0.0,3.0
Mac Allister,MID,LIV,372,14,3,1,54,27,0,0,0,0,0,9,0,0,0,0,0,1,0.0,0.0,9,2,2,2026-08-23T15:30:00Z,4,4,0,0,0,0,0.0,0.0,0.0,0.0,0.0,0.0,2.3333333333333335,40.666666666666664,0.0,2.3094010767585034,0.0,0.0,0.0,0.0,2.0
Mac Allister,MID,LIV,372,14,3,2,54,76,0,0,0,2,0,10,0,0,0,0,0,2,0.0,0.0,14,2,2,2026-08-29T11:30:00Z,4,4,0,0,0,0,1.0,27.0,0.0,0.0,0.0,9.0,0.0,0.0,0.0,0.0,0.0,0.0,0.0,0.0,1.0
Mac Allister,MID,LIV,372,14,3,3,54,83,0,0,1,0,0,14,0,1,0,0,0,2,0.0,0.0,21,0,2,2026-09-04T19:00:00Z,4,4,0,0,0,0,1.5,51.5,0.0,0.0,0.0,9.5,0.0,0.0,0.0,0.0,0.0,0.0,0.0,0.0,1.5
C.Jones,MID,LIV,373,14,3,1,55,0,0,0,0,0,0,0,0,0,0,0,0,0,0.0,0.0,9,2,2,2026-08-23T15:30:00Z,4,4,0,0,0,0,0.0,0.0,0.0,0.0,0.0,0.0,1.6666666666666667,62.0,0.0,0.5773502691896257,0.0,0.0,0.0,0.0,1.75
C.Jones,MID,LIV,373,14,3,2,55,0,0,0,0,0,0,0,0,0,0,0,0,0,0.0,0.0,14,2,2,2026-08-29T11:30:00Z,4,4,0,0,0,0,0.0,0.0,0.0,0.0,0.0,0.0,0.0,0.0,0.0,0.0,0.0,0.0,0.0,0.0,0.0
C.Jones,MID,LIV,373,14,3,3,55,0,0,0,0,0,0,0,0,0,0,0,0,0,0.0,0.0,21,0,2,2026-09-04T19:00:00Z,4,4,0,0,0,0,0.0,0.0,0.0,0.0,0.0,0.0,0.0,0.0,0.0,0.0,0.0,0.0,0.0,0.0,0.0
Endo,MID,LIV,374,14,3,1,49,0,0,0,0,0,0,0,0,0,0,0,0,0,0.0,0.0,9,2,2,2026-08-23T15:30:00Z,4,4,0,0,0,0,0.0,0.0,0.0,0.0,0.0,0.0,0.0,0.0,0.0,0.0,0.0,0.0,0.0,0.0,0.0
Endo,MID,LIV,374,14,3,2,49,0,0,0,0,0,0,0,0,0,0,0,0,0,0.0,0.0,14,2,2,2026-08-29T11:30:00Z,4,4,0,0,0,0,0.0,0.0,0.0,0.0,0.0,0.0,0.0,0.0,0.0,0.0,0.0,0.0,0.0,0.0,0.0
Endo,MID,LIV,374,14,3,3,49,0,0,0,0,0,0,0,0,0,0,0,0,0,0.0,0.0,21,0,2,2026-09-04T19:00:00Z,4,4,0,0,0,0,0.0,0.0,0.0,0.0,0.0,0.0,0.0,0.0,0.0,0.0,0.0,0.0,0.0,0.0,0.0
Nyoni,MID,LIV,375,14,3,1,49,0,0,0,0,0,0,0,0,0,0,0,0,0,0.0,0.0,9,2,2,2026-08-23T15:30:00Z,4,4,0,0,0,0,0.0,0.0,0.0,0.0,0.0,0.0,0.0,0.0,0.0,0.0,0.0,0.0,0.0,0.0,0.0
Nyoni,MID,LIV,375,14,3,2,49,13,0,0,0,0,0,3,0,0,0,0,0,1,0.0,0.0,14,2,2,2026-08-29T11:30:00Z,4,4,0,0,0,0,0.0,0.0,0.0,0.0,0.0,0.0,0.0,0.0,0.0,0.0,0.0,0.0,0.0,0.0,0.0
Nyoni,MID,LIV,375,14,3,3,49,6,0,0,0,0,0,3,0,0,0,0,0,1,0.0,0.0,21,0,2,2026-09-04T19:00:00Z,4,4,0,0,0,0,0.5,6.5,0.0,0.0,0.0,1.5,0.0,0.0,0.0,0.0,0.0,0.0,0.0,0.0,0.5
Bajcetic,MID,LIV,376,14,3,1,50,0,0,0,0,0,0,0,0,0,0,0,0,0,0.0,0.0,9,2,2,2026-08-23T15:30:00Z,4,4,0,0,0,0,0.0,0.0,0.0,0.0,0.0,0.0,0.6666666666666666,6.333333333333333,0.0,0.5773502691896258,0.0,0.0,0.0,0.0,0.75
Bajcetic,MID,LIV,376,14,3,2,50,0,0,0,0,0,0,0,0,0,0,0,0,0,0.0,0.0,14,2,2,2026-08-29T11:30:00Z,4,4,0,0,0,0,0.0,0.0,0.0,0.0,0.0,0.0,0.0,0.0,0.0,0.0,0.0,0.0,0.0,0.0,0.0
Bajcetic,MID,LIV,376,14,3,3,50,0,0,0,0,0,0,0,0,0,0,0,0,0,0.0,0.0,21,0,2,2026-09-04T19:00:00Z,4,4,0,0,0,0,0.0,0.0,0.0,0.0,0.0,0.0,0.0,0.0,0.0,0.0,0.0,0.0,0.0,0.0,0.0
Munoz,MID,LIV,377,14,3,1,65,27,0,1,0,0,0,15,0,0,0,0,0,4,0.0,0.0,9,2,2,2026-08-23T15:30:00Z,4,4,0,0,0,0,0.0,0.0,0.0,0.0,0.0,0.0,0.0,0.0,0.0,0.0,0.0,0.0,0.0,0.0,0.0
Munoz,MID,LIV,377,14,3,2,65,90,1,0,0,2,0,24,0,1,0,0,0,6,0.0,0.0,14,2,2,2026-08-29T11:30:00Z,4,4,0,0,0,0,4.0,27.0,0.0,1.0,0.0,15.0,0.0,0.0,0.0,0.0,0.0,0.0,0.0,0.0,4.0
Munoz,MID,LIV,377,14,3,3,65,63,0,0,1,0,0,9,0,0,0,0,0,3,0.0,0.0,21,0,2,2026-09-04T19:00:00Z,4,4,0,0,0,0,5.0,58.5,0.5,0.5,0.0,19.5,0.0,0.0,0.0,0.0,0.0,0.0,0.0,0.0,5.0
McConnell,MID,LIV,378,14,3,1,45,0,0,0,0,0,0,0,0,0,0,0,0,0,0.0,0.0,9,2,2,2026-08-23T15:30:00Z,4,4,0,0,0,0,0.0,0.0,0.0,0.0,0.0,0.0,4.333333333333333,60.0,1.0,1.5275252316519465,0.0,0.0,0.0,0.0,4.0
McConnell,MID,LIV,378,14,3,2,45,0,0,0,0,0,0,0,0,0,0,0,0,0,0.0,0.0,14,2,2,2026-08-29T11:30:00Z,4,4,0,0,0,0,0.0,0.0,0.0,0.0,0.0,0.0,0.0,0.0,0.0,0.0,0.0,0.0,0.0,0.0,0.0
McConnell,MID,LIV,378,14,3,3,45,0,0,0,0,0,0,0,0,0,0,0,0,0,0.0,0.0,21,0,2,2026-09-04T19:00:00Z,4,4,0,0,0,0,0.0,0.0,0.0,0.0,0.0,0.0,0.0,0.0,0.0,0.0,0.0,0.0,0.0,0.0,0.0
Isak,FWD,LIV,379,14,4,1,91,90,0,0,0,2,0,6,0,0,0,0,0,2,0.0,0.0,9,2,2,2026-08-23T15:30:00Z,4,4,0,0,0,0,0.0,0.0,0.0,0.0,0.0,0.0,0.0,0.0,0.0,0.0,0.0,0.0,0.0,0.0,0.0
Isak,FWD,LIV,379,14,4,2,91,90,1,0,0,2,0,30,2,0,0,0,0,8,0.0,0.0,14,2,2,2026-08-29T11:30:00Z,4,4,0,0,0,0,2.0,90.0,0.0,0.0,0.0,6.0,0.0,0.0,0.0,0.0,0.0,0.0,0.0,0.0,2.0
Isak,FWD,LIV,379,14,4,3,91,63,2,0,1,0,0,61,3,0,0,0,0,13,0.0,0.0,21,0,2,2026-09-04T19:00:00Z,4,4,0,0,0,0,5.0,90.0,0.5,0.0,0.0,18.0,0.0,0.0,0.0,0.0,0.0,0.0,0.0,0.0,5.0
Ekitiké,FWD,LIV,380,14,4,1,74,0,0,0,0,0,0,0,0,0,0,0,0,0,0.0,0.0,9,2,2,2026-08-23T15:30:00Z,4,4,0,0,0,0,0.0,0.0,0.0,0.0,0.0,0.0,7.666666666666667,81.0,3.0,5.507570547286102,0.0,0.0,0.0,0.0,9.0
Ekitiké,FWD,LIV,380,14,4,2,74,0,0,0,0,0,0,0,0,0,0,0,0,0,0.0,0.0,14,2,2,2026-08-29T11:30:00Z,4,4,0,0,0,0,0.0,0.0,0.0,0.0,0.0,0.0,0.0,0.0,0.0,0.0,0.0,0.0,0.0,0.0,0.0
Ekitiké,FWD,LIV,380,14,4,3,74,0,0,0,0,0,0,0,0,0,0,0,0,0,0.0,0.0,21,0,2,2026-09-04T19:00:00Z,4,4,0,0,0,0,0.0,0.0,0.0,0.0,0.0,0.0,0.0,0.0,0.0,0.0,0.0,0.0,0.0,0.0,0.0
Koumas,MID,LIV,381,14,3,1,50,12,0,0,0,0,0,4,0,0,0,0,0,1,0.0,0.0,9,2,2,2026-08-23T15:30:00Z,4,4,0,0,0,0,0.0,0.0,0.0,0.0,0.0,0.0,0.0,0.0,0.0,0.0,0.0,0.0,0.0,0.0,0.0
Koumas,MID,LIV,381,14,3,2,50,0,0,0,0,0,0,0,0,0,0,0,0,0,0.0,0.0,14,2,2,2026-08-29T11:30:00Z,4,4,0,0,0,0,1.0,12.0,0.0,0.0,0.0,4.0,0.0,0.0,0.0,0.0,0.0,0.0,0.0,0.0,1.0
Koumas,MID,LIV,381,14,3,3,50,1,0,0,0,0,0,3,0,0,0,0,0,1,0.0,0.0,21,0,2,2026-09-04T19:00:00Z,4,4,0,0,0,0,0.5,6.0,0.0,0.0,0.0,2.0,0.0,0.0,0.0,0.0,0.0,0.0,0.0,0.0,0.5
Danns,FWD,LIV,382,14,4,1,45,0,0,0,0,0,0,0,0,0,0,0,0,0,0.0,0.0,9,2,2,2026-08-23T15:30:00Z,4,4,0,0,0,0,0.0,0.0,0.0,0.0,0.0,0.0,0.6666666666666666,4.333333333333333,0.0,0.5773502691896258,0.0,0.0,0.0,0.0,0.75
Danns,FWD,LIV,382,14,4,2,45,0,0,0,0,0,0,0,0,0,0,0,0,0,0.0,0.0,14,2,2,2026-08-29T11:30:00Z,4,4,0,0,0,0,0.0,0.0,0.0,0.0,0.0,0.0,0.0,0.0,0.0,0.0,0.0,0.0,0.0,0.0,0.0
Danns,FWD,LIV,382,14,4,3,45,0,0,0,0,0,0,0,0,0,0,0,0,0,0.0,0.0,21,0,2,2026-09-04T19:00:00Z,4,4,0,0,0,0,0.0,0.0,0.0,0.0,0.0,0.0,0.0,0.0,0.0,0.0,0.0,0.0,0.0,0.0,0.0
Elliott,MID,LIV,383,14,3,1,54,0,0,0,0,0,0,0,0,0,0,0,0,0,0.0,0.0,9,2,2,2026-08-23T15:30:00Z,4,4,0,0,0,0,0.0,0.0,0.0,0.0,0.0,0.0,0.0,0.0,0.0,0.0,0.0,0.0,0.0,0.0,0.0
Elliott,MID,LIV,383,14,3,2,54,0,0,0,0,0,0,0,0,0,0,0,0,0,0.0,0.0,14,2,2,2026-08-29T11:30:00Z,4,4,0,0,0,0,0.0,0.0,0.0,0.0,0.0,0.0,0.0,0.0,0.0,0.0,0.0,0.0,0.0,0.0,0.0
Elliott,MID,LIV,383,14,3,3,54,0,0,0,0,0,0,0,0,0,0,0,0,0,0.0,0.0,21,0,2,2026-09-04T19:00:00Z,4,4,0,0,0,0,0.0,0.0,0.0,0.0,0.0,0.0,0.0,0.0,0.0,0.0,0.0,0.0,0.0,0.0,0.0
Donnarumma,GKP,MCI,384,15,1,1,55,90,0,0,0,1,3,12,0,0,0,0,0,3,0.0,0.0,8,2,1,2026-08-23T13:00:00Z,4,5,0,0,0,0,0.0,0.0,0.0,0.0,0.0,0.0,0.0,0.0,0.0,0.0,0.0,0.0,0.0,0.0,0.0
Donnarumma,GKP,MCI,384,15,1,2,55,90,0,0,0,1,1,5,0,0,0,0,0,0,0.0,0.0,11,1,4,2026-08-28T19:00:00Z,4,5,0,0,0,0,3.0,90.0,0.0,0.0,0.0,12.0,0.0,0.0,0.0,0.0,0.0,0.0,0.0,0.0,3.0
Donnarumma,GKP,MCI,384,15,1,3,55,90,0,0,1,0,3,29,0,0,0,0,0,7,0.0,0.0,26,1,0,2026-09-05T14:00:00Z,4,5,0,0,0,0,1.5,90.0,0.0,0.0,0.0,8.5,0.0,0.0,0.0,0.0,0.0,0.0,0.0,0.0,1.5
Trafford,GKP,LEE,385,13,1,1,50,90,0,0,1,0,3,28,2,0,0,0,0,9,0.0,0.0,6,0,1,2026-08-22T14:00:00Z,2,3,0,0,0,0,0.0,0.0,0.0,0.0,0.0,0.0,3.3333333333333335,90.0,0.0,3.5118845842842465,0.0,0.0,0.0,0.0,4.25
Trafford,GKP,LEE,385,13,1,2,50,90,0,0,0,1,4,20,0,0,0,0,0,3,0.0,0.0,17,1,1,2026-08-30T13:00:00Z,2,3,0,0,0,0,9.0,90.0,0.0,0.0,1.0,28.0,0.0,0.0,0.0,0.0,0.0,0.0,0.0,0.0,9.0
Trafford,GKP,LEE,385,13,1,3,50,90,0,0,0,1,4,18,0,0,0,0,0,3,0.0,0.0,23,1,1,2026-09-05T14:00:00Z,2,3,0,0,0,0,6.0,90.0,0.0,0.0,0.5,24.0,0.0,0.0,0.0,0.0,0.0,0.0,0.0,0.0,6.0
Bettinelli,GKP,MCI,386,15,1,1,45,0,0,0,0,0,0,0,0,0,0,0,0,0,0.0,0.0,8,2,1,2026-08-23T13:00:00Z,4,5,0,0,0,0,0.0,0.0,0.0,0.0,0.0,0.0,5.0,90.0,0.0,3.4641016151377544,0.0,0.0,0.0,0.0,4.5
Bettinelli,GKP,MCI,386,15,1,2,45,0,0,0,0,0,0,0,0,0,0,0,0,0,0.0,0.0,11,1,4,2026-08-28T19:00:00Z,4,5,0,0,0,0,0.0,0.0,0.0,0.0,0.0,0.0,0.0,0.0,0.0,0.0,0.0,0.0,0.0,0.0,0.0
Bettinelli,GKP,MCI,386,15,1,3,45,0,0,0,0,0,0,0,0,0,0,0,0,0,0.0,0.0,26,1,0,2026-09-05T14:00:00Z,4,5,0,0,0,0,0.0,0.0,0.0,0.0,0.0,0.0,0.0,0.0,0.0,0.0,0.0,0.0,0.0,0.0,0.0
O'Reilly,DEF,MCI,387,15,2,1,64,62,0,0,0,1,0,5,0,0,0,0,0,2,0.0,0.0,8,2,1,2026-08-23T13:00:00Z,4,5,0,0,0,0,0.0,0.0,0.0,0.0,0.0,0.0,0.0,0.0,0.0,0.0,0.0,0.0,0.0,0.0,0.0
O'Reilly,DEF,MCI,387,15,2,2,64,88,0,0,0,1,0,11,0,0,0,0,0,2,0.0,0.0,11,1,4,2026-08-28T19:00:00Z,4,5,0,0,0,0,2.0,62.0,0.0,0.0,0.0,5.0,0.0,0.0,0.0,0.0,0.0,0.0,0.0,0.0,2.0
O'Reilly,DEF,MCI,387,15,2,3,64,0,0,0,0,0,0,0,0,0,0,0,0,0,0.0,0.0,26,1,0,2026-09-05T14:00:00Z,4,5,0,0,0,0,2.0,75.0,0.0,0.0,0.0,8.0,0.0,0.0,0.0,0.0,0.0,0.0,0.0,0.0,2.0
Guéhi,DEF,MCI,388,15,2,1,60,90,1,0,0,1,0,31,2,0,0,0,0,10,0.0,0.0,8,2,1,2026-08-23T13:00:00Z,4,5,0,0,0,0,0.0,0.0,0.0,0.0,0.0,0.0,1.3333333333333333,50.0,0.0,1.1547005383792517,0.0,0.0,0.0,0.0,1.0
Guéhi,DEF,MCI,388,15,2,2,60,90,0,0,0,1,0,12,0,0,0,0,0,2,0.0,0.0,11,1,4,2026-08-28T19:00:00Z,4,5,0,0,0,0,10.0,90.0,1.0,0.0,0.0,31.0,0.0,0.0,0.0,0.0,0.0,0.0,0.0,0.0,10.0
Guéhi,DEF,MCI,388,15,2,3,60,90,0,0,1,0,0,31,2,0,0,0,0,8,0.0,0.0,26,1,0,2026-09-05T14:00:00Z,4,5,0,0,0,0,6.0,90.0,0.5,0.0,0.0,21.5,0.0,0.0,0.0,0.0,0.0,0.0,0.0,0.0,6.0
Matheus N.,DEF,MCI,389,15,2,1,59,33,0,0,0,0,0,4,0,0,0,0,0,1,0.0,0.0,8,2,1,2026-08-23T13:00:00Z,4,5,0,0,0,0,0.0,0.0,0.0,0.0,0.0,0.0,6.666666666666667,90.0,1.0,4.163331998932265,0.0,0.0,0.0,0.0,7.0
Matheus N.,DEF,MCI,389,15,2,2,59,0,0,0,0,0,0,0,0,0,0,0,0,0,0.0,0.0,11,1,4,2026-08-28T19:00:00Z,4,5,0,0,0,0,1.0,33.0,0.0,0.0,0.0,4.0,0.0,0.0,0.0,0.0,0.0,0.0,0.0,0.0,1.0
Matheus N.,DEF,MCI,389,15,2,3,59,0,0,0,0,0,0,0,0,0,0,0,0,0,0.0,0.0,26,1,0,2026-09-05T14:00:00Z,4,5,0,0,0,0,0.5,16.5,0.0,0.0,0.0,2.0,0.0,0.0,0.0,0.0,0.0,0.0,0.0,0.0,0.5
Rúben,DEF,MCI,390,15,2,1,55,90,0,0,0,1,0,11,0,0,0,0,0,2,0.0,0.0,8,2,1,2026-08-23T13:00:00Z,4,5,0,0,0,0,0.0,0.0,0.0,0.0,0.0,0.0,0.3333333333333333,11.0,0.0,0.5773502691896258,0.0,0.0,0.0,0.0,0.25
Rúben,DEF,MCI,390,15,2,2,55,90,0,0,0,1,0,19,0,0,0,0,0,2,0.0,0.0,11,1,4,2026-08-28T19:00:00Z,4,5,0,0,0,0,2.0,90.0,0.0,0.0,0.0,11.0,0.0,0.0,0.0,0.0,0.0,0.0,0.0,0.0,2.0
Rúben,DEF,MCI,390,15,2,3,55,90,0,0,1,0,0,25,0,0,0,0,0,6,0.0,0.0,26,1,0,2026-09-05T14:00:00Z,4,5,0,0,0,0,2.0,90.0,0.0,0.0,0.0,15.0,0.0,0.0,0.0,0.0,0.0,0.0,0.0,0.0,2.0
Gvardiol,DEF,MCI,391,15,2,1,56,90,1,0,0,1,0,28,1,0,0,0,0,9,0.0,0.0,8,2,1,2026-08-23T13:00:00Z,4,5,0,0,0,0,0.0,0.0,0.0,0.0,0.0,0.0,3.3333333333333335,90.0,0.0,2.3094010767585034,0.0,0.0,0.0,0.0,4.0
Gvardiol,DEF,MCI,391,15,2,2,56,74,0,1,0,1,0,18,0,0,0,0,0,5,0.0,0.0,11,1,4,2026-08-28T19:00:00Z,4,5,0,0,0,0,9.0,90.0,1.0,0.0,0.0,28.0,0.0,0.0,0.0,0.0,0.0,0.0,0.0,0.0,9.0
Gvardiol,DEF,MCI,391,15,2,3,56,90,0,0,1,0,0,31,2,0,0,0,0,8,0.0,0.0,26,1,0,2026-09-05T14:00:00Z,4,5,0,0,0,0,7.0,82.0,0.5,0.5,0.0,23.0,0.0,0.0,0.0,0.0,0.0,0.0,0.0,0.0,7.0
Aït-Nouri,DEF,MCI,392,15,2,1,53,0,0,0,0,0,0,0,0,0,0,0,0,0,0.0,0.0,8,2,1,2026-08-23T13:00:00Z,4,5,0,0,0,0,0.0,0.0,0.0,0.0,0.0,0.0,7.333333333333333,84.66666666666667,1.0,2.081665999466133,0.0,0.0,0.0,0.0,7.5
Aït-Nouri,DEF,MCI,392,15,2,2,53,0,0,0,0,0,0,0,0,0,0,0,0,0,0.0,0.0,11,1,4,2026-08-28T19:00:00Z,4,5,0,0,0,0,0.0,0.0,0.0,0.0,0.0,0.0,0.0,0.0,0.0,0.0,0.0,0.0,0.0,0.0,0.0
Aït-Nouri,DEF,MCI,392,15,2,3,53,0,0,0,0,0,0,0,0,0,0,0,0,0,0.0,0.0,26,1,0,2026-09-05T14:00:00Z,4,5,0,0,0,0,0.0,0.0,0.0,0.0,0.0,0.0,0.0,0.0,0.0,0.0,0.0,0.0,0.0,0.0,0.0
Khusanov,DEF,MCI,393,15,2,1,55,90,0,0,0,1,0,14,0,0,0,0,0,2,0.0,0.0,8,2,1,2026-08-23T13:00:00Z,4,5,0,0,0,0,0.0,0.0,0.0,0.0,0.0,0.0,0.0,0.0,0.0,0.0,0.0,0.0,0.0,0.0,0.0
Khusanov,DEF,MCI,393,15,2,2,55,88,0,0,0,1,0,17,0,0,0,0,0,2,0.0,0.0,11,1,4,2026-08-28T19:00:00Z,4,5,0,0,0,0,2.0,90.0,0.0,0.0,0.0,14.0,0.0,0.0,0.0,0.0,0.0,0.0,0.0,0.0,2.0
Khusanov,DEF,MCI,393,15,2,3,55,90,0,0,1,0,0,22,0,1,0,0,0,5,0.0,0.0,26,1,0,2026-09-05T14:00:00Z,4,5,0,0,0,0,2.0,89.0,0.0,0.0,0.0,15.5,0.0,0.0,0.0,0.0,0.0,0.0,0.0,0.0,2.0
Alleyne,DEF,MCI,394,15,2,1,50,0,0,0,0,0,0,0,0,0,0,0,0,0,0.0,0.0,8,2,1,2026-08-23T13:00:00Z,4,5,0,0,0,0,0.0,0.0,0.0,0.0,0.0,0.0,3.0,89.33333333333333,0.0,1.7320508075688772,0.0,0.0,0.0,0.0,3.5
Alleyne,DEF,MCI,394,15,2,2,50,0,0,0,0,0,0,0,0,0,0,0,0,0,0.0,0.0,11,1,4,2026-08-28T19:00:00Z,4,5,0,0,0,0,0.0,0.0,0.0,0.0,0.0,0.0,0.0,0.0,0.0,0.0,0.0,0.0,0.0,0.0,0.0
Alleyne,DEF,MCI,394,15,2,3,50,0,0,0,0,0,0,0,0,0,0,0,0,0,0.0,0.0,26,1,0,2026-09-05T14:00:00Z,4,5,0,0,0,0,0.0,0.0,0.0,0.0,0.0,0.0,0.0,0.0,0.0,0.0,0.0,0.0,0.0,0.0,0.0
Lewis,DEF,MCI,395,15,2,1,44,56,0,0,0,1,0,-1,0,0,0,0,0,1,0.0,0.0,8,2,1,2026-08-23T13:00:00Z,4,5,0,0,0,0,0.0,0.0,0.0,0.0,0.0,0.0,0.0,0.0,0.0,0.0,0.0,0.0,0.0,0.0,0.0
Lewis,DEF,MCI,395,15,2,2,44,0,0,0,0,0,0,0,0,0,0,0,0,0,0.0,0.0,11,1,4,2026-08-28T19:00:00Z,4,5,0,0,0,0,1.0,56.0,0.0,0.0,0.0,-1.0,0.0,0.0,0.0,0.0,0.0,0.0,0.0,0.0,1.0
Lewis,DEF,MCI,395,15,2,3,44,0,0,0,0,0,0,0,0,0,0,0,0,0,0.0,0.0,26,1,0,2026-09-05T14:00:00Z,4,5,0,0,0,0,0.5,28.0,0.0,0.0,0.0,-0.5,0.0,0.0,0.0,0.0,0.0,0.0,0.0,0.0,0.5
Vitor Reis,DEF,MCI,396,15,2,1,45,0,0,0,0,0,0,0,0,0,0,0,0,0,0.0,0.0,8,2,1,2026-08-23T13:00:00Z,4,5,0,0,0,0,0.0,0.0,0.0,0.0,0.0,0.0,0.3333333333333333,18.666666666666668,0.0,0.5773502691896258,0.0,0.0,0.0,0.0,0.25
Vitor Reis,DEF,MCI,396,15,2,2,45,1,0,0,0,0,0,3,0,0,0,0,0,1,0.0,0.0,11,1,4,2026-08-28T19:00:00Z,4,5,0,0,0,0,0.0,0.0,0.0,0.0,0.0,0.0,0.0,0.0,0.0,0.0,0.0,0.0,0.0,0.0,0.0
Vitor Reis,DEF,MCI,396,15,2,3,45,0,0,0,0,0,0,0,0,0,0,0,0,0,0.0,0.0,26,1,0,2026-09-05T14:00:00Z,4,5,0,0,0,0,0.5,0.5,0.0,0.0,0.0,1.5,0.0,0.0,0.0,0.0,0.0,0.0,0.0,0.0,0.5
Semenyo,MID,MCI,397,15,3,1,84,90,0,0,0,1,0,16,0,0,0,0,0,2,0.0,0.0,8,2,1,2026-08-23T13:00:00Z,4,5,0,0,0,0,0.0,0.0,0.0,0.0,0.0,0.0,0.3333333333333333,0.3333333333333333,0.0,0.5773502691896258,0.0,0.0,0.0,0.0,0.25
Semenyo,MID,MCI,397,15,3,2,84,90,0,1,0,1,0,33,0,0,0,0,0,5,0.0,0.0,11,1,4,2026-08-28T19:00:00Z,4,5,0,0,0,0,2.0,90.0,0.0,0.0,0.0,16.0,0.0,0.0,0.0,0.0,0.0,0.0,0.0,0.0,2.0
Semenyo,MID,MCI,397,15,3,3,84,90,0,1,1,0,0,26,0,0,0,0,0,6,0.0,0.0,26,1,0,2026-09-05T14:00:00Z,4,5,0,0,0,0,3.5,90.0,0.0,0.5,0.0,24.5,0.0,0.0,0.0,0.0,0.0,0.0,0.0,0.0,3.5
Foden,MID,MCI,398,15,3,1,70,81,0,0,0,1,0,15,0,1,0,0,0,1,0.0,0.0,8,2,1,2026-08-23T13:00:00Z,4,5,0,0,0,0,0.0,0.0,0.0,0.0,0.0,0.0,4.333333333333333,90.0,0.0,2.081665999466133,0.0,0.0,0.0,0.0,4.75
Foden,MID,MCI,398,15,3,2,70,90,0,2,0,1,0,38,1,0,0,0,0,9,0.0,0.0,11,1,4,2026-08-28T19:00:00Z,4,5,0,0,0,0,1.0,81.0,0.0,0.0,0.0,15.0,0.0,0.0,0.0,0.0,0.0,0.0,0.0,0.0,1.0
Foden,MID,MCI,398,15,3,3,70,24,0,0,0,0,0,3,0,0,0,0,0,1,0.0,0.0,26,1,0,2026-09-05T14:00:00Z,4,5,0,0,0,0,5.0,85.5,0.0,1.0,0.0,26.5,0.0,0.0,0.0,0.0,0.0,0.0,0.0,0.0,5.0
Cherki,MID,MCI,399,15,3,1,78,27,0,2,0,0,0,28,1,0,0,0,0,8,0.0,0.0,8,2,1,2026-08-23T13:00:00Z,4,5,0,0,0,0,0.0,0.0,0.0,0.0,0.0,0.0,3.6666666666666665,65.0,0.0,4.618802153517007,0.0,0.0,0.0,0.0,3.0
Cherki,MID,MCI,399,15,3,2,78,81,2,0,0,1,0,60,3,1,0,0,0,14,0.0,0.0,11,1,4,2026-08-28T19:00:00Z,4,5,0,0,0,0,8.0,27.0,0.0,2.0,0.0,28.0,0.0,0.0,0.0,0.0,0.0,0.0,0.0,0.0,8.0
Cherki,MID,MCI,399,15,3,3,78,65,0,0,1,0,0,23,0,0,0,0,0,3,0.0,0.0,26,1,0,2026-09-05T14:00:00Z,4,5,0,0,0,0,11.0,54.0,1.0,1.0,0.0,44.0,0.0,0.0,0.0,0.0,0.0,0.0,0.0,0.0,11.0
Doku,MID,MCI,400,15,3,1,74,0,0,0,0,0,0,0,0,0,0,0,0,0,0.0,0.0,8,2,1,2026-08-23T13:00:00Z,4,5,0,0,0,0,0.0,0.0,0.0,0.0,0.0,0.0,8.333333333333334,57.666666666666664,2.0,5.507570547286102,0.0,0.0,0.0,0.0,7.0
Doku,MID,MCI,400,15,3,2,74,0,0,0,0,0,0,0,0,0,0,0,0,0,0.0,0.0,11,1,4,2026-08-28T19:00:00Z,4,5,0,0,0,0,0.0,0.0,0.0,0.0,0.0,0.0,0.0,0.0,0.0,0.0,0.0,0.0,0.0,0.0,0.0
Doku,MID,MCI,400,15,3,3,74,0,0,0,0,0,0,0,0,0,0,0,0,0,0.0,0.0,26,1,0,2026-09-05T14:00:00Z,4,5,0,0,0,0,0.0,0.0,0.0,0.0,0.0,0.0,0.0,0.0,0.0,0.0,0.0,0.0,0.0,0.0,0.0
Marmoush,FWD,TOT,401,19,4,1,70,0,0,0,0,0,0,0,0,0,0,0,0,0,0.0,0.0,8,2,1,2026-08-23T13:00:00Z,3,3,0,0,0,0,0.0,0.0,0.0,0.0,0.0,0.0,0.0,0.0,0.0,0.0,0.0,0.0,0.0,0.0,0.0
Marmoush,FWD,TOT,401,19,4,2,70,90,0,0,0,2,0,14,0,0,0,0,0,2,0.0,0.0,15,0,2,2026-08-29T16:30:00Z,3,3,0,0,0,0,0.0,0.0,0.0,0.0,0.0,0.0,0.0,0.0,0.0,0.0,0.0,0.0,0.0,0.0,0.0
Marmoush,FWD,TOT,401,19,4,3,70,83,0,0,1,0,0,6,0,0,0,0,0,2,0.0,0.0,28,0,0,2026-09-05T14:00:00Z,3,3,0,0,0,0,1.0,45.0,0.0,0.0,0.0,7.0,0.0,0.0,0.0,0.0,0.0,0.0,0.0,0.0,1.0
Rodrigo,MID,MCI,402,15,3,1,65,0,0,0,0,0,0,0,0,0,0,0,0,0,0.0,0.0,8,2,1,2026-08-23T13:00:00Z,4,5,0,0,0,0,0.0,0.0,0.0,0.0,0.0,0.0,1.3333333333333333,57.666666666666664,0.0,1.1547005383792517,0.0,0.0,0.0,0.0,1.5
Rodrigo,MID,MCI,402,15,3,2,65,0,0,0,0,0,0,0,0,0,0,0,0,0,0.0,0.0,11,1,4,2026-08-28T19:00:00Z,4,5,0,0,0,0,0.0,0.0,0.0,0.0,0.0,0.0,0.0,0.0,0.0,0.0,0.0,0.0,0.0,0.0,0.0
Rodrigo,MID,MCI,402,15,3,3,65,0,0,0,0,0,0,0,0,0,0,0,0,0,0.0,0.0,26,1,0,2026-09-05T14:00:00Z,4,5,0,0,0,0,0.0,0.0,0.0,0.0,0.0,0.0,0.0,0.0,0.0,0.0,0.0,0.0,0.0,0.0,0.0
Sávio,MID,TOT,403,19,3,1,65,0,0,0,0,0,0,0,0,0,0,0,0,0,0.0,0.0,8,2,1,2026-08-23T13:00:00Z,3,3,0,0,0,0,0.0,0.0,0.0,0.0,0.0,0.0,0.0,0.0,0.0,0.0,0.0,0.0,0.0,0.0,0.0
Sávio,MID,TOT,403,19,3,2,65,0,0,0,0,0,0,0,0,0,0,0,0,0,0.0,0.0,15,0,2,2026-08-29T16:30:00Z,3,3,0,0,0,0,0.0,0.0,0.0,0.0,0.0,0.0,0.0,0.0,0.0,0.0,0.0,0.0,0.0,0.0,0.0
Sávio,MID,TOT,403,19,3,3,65,60,0,0,1,0,0,15,0,0,0,0,0,3,0.0,0.0,28,0,0,2026-09-05T14:00:00Z,3,3,0,0,0,0,0.0,0.0,0.0,0.0,0.0,0.0,0.0,0.0,0.0,0.0,0.0,0.0,0.0,0.0,0.0
Reijnders,MID,MCI,404,15,3,1,60,0,0,0,0,0,0,0,0,0,0,0,0,0,0.0,0.0,8,2,1,2026-08-23T13:00:00Z,4,5,0,0,0,0,0.0,0.0,0.0,0.0,0.0,0.0,1.0,20.0,0.0,1.7320508075688772,0.0,0.0,0.0,0.0,1.5
Reijnders,MID,MCI,404,15,3,2,60,0,0,0,0,0,0,0,0,0,0,0,0,0,0.0,0.0,11,1,4,2026-08-28T19:00:00Z,4,5,0,0,0,0,0.0,0.0,0.0,0.0,0.0,0.0,0.0,0.0,0.0,0.0,0.0,0.0,0.0,0.0,0.0
Reijnders,MID,MCI,404,15,3,3,60,0,0,0,0,0,0,0,0,0,0,0,0,0,0.0,0.0,26,1,0,2026-09-05T14:00:00Z,4,5,0,0,0,0,0.0,0.0,0.0,0.0,0.0,0.0,0.0,0.0,0.0,0.0,0.0,0.0,0.0,0.0,0.0
N.Gonzalez,MID,NEW,405,17,3,1,55,0,0,0,0,0,0,0,0,0,0,0,0,0,0.0,0.0,8,2,1,2026-08-23T13:00:00Z,2,3,0,0,0,0,0.0,0.0,0.0,0.0,0.0,0.0,0.0,0.0,0.0,0.0,0.0,0.0,0.0,0.0,0.0
N.Gonzalez,MID,NEW,405,17,3,2,55,70,0,0,1,0,0,9,0,1,0,0,0,2,0.0,0.0,15,0,2,2026-08-29T16:30:00Z,2,3,0,0,0,0,0.0,0.0,0.0,0.0,0.0,0.0,0.0,0.0,0.0,0.0,0.0,0.0,0.0,0.0,0.0
N.Gonzalez,MID,NEW,405,17,3,3,55,76,0,0,0,2,0,11,0,0,0,0,0,2,0.0,0.0,27,2,2,2026-09-05T11:30:00Z,2,3,0,0,0,0,1.0,35.0,0.0,0.0,0.5,4.5,0.0,0.0,0.0,0.0,0.0,0.0,0.0,0.0,1.0
Kovačić,MID,MCI,406,15,3,1,54,27,0,0,0,0,0,3,0,0,0,0,0,1,0.0,0.0,8,2,1,2026-08-23T13:00:00Z,4,5,0,0,0,0,0.0,0.0,0.0,0.0,0.0,0.0,1.3333333333333333,48.666666666666664,0.0,1.1547005383792517,0.0,0.0,0.0,0.0,1.5
Kovačić,MID,MCI,406,15,3,2,54,15,0,0,0,0,0,9,0,0,0,0,0,1,0.0,0.0,11,1,4,2026-08-28T19:00:00Z,4,5,0,0,0,0,1.0,27.0,0.0,0.0,0.0,3.0,0.0,0.0,0.0,0.0,0.0,0.0,0.0,0.0,1.0
Kovačić,MID,MCI,406,15,3,3,54,0,0,0,0,0,0,0,0,0,0,0,0,0,0.0,0.0,26,1,0,2026-09-05T14:00:00Z,4,5,0,0,0,0,1.0,21.0,0.0,0.0,0.0,6.0,0.0,0.0,0.0,0.0,0.0,0.0,0.0,0.0,1.0
Echeverri,MID,MCI,407,15,3,1,49,0,0,0,0,0,0,0,0,0,0,0,0,0,0.0,0.0,8,2,1,2026-08-23T13:00:00Z,4,5,0,0,0,0,0.0,0.0,0.0,0.0,0.0,0.0,0.6666666666666666,14.0,0.0,0.5773502691896258,0.0,0.0,0.0,0.0,0.5
Echeverri,MID,MCI,407,15,3,2,49,0,0,0,0,0,0,0,0,0,0,0,0,0,0.0,0.0,11,1,4,2026-08-28T19:00:00Z,4,5,0,0,0,0,0.0,0.0,0.0,0.0,0.0,0.0,0.0,0.0,0.0,0.0,0.0,0.0,0.0,0.0,0.0
Echeverri,MID,MCI,407,15,3,3,49,0,0,0,0,0,0,0,0,0,0,0,0,0,0.0,0.0,26,1,0,2026-09-05T14:00:00Z,4,5,0,0,0,0,0.0,0.0,0.0,0.0,0.0,0.0,0.0,0.0,0.0,0.0,0.0,0.0,0.0,0.0,0.0
Phillips,MID,MCI,408,15,3,1,50,0,0,0,0,0,0,0,0,0,0,0,0,0,0.0,0.0,8,2,1,2026-08-23T13:00:00Z,4,5,0,0,0,0,0.0,0.0,0.0,0.0,0.0,0.0,0.0,0.0,0.0,0.0,0.0,0.0,0.0,0.0,0.0
Phillips,MID,MCI,408,15,3,2,50,0,0,0,0,0,0,0,0,0,0,0,0,0,0.0,0.0,11,1,4,2026-08-28T19:00:00Z,4,5,0,0,0,0,0.0,0.0,0.0,0.0,0.0,0.0,0.0,0.0,0.0,0.0,0.0,0.0,0.0,0.0,0.0
Phillips,MID,MCI,408,15,3,3,50,0,0,0,0,0,0,0,0,0,0,0,0,0,0.0,0.0,26,1,0,2026-09-05T14:00:00Z,4,5,0,0,0,0,0.0,0.0,0.0,0.0,0.0,0.0,0.0,0.0,0.0,0.0,0.0,0.0,0.0,0.0,0.0
Mukasa,MID,MCI,409,15,3,1,45,0,0,0,0,0,0,0,0,0,0,0,0,0,0.0,0.0,8,2,1,2026-08-23T13:00:00Z,4,5,0,0,0,0,0.0,0.0,0.0,0.0,0.0,0.0,0.0,0.0,0.0,0.0,0.0,0.0,0.0,0.0,0.0
Mukasa,MID,MCI,409,15,3,2,45,0,0,0,0,0,0,0,0,0,0,0,0,0,0.0,0.0,11,1,4,2026-08-28T19:00:00Z,4,5,0,0,0,0,0.0,0.0,0.0,0.0,0.0,0.0,0.0,0.0,0.0,0.0,0.0,0.0,0.0,0.0,0.0
Mukasa,MID,MCI,409,15,3,3,45,0,0,0,0,0,0,0,0,0,0,0,0,0,0.0,0.0,26,1,0,2026-09-05T14:00:00Z,4,5,0,0,0,0,0.0,0.0,0.0,0.0,0.0,0.0,0.0,0.0,0.0,0.0,0.0,0.0,0.0,0.0,0.0
Monga,MID,MCI,410,15,3,1,49,0,0,0,0,0,0,0,0,0,0,0,0,0,0.0,0.0,8,2,1,2026-08-23T13:00:00Z,4,5,0,0,0,0,0.0,0.0,0.0,0.0,0.0,0.0,0.0,0.0,0.0,0.0,0.0,0.0,0.0,0.0,0.0
Monga,MID,MCI,410,15,3,2,49,0,0,0,0,0,0,0,0,0,0,0,0,0,0.0,0.0,11,1,4,2026-08-28T19:00:00Z,4,5,0,0,0,0,0.0,0.0,0.0,0.0,0.0,0.0,0.0,0.0,0.0,0.0,0.0,0.0,0.0,0.0,0.0
Monga,MID,MCI,410,15,3,3,49,0,0,0,0,0,0,0,0,0,0,0,0,0,0.0,0.0,26,1,0,2026-09-05T14:00:00Z,4,5,0,0,0,0,0.0,0.0,0.0,0.0,0.0,0.0,0.0,0.0,0.0,0.0,0.0,0.0,0.0,0.0,0.0
Haaland,FWD,MCI,411,15,4,1,155,90,0,0,0,1,0,6,0,0,0,0,0,2,0.0,0.0,8,2,1,2026-08-23T13:00:00Z,4,5,0,0,0,0,0.0,0.0,0.0,0.0,0.0,0.0,0.0,0.0,0.0,0.0,0.0,0.0,0.0,0.0,0.0
Haaland,FWD,MCI,411,15,4,2,155,90,2,0,0,1,0,60,3,0,0,0,0,13,0.0,0.0,11,1,4,2026-08-28T19:00:00Z,4,5,0,0,0,0,2.0,90.0,0.0,0.0,0.0,6.0,0.0,0.0,0.0,0.0,0.0,0.0,0.0,0.0,2.0
Haaland,FWD,MCI,411,15,4,3,155,90,1,0,1,0,0,40,3,0,0,0,0,9,0.0,0.0,26,1,0,2026-09-05T14:00:00Z,4,5,0,0,0,0,7.5,90.0,1.0,0.0,0.0,33.0,0.0,0.0,0.0,0.0,0.0,0.0,0.0,0.0,7.5
Lammens,GKP,MUN,412,16,1,1,50,90,0,0,0,2,2,7,0,0,0,0,0,1,0.0,0.0,4,2,0,2026-08-22T11:30:00Z,4,4,0,0,0,0,0.0,0.0,0.0,0.0,0.0,0.0,8.0,90.0,3.0,5.5677643628300215,0.0,0.0,0.0,0.0,8.25
Lammens,GKP,MUN,412,16,1,2,50,90,0,0,0,2,3,11,0,0,0,0,0,2,0.0,0.0,18,5,2,2026-08-30T15:30:00Z,4,4,0,0,0,0,1.0,90.0,0.0,0.0,0.0,7.0,0.0,0.0,0.0,0.0,0.0,0.0,0.0,0.0,1.0
Lammens,GKP,MUN,412,16,1,3,50,90,0,0,0,2,4,13,0,0,0,0,0,2,0.0,0.0,30,2,2,2026-09-06T13:00:00Z,4,4,0,0,0,0,1.5,90.0,0.0,0.0,0.0,9.0,0.0,0.0,0.0,0.0,0.0,0.0,0.0,0.0,1.5
Bayindir,GKP,MUN,413,16,1,1,45,0,0,0,0,0,0,0,0,0,0,0,0,0,0.0,0.0,4,2,0,2026-08-22T11:30:00Z,4,4,0,0,0,0,0.0,0.0,0.0,0.0,0.0,0.0,1.6666666666666667,90.0,0.0,0.5773502691896257,0.0,0.0,0.0,0.0,1.75
Bayindir,GKP,MUN,413,16,1,2,45,0,0,0,0,0,0,0,0,0,0,0,0,0,0.0,0.0,18,5,2,2026-08-30T15:30:00Z,4,4,0,0,0,0,0.0,0.0,0.0,0.0,0.0,0.0,0.0,0.0,0.0,0.0,0.0,0.0,0.0,0.0,0.0
Bayindir,GKP,MUN,413,16,1,3,45,0,0,0,0,0,0,0,0,0,0,0,0,0,0.0,0.0,30,2,2,2026-09-06T13:00:00Z,4,4,0,0,0,0,0.0,0.0,0.0,0.0,0.0,0.0,0.0,0.0,0.0,0.0,0.0,0.0,0.0,0.0,0.0
Heaton,GKP,MUN,414,16,1,1,40,0,0,0,0,0,0,0,0,0,0,0,0,0,0.0,0.0,4,2,0,2026-08-22T11:30:00Z,4,4,0,0,0,0,0.0,0.0,0.0,0.0,0.0,0.0,0.0,0.0,0.0,0.0,0.0,0.0,0.0,0.0,0.0
Heaton,GKP,MUN,414,16,1,2,40,0,0,0,0,0,0,0,0,0,0,0,0,0,0.0,0.0,18,5,2,2026-08-30T15:30:00Z,4,4,0,0,0,0,0.0,0.0,0.0,0.0,0.0,0.0,0.0,0.0,0.0,0.0,0.0,0.0,0.0,0.0,0.0
Heaton,GKP,MUN,414,16,1,3,40,0,0,0,0,0,0,0,0,0,0,0,0,0,0.0,0.0,30,2,2,2026-09-06T13:00:00Z,4,4,0,0,0,0,0.0,0.0,0.0,0.0,0.0,0.0,0.0,0.0,0.0,0.0,0.0,0.0,0.0,0.0,0.0
Dorgu,MID,MUN,415,16,3,1,58,45,0,0,0,2,0,-11,0,1,0,0,0,0,0.0,0.0,4,2,0,2026-08-22T11:30:00Z,4,4,0,0,0,0,0.0,0.0,0.0,0.0,0.0,0.0,0.0,0.0,0.0,0.0,0.0,0.0,0.0,0.0,0.0
Dorgu,MID,MUN,415,16,3,2,58,10,0,0,0,1,0,4,0,0,0,0,0,1,0.0,0.0,18,5,2,2026-08-30T15:30:00Z,4,4,0,0,0,0,0.0,45.0,0.0,0.0,0.0,-11.0,0.0,0.0,0.0,0.0,0.0,0.0,0.0,0.0,0.0
Dorgu,MID,MUN,415,16,3,3,58,20,0,0,0,2,0,3,0,0,0,0,0,1,0.0,0.0,30,2,2,2026-09-06T13:00:00Z,4,4,0,0,0,0,0.5,27.5,0.0,0.0,0.0,-3.5,0.0,0.0,0.0,0.0,0.0,0.0,0.0,0.0,0.5
De Ligt,DEF,MUN,416,16,2,1,50,0,0,0,0,0,0,0,0,0,0,0,0,0,0.0,0.0,4,2,0,2026-08-22T11:30:00Z,4,4,0,0,0,0,0.0,0.0,0.0,0.0,0.0,0.0,0.6666666666666666,25.0,0.0,0.5773502691896258,0.0,0.0,0.0,0.0,0.75
De Ligt,DEF,MUN,416,16,2,2,50,0,0,0,0,0,0,0,0,0,0,0,0,0,0.0,0.0,18,5,2,2026-08-30T15:30:00Z,4,4,0,0,0,0,0.0,0.0,0.0,0.0,0.0,0.0,0.0,0.0,0.0,0.0,0.0,0.0,0.0,0.0,0.0
De Ligt,DEF,MUN,416,16,2,3,50,0,0,0,0,0,0,0,0,0,0,0,0,0,0.0,0.0,30,2,2,2026-09-06T13:00:00Z,4,4,0,0,0,0,0.0,0.0,0.0,0.0,0.0,0.0,0.0,0.0,0.0,0.0,0.0,0.0,0.0,0.0,0.0
Dalot,DEF,MUN,417,16,2,1,49,10,0,0,0,0,0,6,0,0,0,0,0,1,0.0,0.0,4,2,0,2026-08-22T11:30:00Z,4,4,0,0,0,0,0.0,0.0,0.0,0.0,0.0,0.0,0.0,0.0,0.0,0.0,0.0,0.0,0.0,0.0,0.0
Dalot,DEF,MUN,417,16,2,2,49,73,0,0,0,1,0,12,0,0,0,0,0,2,0.0,0.0,18,5,2,2026-08-30T15:30:00Z,4,4,0,0,0,0,1.0,10.0,0.0,0.0,0.0,6.0,0.0,0.0,0.0,0.0,0.0,0.0,0.0,0.0,1.0
Dalot,DEF,MUN,417,16,2,3,49,83,0,0,0,1,0,8,0,1,0,0,0,1,0.0,0.0,30,2,2,2026-09-06T13:00:00Z,4,4,0,0,0,0,1.5,41.5,0.0,0.0,0.0,9.0,0.0,0.0,0.0,0.0,0.0,0.0,0.0,0.0,1.5
Maguire,DEF,MUN,418,16,2,1,49,90,0,0,0,2,0,15,0,0,0,0,0,1,0.0,0.0,4,2,0,2026-08-22T11:30:00Z,4,4,0,0,0,0,0.0,0.0,0.0,0.0,0.0,0.0,1.3333333333333333,55.333333333333336,0.0,0.5773502691896257,0.0,0.0,0.0,0.0,1.25
Maguire,DEF,MUN,418,16,2,2,49,90,0,1,0,2,0,13,0,0,0,0,0,4,0.0,0.0,18,5,2,2026-08-30T15:30:00Z,4,4,0,0,0,0,1.0,90.0,0.0,0.0,0.0,15.0,0.0,0.0,0.0,0.0,0.0,0.0,0.0,0.0,1.0
Maguire,DEF,MUN,418,16,2,3,49,90,0,0,0,2,0,1,0,1,0,0,0,2,0.0,0.0,30,2,2,2026-09-06T13:00:00Z,4,4,0,0,0,0,2.5,90.0,0.0,0.5,0.0,14.0,0.0,0.0,0.0,0.0,0.0,0.0,0.0,0.0,2.5
Martinez,DEF,MUN,419,16,2,1,50,0,0,0,0,0,0,0,0,0,0,0,0,0,0.0,0.0,4,2,0,2026-08-22T11:30:00Z,4,4,0,0,0,0,0.0,0.0,0.0,0.0,0.0,0.0,2.3333333333333335,90.0,0.0,1.5275252316519468,0.0,0.0,0.0,0.0,2.25
Martinez,DEF,MUN,419,16,2,2,50,90,0,0,0,2,0,2,0,0,0,0,0,1,0.0,0.0,18,5,2,2026-08-30T15:30:00Z,4,4,0,0,0,0,0.0,0.0,0.0,0.0,0.0,0.0,0.0,0.0,0.0,0.0,0.0,0.0,0.0,0.0,0.0
Martinez,DEF,MUN,419,16,2,3,50,90,0,0,0,2,0,7,0,0,0,0,0,3,0.0,0.0,30,2,2,2026-09-06T13:00:00Z,4,4,0,0,0,0,0.5,45.0,0.0,0.0,0.0,1.0,0.0,0.0,0.0,0.0,0.0,0.0,0.0,0.0,0.5
Yoro,DEF,MUN,420,16,2,1,49,0,0,0,0,0,0,0,0,0,0,0,0,0,0.0,0.0,4,2,0,2026-08-22T11:30:00Z,4,4,0,0,0,0,0.0,0.0,0.0,0.0,0.0,0.0,1.3333333333333333,60.0,0.0,1.5275252316519465,0.0,0.0,0.0,0.0,1.75
Yoro,DEF,MUN,420,16,2,2,49,16,0,0,0,1,0,-2,0,0,0,0,0,1,0.0,0.0,18,5,2,2026-08-30T15:30:00Z,4,4,0,0,0,0,0.0,0.0,0.0,0.0,0.0,0.0,0.0,0.0,0.0,0.0,0.0,0.0,0.0,0.0,0.0
Yoro,DEF,MUN,420,16,2,3,49,6,0,0,0,1,0,1,0,0,0,0,0,1,0.0,0.0,30,2,2,2026-09-06T13:00:00Z,4,4,0,0,0,0,0.5,8.0,0.0,0.0,0.0,-1.0,0.0,0.0,0.0,0.0,0.0,0.0,0.0,0.0,0.5
Heaven,DEF,MUN,421,16,2,1,44,90,0,0,0,2,0,5,0,0,0,0,0,1,0.0,0.0,4,2,0,2026-08-22T11:30:00Z,4,4,0,0,0,0,0.0,0.0,0.0,0.0,0.0,0.0,0.6666666666666666,7.333333333333333,0.0,0.5773502691896258,0.0,0.0,0.0,0.0,0.75
Heaven,DEF,MUN,421,16,2,2,44,0,0,0,0,0,0,0,0,0,0,0,0,0,0.0,0.0,18,5,2,2026-08-30T15:30:00Z,4,4,0,0,0,0,1.0,90.0,0.0,0.0,0.0,5.0,0.0,0.0,0.0,0.0,0.0,0.0,0.0,0.0,1.0
Heaven,DEF,MUN,421,16,2,3,44,0,0,0,0,0,0,0,0,0,0,0,0,0,0.0,0.0,30,2,2,2026-09-06T13:00:00Z,4,4,0,0,0,0,0.5,45.0,0.0,0.0,0.0,2.5,0.0,0.0,0.0,0.0,0.0,0.0,0.0,0.0,0.5
Mazraoui,DEF,MUN,422,16,2,1,44,79,0,0,0,2,0,8,0,0,0,0,0,1,0.0,0.0,4,2,0,2026-08-22T11:30:00Z,4,4,0,0,0,0,0.0,0.0,0.0,0.0,0.0,0.0,0.3333333333333333,30.0,0.0,0.5773502691896258,0.0,0.0,0.0,0.0,0.25
Mazraoui,DEF,MUN,422,16,2,2,44,17,0,0,0,1,0,-1,0,0,0,0,0,1,0.0,0.0,18,5,2,2026-08-30T15:30:00Z,4,4,0,0,0,0,1.0,79.0,0.0,0.0,0.0,8.0,0.0,0.0,0.0,0.0,0.0,0.0,0.0,0.0,1.0
Mazraoui,DEF,MUN,422,16,2,3,44,1,0,0,0,1,0,-1,0,0,0,0,0,1,0.0,0.0,30,2,2,2026-09-06T13:00:00Z,4,4,0,0,0,0,1.0,48.0,0.0,0.0,0.0,3.5,0.0,0.0,0.0,0.0,0.0,0.0,0.0,0.0,1.0
Shaw,DEF,MUN,423,16,2,1,44,90,0,0,0,2,0,13,0,0,0,0,0,1,0.0,0.0,4,2,0,2026-08-22T11:30:00Z,4,4,0,0,0,0,0.0,0.0,0.0,0.0,0.0,0.0,1.0,32.333333333333336,0.0,0.0,0.0,0.0,0.0,0.0,1.0
Shaw,DEF,MUN,423,16,2,2,44,72,0,0,0,1,0,12,0,0,0,0,0,2,0.0,0.0,18,5,2,2026-08-30T15:30:00Z,4,4,0,0,0,0,1.0,90.0,0.0,0.0,0.0,13.0,0.0,0.0,0.0,0.0,0.0,0.0,0.0,0.0,1.0
Shaw,DEF,MUN,423,16,2,3,44,90,0,1,0,1,0,22,0,1,0,0,0,4,0.0,0.0,30,2,2,2026-09-06T13:00:00Z,4,4,0,0,0,0,1.5,81.0,0.0,0.0,0.0,12.5,0.0,0.0,0.0,0.0,0.0,0.0,0.0,0.0,1.5
Amass,DEF,MUN,424,16,2,1,40,0,0,0,0,0,0,0,0,0,0,0,0,0,0.0,0.0,4,2,0,2026-08-22T11:30:00Z,4,4,0,0,0,0,0.0,0.0,0.0,0.0,0.0,0.0,2.3333333333333335,84.0,0.0,1.5275252316519465,0.0,0.0,0.0,0.0,2.75
Amass,DEF,MUN,424,16,2,2,40,0,0,0,0,0,0,0,0,0,0,0,0,0,0.0,0.0,18,5,2,2026-08-30T15:30:00Z,4,4,0,0,0,0,0.0,0.0,0.0,0.0,0.0,0.0,0.0,0.0,0.0,0.0,0.0,0.0,0.0,0.0,0.0
Amass,DEF,MUN,424,16,2,3,40,0,0,0,0,0,0,0,0,0,0,0,0,0,0.0,0.0,30,2,2,2026-09-06T13:00:00Z,4,4,0,0,0,0,0.0,0.0,0.0,0.0,0.0,0.0,0.0,0.0,0.0,0.0,0.0,0.0,0.0,0.0,0.0
Fredricson,DEF,MUN,425,16,2,1,40,0,0,0,0,0,0,0,0,0,0,0,0,0,0.0,0.0,4,2,0,2026-08-22T11:30:00Z,4,4,0,0,0,0,0.0,0.0,0.0,0.0,0.0,0.0,0.0,0.0,0.0,0.0,0.0,0.0,0.0,0.0,0.0
Fredricson,DEF,MUN,425,16,2,2,40,0,0,0,0,0,0,0,0,0,0,0,0,0,0.0,0.0,18,5,2,2026-08-30T15:30:00Z,4,4,0,0,0,0,0.0,0.0,0.0,0.0,0.0,0.0,0.0,0.0,0.0,0.0,0.0,0.0,0.0,0.0,0.0
Fredricson,DEF,MUN,425,16,2,3,40,0,0,0,0,0,0,0,0,0,0,0,0,0,0.0,0.0,30,2,2,2026-09-06T13:00:00Z,4,4,0,0,0,0,0.0,0.0,0.0,0.0,0.0,0.0,0.0,0.0,0.0,0.0,0.0,0.0,0.0,0.0,0.0
B.Fernandes,MID,MUN,426,16,3,1,120,90,0,0,0,2,0,18,0,0,0,0,0,2,0.0,0.0,4,2,0,2026-08-22T11:30:00Z,4,4,0,0,0,0,0.0,0.0,0.0,0.0,0.0,0.0,0.0,0.0,0.0,0.0,0.0,0.0,0.0,0.0,0.0
B.Fernandes,MID,MUN,426,16,3,2,120,90,3,1,0,2,0,87,3,0,0,0,0,23,0.0,0.0,18,5,2,2026-08-30T15:30:00Z,4,4,0,0,0,0,2.0,90.0,0.0,0.0,0.0,18.0,0.0,0.0,0.0,0.0,0.0,0.0,0.0,0.0,2.0
B.Fernandes,MID,MUN,426,16,3,3,120,90,0,0,0,2,0,11,0,0,0,0,0,2,0.0,0.0,30,2,2,2026-09-06T13:00:00Z,4,4,0,0,0,0,12.5,90.0,1.5,0.5,0.0,52.5,0.0,0.0,0.0,0.0,0.0,0.0,0.0,0.0,12.5
Mbeumo,MID,MUN,427,16,3,1,79,90,0,0,0,2,0,12,0,0,0,0,0,2,0.0,0.0,4,2,0,2026-08-22T11:30:00Z,4,4,0,0,0,0,0.0,0.0,0.0,0.0,0.0,0.0,9.0,90.0,3.0,12.12435565298214,0.0,0.0,0.0,0.0,7.25
Mbeumo,MID,MUN,427,16,3,2,79,90,1,1,0,2,0,37,2,1,0,0,0,11,0.0,0.0,18,5,2,2026-08-30T15:30:00Z,4,4,0,0,0,0,2.0,90.0,0.0,0.0,0.0,12.0,0.0,0.0,0.0,0.0,0.0,0.0,0.0,0.0,2.0
Mbeumo,MID,MUN,427,16,3,3,79,90,1,0,0,2,0,29,1,0,0,0,0,8,0.0,0.0,30,2,2,2026-09-06T13:00:00Z,4,4,0,0,0,0,6.5,90.0,0.5,0.5,0.0,24.5,0.0,0.0,0.0,0.0,0.0,0.0,0.0,0.0,6.5
Cunha,MID,MUN,428,16,3,1,79,79,0,0,0,2,0,14,0,0,0,0,0,2,0.0,0.0,4,2,0,2026-08-22T11:30:00Z,4,4,0,0,0,0,0.0,0.0,0.0,0.0,0.0,0.0,7.0,90.0,2.0,4.58257569495584,0.0,0.0,0.0,0.0,7.25
Cunha,MID,MUN,428,16,3,2,79,79,0,2,0,1,0,31,1,0,0,0,0,9,0.0,0.0,18,5,2,2026-08-30T15:30:00Z,4,4,0,0,0,0,2.0,79.0,0.0,0.0,0.0,14.0,0.0,0.0,0.0,0.0,0.0,0.0,0.0,0.0,2.0
Cunha,MID,MUN,428,16,3,3,79,69,0,0,1,0,0,10,0,0,0,0,0,3,0.0,0.0,30,2,2,2026-09-06T13:00:00Z,4,4,0,0,0,0,5.5,79.0,0.0,1.0,0.0,22.5,0.0,0.0,0.0,0.0,0.0,0.0,0.0,0.0,5.5
Rashford,MID,MUN,429,16,3,1,70,45,0,0,0,0,0,9,0,0,0,0,0,1,0.0,0.0,4,2,0,2026-08-22T11:30:00Z,4,4,0,0,0,0,0.0,0.0,0.0,0.0,0.0,0.0,4.666666666666667,75.66666666666667,0.0,3.7859388972001824,0.0,0.0,0.0,0.0,4.25
Rashford,MID,MUN,429,16,3,2,70,79,0,0,0,1,0,17,0,0,0,0,0,2,0.0,0.0,18,5,2,2026-08-30T15:30:00Z,4,4,0,0,0,0,1.0,45.0,0.0,0.0,0.0,9.0,0.0,0.0,0.0,0.0,0.0,0.0,0.0,0.0,1.0
Rashford,MID,MUN,429,16,3,3,70,69,0,0,1,0,0,11,0,0,0,0,0,3,0.0,0.0,30,2,2,2026-09-06T13:00:00Z,4,4,0,0,0,0,1.5,62.0,0.0,0.0,0.0,13.0,0.0,0.0,0.0,0.0,0.0,0.0,0.0,0.0,1.5
Mount,MID,MUN,430,16,3,1,54,0,0,0,0,0,0,0,0,0,0,0,0,0,0.0,0.0,4,2,0,2026-08-22T11:30:00Z,4,4,0,0,0,0,0.0,0.0,0.0,0.0,0.0,0.0,2.0,64.33333333333333,0.0,1.0,0.0,0.0,0.0,0.0,2.25
Mount,MID,MUN,430,16,3,2,54,0,0,0,0,0,0,0,0,0,0,0,0,0,0.0,0.0,18,5,2,2026-08-30T15:30:00Z,4,4,0,0,0,0,0.0,0.0,0.0,0.0,0.0,0.0,0.0,0.0,0.0,0.0,0.0,0.0,0.0,0.0,0.0
Mount,MID,MUN,430,16,3,3,54,0,0,0,0,0,0,0,0,0,0,0,0,0,0.0,0.0,30,2,2,2026-09-06T13:00:00Z,4,4,0,0,0,0,0.0,0.0,0.0,0.0,0.0,0.0,0.0,0.0,0.0,0.0,0.0,0.0,0.0,0.0,0.0
Amad,MID,MUN,431,16,3,1,58,0,0,0,0,0,0,0,0,0,0,0,0,0,0.0,0.0,4,2,0,2026-08-22T11:30:00Z,4,4,0,0,0,0,0.0,0.0,0.0,0.0,0.0,0.0,0.0,0.0,0.0,0.0,0.0,0.0,0.0,0.0,0.0
Amad,MID,MUN,431,16,3,2,58,0,0,0,0,0,0,0,0,0,0,0,0,0,0.0,0.0,18,5,2,2026-08-30T15:30:00Z,4,4,0,0,0,0,0.0,0.0,0.0,0.0,0.0,0.0,0.0,0.0,0.0,0.0,0.0,0.0,0.0,0.0,0.0
Amad,MID,MUN,431,16,3,3,58,0,0,0,0,0,0,0,0,0,0,0,0,0,0.0,0.0,30,2,2,2026-09-06T13:00:00Z,4,4,0,0,0,0,0.0,0.0,0.0,0.0,0.0,0.0,0.0,0.0,0.0,0.0,0.0,0.0,0.0,0.0,0.0
Mainoo,MID,MUN,432,16,3,1,55,23,0,0,0,0,0,7,0,0,0,0,0,1,0.0,0.0,4,2,0,2026-08-22T11:30:00Z,4,4,0,0,0,0,0.0,0.0,0.0,0.0,0.0,0.0,0.0,0.0,0.0,0.0,0.0,0.0,0.0,0.0,0.0
Mainoo,MID,MUN,432,16,3,2,55,79,0,0,0,1,0,25,0,0,0,0,0,4,0.0,0.0,18,5,2,2026-08-30T15:30:00Z,4,4,0,0,0,0,1.0,23.0,0.0,0.0,0.0,7.0,0.0,0.0,0.0,0.0,0.0,0.0,0.0,0.0,1.0
Mainoo,MID,MUN,432,16,3,3,55,83,0,1,0,1,0,32,2,0,0,0,0,9,0.0,0.0,30,2,2,2026-09-06T13:00:00Z,4,4,0,0,0,0,2.5,51.0,0.0,0.0,0.0,16.0,0.0,0.0,0.0,0.0,0.0,0.0,0.0,0.0,2.5
Ugarte,MID,MUN,433,16,3,1,50,0,0,0,0,0,0,0,0,0,0,0,0,0,0.0,0.0,4,2,0,2026-08-22T11:30:00Z,4,4,0,0,0,0,0.0,0.0,0.0,0.0,0.0,0.0,4.666666666666667,61.666666666666664,0.0,4.041451884327381,0.0,0.0,0.0,0.0,5.75
Ugarte,MID,MUN,433,16,3,2,50,0,0,0,0,0,0,0,0,0,0,0,0,0,0.0,0.0,18,5,2,2026-08-30T15:30:00Z,4,4,0,0,0,0,0.0,0.0,0.0,0.0,0.0,0.0,0.0,0.0,0.0,0.0,0.0,0.0,0.0,0.0,0.0
Ugarte,MID,MUN,433,16,3,3,50,0,0,0,0,0,0,0,0,0,0,0,0,0,0.0,0.0,30,2,2,2026-09-06T13:00:00Z,4,4,0,0,0,0,0.0,0.0,0.0,0.0,0.0,0.0,0.0,0.0,0.0,0.0,0.0,0.0,0.0,0.0,0.0
J.Fletcher,MID,MUN,434,16,3,1,49,0,0,0,0,0,0,0,0,0,0,0,0,0,0.0,0.0,4,2,0,2026-08-22T11:30:00Z,4,4,0,0,0,0,0.0,0.0,0.0,0.0,0.0,0.0,0.0,0.0,0.0,0.0,0.0,0.0,0.0,0.0,0.0
J.Fletcher,MID,MUN,434,16,3,2,49,0,0,0,0,0,0,0,0,0,0,0,0,0,0.0,0.0,18,5,2,2026-08-30T15:30:00Z,4,4,0,0,0,0,0.0,0.0,0.0,0.0,0.0,0.0,0.0,0.0,0.0,0.0,0.0,0.0,0.0,0.0,0.0
J.Fletcher,MID,MUN,434,16,3,3,49,0,0,0,0,0,0,0,0,0,0,0,0,0,0.0,0.0,30,2,2,2026-09-06T13:00:00Z,4,4,0,0,0,0,0.0,0.0,0.0,0.0,0.0,0.0,0.0,0.0,0.0,0.0,0.0,0.0,0.0,0.0,0.0
Lacey,MID,MUN,435,16,3,1,49,10,0,0,0,0,0,3,0,0,0,0,0,1,0.0,0.0,4,2,0,2026-08-22T11:30:00Z,4,4,0,0,0,0,0.0,0.0,0.0,0.0,0.0,0.0,0.0,0.0,0.0,0.0,0.0,0.0,0.0,0.0,0.0
Lacey,MID,MUN,435,16,3,2,49,0,0,0,0,0,0,0,0,0,0,0,0,0,0.0,0.0,18,5,2,2026-08-30T15:30:00Z,4,4,0,0,0,0,1.0,10.0,0.0,0.0,0.0,3.0,0.0,0.0,0.0,0.0,0.0,0.0,0.0,0.0,1.0
Lacey,MID,MUN,435,16,3,3,49,0,0,0,0,0,0,0,0,0,0,0,0,0,0.0,0.0,30,2,2,2026-09-06T13:00:00Z,4,4,0,0,0,0,0.5,5.0,0.0,0.0,0.0,1.5,0.0,0.0,0.0,0.0,0.0,0.0,0.0,0.0,0.5
Collyer,MID,MUN,436,16,3,1,50,0,0,0,0,0,0,0,0,0,0,0,0,0,0.0,0.0,4,2,0,2026-08-22T11:30:00Z,4,4,0,0,0,0,0.0,0.0,0.0,0.0,0.0,0.0,0.3333333333333333,3.3333333333333335,0.0,0.5773502691896258,0.0,0.0,0.0,0.0,0.25
Collyer,MID,MUN,436,16,3,2,50,0,0,0,0,0,0,0,0,0,0,0,0,0,0.0,0.0,18,5,2,2026-08-30T15:30:00Z,4,4,0,0,0,0,0.0,0.0,0.0,0.0,0.0,0.0,0.0,0.0,0.0,0.0,0.0,0.0,0.0,0.0,0.0
Collyer,MID,MUN,436,16,3,3,50,0,0,0,0,0,0,0,0,0,0,0,0,0,0.0,0.0,30,2,2,2026-09-06T13:00:00Z,4,4,0,0,0,0,0.0,0.0,0.0,0.0,0.0,0.0,0.0,0.0,0.0,0.0,0.0,0.0,0.0,0.0,0.0
Bendito Mantato,MID,MUN,437,16,3,1,45,0,0,0,0,0,0,0,0,0,0,0,0,0,0.0,0.0,4,2,0,2026-08-22T11:30:00Z,4,4,0,0,0,0,0.0,0.0,0.0,0.0,0.0,0.0,0.0,0.0,0.0,0.0,0.0,0.0,0.0,0.0,0.0
Bendito Mantato,MID,MUN,437,16,3,2,45,0,0,0,0,0,0,0,0,0,0,0,0,0,0.0,0.0,18,5,2,2026-08-30T15:30:00Z,4,4,0,0,0,0,0.0,0.0,0.0,0.0,0.0,0.0,0.0,0.0,0.0,0.0,0.0,0.0,0.0,0.0,0.0
Bendito Mantato,MID,MUN,437,16,3,3,45,0,0,0,0,0,0,0,0,0,0,0,0,0,0.0,0.0,30,2,2,2026-09-06T13:00:00Z,4,4,0,0,0,0,0.0,0.0,0.0,0.0,0.0,0.0,0.0,0.0,0.0,0.0,0.0,0.0,0.0,0.0,0.0
Fletcher,MID,MUN,438,16,3,1,45,0,0,0,0,0,0,0,0,0,0,0,0,0,0.0,0.0,4,2,0,2026-08-22T11:30:00Z,4,4,0,0,0,0,0.0,0.0,0.0,0.0,0.0,0.0,0.0,0.0,0.0,0.0,0.0,0.0,0.0,0.0,0.0
Fletcher,MID,MUN,438,16,3,2,45,0,0,0,0,0,0,0,0,0,0,0,0,0,0.0,0.0,18,5,2,2026-08-30T15:30:00Z,4,4,0,0,0,0,0.0,0.0,0.0,0.0,0.0,0.0,0.0,0.0,0.0,0.0,0.0,0.0,0.0,0.0,0.0
Fletcher,MID,MUN,438,16,3,3,45,0,0,0,0,0,0,0,0,0,0,0,0,0,0.0,0.0,30,2,2,2026-09-06T13:00:00Z,4,4,0,0,0,0,0.0,0.0,0.0,0.0,0.0,0.0,0.0,0.0,0.0,0.0,0.0,0.0,0.0,0.0,0.0
Šeško,FWD,MUN,439,16,4,1,70,23,0,0,0,0,0,2,0,0,0,0,0,1,0.0,0.0,4,2,0,2026-08-22T11:30:00Z,4,4,0,0,0,0,0.0,0.0,0.0,0.0,0.0,0.0,0.0,0.0,0.0,0.0,0.0,0.0,0.0,0.0,0.0
Šeško,FWD,MUN,439,16,4,2,70,10,0,0,0,1,0,5,0,0,0,0,0,1,0.0,0.0,18,5,2,2026-08-30T15:30:00Z,4,4,0,0,0,0,1.0,23.0,0.0,0.0,0.0,2.0,0.0,0.0,0.0,0.0,0.0,0.0,0.0,0.0,1.0
Šeško,FWD,MUN,439,16,4,3,70,20,1,0,0,2,0,28,0,0,0,0,0,5,0.0,0.0,30,2,2,2026-09-06T13:00:00Z,4,4,0,0,0,0,1.0,16.5,0.0,0.0,0.0,3.5,0.0,0.0,0.0,0.0,0.0,0.0,0.0,0.0,1.0
Zirkzee,FWD,MUN,440,16,4,1,54,0,0,0,0,0,0,0,0,0,0,0,0,0,0.0,0.0,4,2,0,2026-08-22T11:30:00Z,4,4,0,0,0,0,0.0,0.0,0.0,0.0,0.0,0.0,2.3333333333333335,17.666666666666668,1.0,2.3094010767585034,0.0,0.0,0.0,0.0,3.0
Zirkzee,FWD,MUN,440,16,4,2,54,0,0,0,0,0,0,0,0,0,0,0,0,0,0.0,0.0,18,5,2,2026-08-30T15:30:00Z,4,4,0,0,0,0,0.0,0.0,0.0,0.0,0.0,0.0,0.0,0.0,0.0,0.0,0.0,0.0,0.0,0.0,0.0
Zirkzee,FWD,MUN,440,16,4,3,54,0,0,0,0,0,0,0,0,0,0,0,0,0,0.0,0.0,30,2,2,2026-09-06T13:00:00Z,4,4,0,0,0,0,0.0,0.0,0.0,0.0,0.0,0.0,0.0,0.0,0.0,0.0,0.0,0.0,0.0,0.0,0.0
Obi,FWD,MUN,441,16,4,1,45,0,0,0,0,0,0,0,0,0,0,0,0,0,0.0,0.0,4,2,0,2026-08-22T11:30:00Z,4,4,0,0,0,0,0.0,0.0,0.0,0.0,0.0,0.0,0.0,0.0,0.0,0.0,0.0,0.0,0.0,0.0,0.0
Obi,FWD,MUN,441,16,4,2,45,0,0,0,0,0,0,0,0,0,0,0,0,0,0.0,0.0,18,5,2,2026-08-30T15:30:00Z,4,4,0,0,0,0,0.0,0.0,0.0,0.0,0.0,0.0,0.0,0.0,0.0,0.0,0.0,0.0,0.0,0.0,0.0
Obi,FWD,MUN,441,16,4,3,45,0,0,0,0,0,0,0,0,0,0,0,0,0,0.0,0.0,30,2,2,2026-09-06T13:00:00Z,4,4,0,0,0,0,0.0,0.0,0.0,0.0,0.0,0.0,0.0,0.0,0.0,0.0,0.0,0.0,0.0,0.0,0.0
Pope,GKP,NEW,442,17,1,1,49,0,0,0,0,0,0,0,0,0,0,0,0,0,0.0,0.0,9,2,2,2026-08-23T15:30:00Z,2,3,0,0,0,0,0.0,0.0,0.0,0.0,0.0,0.0,0.0,0.0,0.0,0.0,0.0,0.0,0.0,0.0,0.0
Pope,GKP,NEW,442,17,1,2,49,0,0,0,0,0,0,0,0,0,0,0,0,0,0.0,0.0,15,0,2,2026-08-29T16:30:00Z,2,3,0,0,0,0,0.0,0.0,0.0,0.0,0.0,0.0,0.0,0.0,0.0,0.0,0.0,0.0,0.0,0.0,0.0
Pope,GKP,NEW,442,17,1,3,49,0,0,0,0,0,0,0,0,0,0,0,0,0,0.0,0.0,27,2,2,2026-09-05T11:30:00Z,2,3,0,0,0,0,0.0,0.0,0.0,0.0,0.0,0.0,0.0,0.0,0.0,0.0,0.0,0.0,0.0,0.0,0.0
Gillespie,GKP,NEW,443,17,1,1,45,0,0,0,0,0,0,0,0,0,0,0,0,0,0.0,0.0,9,2,2,2026-08-23T15:30:00Z,2,3,0,0,0,0,0.0,0.0,0.0,0.0,0.0,0.0,0.0,0.0,0.0,0.0,0.0,0.0,0.0,0.0,0.0
Gillespie,GKP,NEW,443,17,1,2,45,0,0,0,0,0,0,0,0,0,0,0,0,0,0.0,0.0,15,0,2,2026-08-29T16:30:00Z,2,3,0,0,0,0,0.0,0.0,0.0,0.0,0.0,0.0,0.0,0.0,0.0,0.0,0.0,0.0,0.0,0.0,0.0
Gillespie,GKP,NEW,443,17,1,3,45,0,0,0,0,0,0,0,0,0,0,0,0,0,0.0,0.0,27,2,2,2026-09-05T11:30:00Z,2,3,0,0,0,0,0.0,0.0,0.0,0.0,0.0,0.0,0.0,0.0,0.0,0.0,0.0,0.0,0.0,0.0,0.0
Jaouen,GKP,NEW,444,17,1,1,45,0,0,0,0,0,0,0,0,0,0,0,0,0,0.0,0.0,9,2,2,2026-08-23T15:30:00Z,2,3,0,0,0,0,0.0,0.0,0.0,0.0,0.0,0.0,0.0,0.0,0.0,0.0,0.0,0.0,0.0,0.0,0.0
Jaouen,GKP,NEW,444,17,1,2,45,0,0,0,0,0,0,0,0,0,0,0,0,0,0.0,0.0,15,0,2,2026-08-29T16:30:00Z,2,3,0,0,0,0,0.0,0.0,0.0,0.0,0.0,0.0,0.0,0.0,0.0,0.0,0.0,0.0,0.0,0.0,0.0
Jaouen,GKP,NEW,444,17,1,3,45,0,0,0,0,0,0,0,0,0,0,0,0,0,0.0,0.0,27,2,2,2026-09-05T11:30:00Z,2,3,0,0,0,0,0.0,0.0,0.0,0.0,0.0,0.0,0.0,0.0,0.0,0.0,0.0,0.0,0.0,0.0,0.0
Thiaw,DEF,NEW,445,17,2,1,50,90,0,0,0,2,0,0,0,0,0,0,0,3,0.0,0.0,9,2,2,2026-08-23T15:30:00Z,2,3,0,0,0,0,0.0,0.0,0.0,0.0,0.0,0.0,0.0,0.0,0.0,0.0,0.0,0.0,0.0,0.0,0.0
Thiaw,DEF,NEW,445,17,2,2,50,90,0,0,1,0,0,25,0,0,0,0,0,6,0.0,0.0,15,0,2,2026-08-29T16:30:00Z,2,3,0,0,0,0,3.0,90.0,0.0,0.0,0.0,0.0,0.0,0.0,0.0,0.0,0.0,0.0,0.0,0.0,3.0
Thiaw,DEF,NEW,445,17,2,3,50,90,0,0,0,2,0,0,0,0,0,0,0,-1,0.0,0.0,27,2,2,2026-09-05T11:30:00Z,2,3,0,0,0,0,4.5,90.0,0.0,0.0,0.5,12.5,0.0,0.0,0.0,0.0,0.0,0.0,0.0,0.0,4.5
Schär,DEF,NEW,446,17,2,1,50,1,0,0,0,1,0,-1,0,0,0,0,0,1,0.0,0.0,9,2,2,2026-08-23T15:30:00Z,2,3,0,0,0,0,0.0,0.0,0.0,0.0,0.0,0.0,2.6666666666666665,90.0,0.0,3.5118845842842465,0.0,0.0,0.0,0.0,1.75
Schär,DEF,NEW,446,17,2,2,50,0,0,0,0,0,0,0,0,0,0,0,0,0,0.0,0.0,15,0,2,2026-08-29T16:30:00Z,2,3,0,0,0,0,1.0,1.0,0.0,0.0,0.0,-1.0,0.0,0.0,0.0,0.0,0.0,0.0,0.0,0.0,1.0
Schär,DEF,NEW,446,17,2,3,50,0,0,0,0,0,0,0,0,0,0,0,0,0,0.0,0.0,27,2,2,2026-09-05T11:30:00Z,2,3,0,0,0,0,0.5,0.5,0.0,0.0,0.0,-0.5,0.0,0.0,0.0,0.0,0.0,0.0,0.0,0.0,0.5
Botman,DEF,NEW,447,17,2,1,50,90,0,0,0,2,0,4,0,0,0,0,0,3,0.0,0.0,9,2,2,2026-08-23T15:30:00Z,2,3,0,0,0,0,0.0,0.0,0.0,0.0,0.0,0.0,0.3333333333333333,0.3333333333333333,0.0,0.5773502691896258,0.0,0.0,0.0,0.0,0.25
Botman,DEF,NEW,447,17,2,2,50,90,0,0,1,0,0,22,0,1,0,0,0,5,0.0,0.0,15,0,2,2026-08-29T16:30:00Z,2,3,0,0,0,0,3.0,90.0,0.0,0.0,0.0,4.0,0.0,0.0,0.0,0.0,0.0,0.0,0.0,0.0,3.0
Botman,DEF,NEW,447,17,2,3,50,90,0,0,0,2,0,3,0,0,0,0,0,1,0.0,0.0,27,2,2,2026-09-05T11:30:00Z,2,3,0,0,0,0,4.0,90.0,0.0,0.0,0.5,13.0,0.0,0.0,0.0,0.0,0.0,0.0,0.0,0.0,4.0
Burn,DEF,NEW,448,17,2,1,49,0,0,0,0,0,0,0,0,0,0,0,0,0,0.0,0.0,9,2,2,2026-08-23T15:30:00Z,2,3,0,0,0,0,0.0,0.0,0.0,0.0,0.0,0.0,3.0,90.0,0.0,2.0,0.0,0.0,0.0,0.0,2.5
Burn,DEF,NEW,448,17,2,2,49,0,0,0,0,0,0,0,0,0,0,0,0,0,0.0,0.0,15,0,2,2026-08-29T16:30:00Z,2,3,0,0,0,0,0.0,0.0,0.0,0.0,0.0,0.0,0.0,0.0,0.0,0.0,0.0,0.0,0.0,0.0,0.0
Burn,DEF,NEW,448,17,2,3,49,0,0,0,0,0,0,0,0,0,0,0,0,0,0.0,0.0,27,2,2,2026-09-05T11:30:00Z,2,3,0,0,0,0,0.0,0.0,0.0,0.0,0.0,0.0,0.0,0.0,0.0,0.0,0.0,0.0,0.0,0.0,0.0
Hall,DEF,NEW,449,17,2,1,52,90,0,0,0,2,0,8,0,0,0,0,0,3,0.0,0.0,9,2,2,2026-08-23T15:30:00Z,2,3,0,0,0,0,0.0,0.0,0.0,0.0,0.0,0.0,0.0,0.0,0.0,0.0,0.0,0.0,0.0,0.0,0.0
Hall,DEF,NEW,449,17,2,2,52,90,0,0,1,0,0,52,3,0,0,0,0,11,0.0,0.0,15,0,2,2026-08-29T16:30:00Z,2,3,0,0,0,0,3.0,90.0,0.0,0.0,0.0,8.0,0.0,0.0,0.0,0.0,0.0,0.0,0.0,0.0,3.0
Hall,DEF,NEW,449,17,2,3,52,89,0,1,0,2,0,20,0,0,0,0,0,4,0.0,0.0,27,2,2,2026-09-05T11:30:00Z,2,3,0,0,0,0,7.0,90.0,0.0,0.0,0.5,30.0,0.0,0.0,0.0,0.0,0.0,0.0,0.0,0.0,7.0
Livramento,DEF,NEW,450,17,2,1,49,0,0,0,0,0,0,0,0,0,0,0,0,0,0.0,0.0,9,2,2,2026-08-23T15:30:00Z,2,3,0,0,0,0,0.0,0.0,0.0,0.0,0.0,0.0,6.0,89.66666666666667,0.0,4.358898943540674,0.0,0.0,0.0,0.0,5.5
Livramento,DEF,NEW,450,17,2,2,49,0,0,0,0,0,0,0,0,0,0,0,0,0,0.0,0.0,15,0,2,2026-08-29T16:30:00Z,2,3,0,0,0,0,0.0,0.0,0.0,0.0,0.0,0.0,0.0,0.0,0.0,0.0,0.0,0.0,0.0,0.0,0.0
Livramento,DEF,NEW,450,17,2,3,49,1,0,0,0,0,0,3,0,0,0,0,0,1,0.0,0.0,27,2,2,2026-09-05T11:30:00Z,2,3,0,0,0,0,0.0,0.0,0.0,0.0,0.0,0.0,0.0,0.0,0.0,0.0,0.0,0.0,0.0,0.0,0.0
A.Murphy,DEF,NEW,451,17,2,1,40,0,0,0,0,0,0,0,0,0,0,0,0,0,0.0,0.0,9,2,2,2026-08-23T15:30:00Z,2,3,0,0,0,0,0.0,0.0,0.0,0.0,0.0,0.0,0.3333333333333333,0.3333333333333333,0.0,0.5773502691896258,0.0,0.0,0.0,0.0,0.5
A.Murphy,DEF,NEW,451,17,2,2,40,0,0,0,0,0,0,0,0,0,0,0,0,0,0.0,0.0,15,0,2,2026-08-29T16:30:00Z,2,3,0,0,0,0,0.0,0.0,0.0,0.0,0.0,0.0,0.0,0.0,0.0,0.0,0.0,0.0,0.0,0.0,0.0
A.Murphy,DEF,NEW,451,17,2,3,40,0,0,0,0,0,0,0,0,0,0,0,0,0,0.0,0.0,27,2,2,2026-09-05T11:30:00Z,2,3,0,0,0,0,0.0,0.0,0.0,0.0,0.0,0.0,0.0,0.0,0.0,0.0,0.0,0.0,0.0,0.0,0.0
Bruno G.,MID,ARS,452,1,3,1,68,0,0,0,0,0,0,0,0,0,0,0,0,0,0.0,0.0,1,3,0,2026-08-21T19:00:00Z,4,5,0,0,0,0,0.0,0.0,0.0,0.0,0.0,0.0,0.0,0.0,0.0,0.0,0.0,0.0,0.0,0.0,0.0
Bruno G.,MID,ARS,452,1,3,2,68,19,0,0,0,0,0,4,0,0,0,0,0,1,0.0,0.0,20,0,1,2026-08-31T19:00:00Z,4,5,0,0,0,0,0.0,0.0,0.0,0.0,0.0,0.0,0.0,0.0,0.0,0.0,0.0,0.0,0.0,0.0,0.0
Bruno G.,MID,ARS,452,1,3,3,68,0,0,0,0,0,0,0,0,0,0,0,0,0,0.0,0.0,29,2,1,2026-09-06T15:30:00Z,4,5,0,0,0,0,0.5,9.5,0.0,0.0,0.0,2.0,0.0,0.0,0.0,0.0,0.0,0.0,0.0,0.0,0.5
Barnes,MID,NEW,453,17,3,1,60,90,0,0,0,2,0,12,0,0,0,0,0,2,0.0,0.0,9,2,2,2026-08-23T15:30:00Z,2,3,0,0,0,0,0.0,0.0,0.0,0.0,0.0,0.0,0.3333333333333333,6.333333333333333,0.0,0.5773502691896258,0.0,0.0,0.0,0.0,0.25
Barnes,MID,NEW,453,17,3,2,60,90,0,0,1,0,0,9,0,0,0,0,0,3,0.0,0.0,15,0,2,2026-08-29T16:30:00Z,2,3,0,0,0,0,2.0,90.0,0.0,0.0,0.0,12.0,0.0,0.0,0.0,0.0,0.0,0.0,0.0,0.0,2.0
Barnes,MID,NEW,453,17,3,3,60,90,1,1,0,2,0,37,2,0,0,0,0,12,0.0,0.0,27,2,2,2026-09-05T11:30:00Z,2,3,0,0,0,0,2.5,90.0,0.0,0.0,0.5,10.5,0.0,0.0,0.0,0.0,0.0,0.0,0.0,0.0,2.5
Elanga,MID,NEW,454,17,3,1,62,75,1,0,0,1,0,31,2,0,0,0,0,9,0.0,0.0,9,2,2,2026-08-23T15:30:00Z,2,3,0,0,0,0,0.0,0.0,0.0,0.0,0.0,0.0,5.666666666666667,90.0,1.0,5.507570547286102,0.0,0.0,0.0,0.0,7.25
Elanga,MID,NEW,454,17,3,2,62,81,1,0,1,0,0,32,0,0,0,0,0,8,0.0,0.0,15,0,2,2026-08-29T16:30:00Z,2,3,0,0,0,0,9.0,75.0,1.0,0.0,0.0,31.0,0.0,0.0,0.0,0.0,0.0,0.0,0.0,0.0,9.0
Elanga,MID,NEW,454,17,3,3,62,76,0,0,0,2,0,8,0,1,0,0,0,1,0.0,0.0,27,2,2,2026-09-05T11:30:00Z,2,3,0,0,0,0,8.5,78.0,1.0,0.0,0.5,31.5,0.0,0.0,0.0,0.0,0.0,0.0,0.0,0.0,8.5
Tonali,MID,TOT,455,19,3,1,54,90,0,0,0,3,0,14,0,0,0,0,0,2,0.0,0.0,2,3,0,2026-08-22T16:30:00Z,3,3,0,0,0,0,0.0,0.0,0.0,0.0,0.0,0.0,6.0,77.33333333333333,2.0,4.358898943540674,0.0,0.0,0.0,0.0,4.75
Tonali,MID,TOT,455,19,3,2,54,74,0,0,0,2,0,16,0,0,0,0,0,2,0.0,0.0,15,0,2,2026-08-29T16:30:00Z,3,3,0,0,0,0,2.0,90.0,0.0,0.0,0.0,14.0,0.0,0.0,0.0,0.0,0.0,0.0,0.0,0.0,2.0
Tonali,MID,TOT,455,19,3,3,54,90,0,0,1,0,0,22,0,0,0,0,0,5,0.0,0.0,28,0,0,2026-09-05T14:00:00Z,3,3,0,0,0,0,2.0,82.0,0.0,0.0,0.0,15.0,0.0,0.0,0.0,0.0,0.0,0.0,0.0,0.0,2.0
J.Ramsey,MID,NEW,456,17,3,1,49,34,0,0,0,1,0,1,0,1,0,0,0,0,0.0,0.0,9,2,2,2026-08-23T15:30:00Z,2,3,0,0,0,0,0.0,0.0,0.0,0.0,0.0,0.0,3.0,84.66666666666667,0.0,1.7320508075688772,0.0,0.0,0.0,0.0,3.5
J.Ramsey,MID,NEW,456,17,3,2,49,8,0,0,0,0,0,3,0,0,0,0,0,1,0.0,0.0,15,0,2,2026-08-29T16:30:00Z,2,3,0,0,0,0,0.0,34.0,0.0,0.0,0.0,1.0,0.0,0.0,0.0,0.0,0.0,0.0,0.0,0.0,0.0
J.Ramsey,MID,NEW,456,17,3,3,49,27,1,0,0,0,0,22,0,0,0,0,0,6,0.0,0.0,27,2,2,2026-09-05T11:30:00Z,2,3,0,0,0,0,0.5,21.0,0.0,0.0,0.0,2.0,0.0,0.0,0.0,0.0,0.0,0.0,0.0,0.0,0.5
J.Murphy,MID,NEW,457,17,3,1,59,14,0,0,0,1,0,-1,0,1,0,0,0,0,0.0,0.0,9,2,2,2026-08-23T15:30:00Z,2,3,0,0,0,0,0.0,0.0,0.0,0.0,0.0,0.0,2.3333333333333335,23.0,1.0,3.2145502536643185,0.0,0.0,0.0,0.0,3.25
J.Murphy,MID,NEW,457,17,3,2,59,8,0,0,0,0,0,3,0,0,0,0,0,1,0.0,0.0,15,0,2,2026-08-29T16:30:00Z,2,3,0,0,0,0,0.0,14.0,0.0,0.0,0.0,-1.0,0.0,0.0,0.0,0.0,0.0,0.0,0.0,0.0,0.0
J.Murphy,MID,NEW,457,17,3,3,59,13,0,0,0,0,0,5,0,0,0,0,0,1,0.0,0.0,27,2,2,2026-09-05T11:30:00Z,2,3,0,0,0,0,0.5,11.0,0.0,0.0,0.0,1.0,0.0,0.0,0.0,0.0,0.0,0.0,0.0,0.0,0.5
Joelinton,MID,NEW,458,17,3,1,54,0,0,0,0,0,0,0,0,0,0,0,0,0,0.0,0.0,9,2,2,2026-08-23T15:30:00Z,2,3,0,0,0,0,0.0,0.0,0.0,0.0,0.0,0.0,0.6666666666666666,11.666666666666666,0.0,0.5773502691896258,0.0,0.0,0.0,0.0,0.75
Joelinton,MID,NEW,458,17,3,2,54,0,0,0,0,0,0,0,0,0,0,0,0,0,0.0,0.0,15,0,2,2026-08-29T16:30:00Z,2,3,0,0,0,0,0.0,0.0,0.0,0.0,0.0,0.0,0.0,0.0,0.0,0.0,0.0,0.0,0.0,0.0,0.0
Joelinton,MID,NEW,458,17,3,3,54,0,0,0,0,0,0,0,0,0,0,0,0,0,0.0,0.0,27,2,2,2026-09-05T11:30:00Z,2,3,0,0,0,0,0.0,0.0,0.0,0.0,0.0,0.0,0.0,0.0,0.0,0.0,0.0,0.0,0.0,0.0,0.0
L.Miley,MID,NEW,459,17,3,1,55,75,0,0,0,1,0,13,0,1,0,0,0,3,0.0,0.0,9,2,2,2026-08-23T15:30:00Z,2,3,0,0,0,0,0.0,0.0,0.0,0.0,0.0,0.0,0.0,0.0,0.0,0.0,0.0,0.0,0.0,0.0,0.0
L.Miley,MID,NEW,459,17,3,2,55,90,0,0,1,0,0,16,0,0,0,0,0,3,0.0,0.0,15,0,2,2026-08-29T16:30:00Z,2,3,0,0,0,0,3.0,75.0,0.0,0.0,0.0,13.0,0.0,0.0,0.0,0.0,0.0,0.0,0.0,0.0,3.0
L.Miley,MID,NEW,459,17,3,3,55,62,0,0,0,2,0,11,0,0,0,0,0,2,0.0,0.0,27,2,2,2026-09-05T11:30:00Z,2,3,0,0,0,0,3.0,82.5,0.0,0.0,0.5,14.5,0.0,0.0,0.0,0.0,0.0,0.0,0.0,0.0,3.0
Willock,MID,NEW,460,17,3,1,50,34,1,0,0,1,0,28,0,0,0,0,0,6,0.0,0.0,9,2,2,2026-08-23T15:30:00Z,2,3,0,0,0,0,0.0,0.0,0.0,0.0,0.0,0.0,2.6666666666666665,75.66666666666667,0.0,0.5773502691896257,0.0,0.0,0.0,0.0,2.5
Willock,MID,NEW,460,17,3,2,50,70,0,0,1,0,0,0,0,0,0,0,0,3,0.0,0.0,15,0,2,2026-08-29T16:30:00Z,2,3,0,0,0,0,6.0,34.0,1.0,0.0,0.0,28.0,0.0,0.0,0.0,0.0,0.0,0.0,0.0,0.0,6.0
Willock,MID,NEW,460,17,3,3,50,62,0,0,0,2,0,6,0,0,0,0,0,2,0.0,0.0,27,2,2,2026-09-05T11:30:00Z,2,3,0,0,0,0,4.5,52.0,0.5,0.0,0.5,14.0,0.0,0.0,0.0,0.0,0.0,0.0,0.0,0.0,4.5
Touré,MID,NEW,461,17,3,1,58,0,0,0,0,0,0,0,0,0,0,0,0,0,0.0,0.0,9,2,2,2026-08-23T15:30:00Z,2,3,0,0,0,0,0.0,0.0,0.0,0.0,0.0,0.0,3.6666666666666665,55.333333333333336,1.0,2.0816659994661326,0.0,0.0,0.0,0.0,3.25
Touré,MID,NEW,461,17,3,2,58,1,0,0,0,0,0,3,0,0,0,0,0,1,0.0,0.0,15,0,2,2026-08-29T16:30:00Z,2,3,0,0,0,0,0.0,0.0,0.0,0.0,0.0,0.0,0.0,0.0,0.0,0.0,0.0,0.0,0.0,0.0,0.0
Touré,MID,NEW,461,17,3,3,58,0,0,0,0,0,0,0,0,0,0,0,0,0,0.0,0.0,27,2,2,2026-09-05T11:30:00Z,2,3,0,0,0,0,0.5,0.5,0.0,0.0,0.0,1.5,0.0,0.0,0.0,0.0,0.0,0.0,0.0,0.0,0.5
Steur,MID,NEW,462,17,3,1,49,55,0,0,0,1,0,3,0,0,0,0,0,1,0.0,0.0,9,2,2,2026-08-23T15:30:00Z,2,3,0,0,0,0,0.0,0.0,0.0,0.0,0.0,0.0,0.3333333333333333,0.3333333333333333,0.0,0.5773502691896258,0.0,0.0,0.0,0.0,0.25
Steur,MID,NEW,462,17,3,2,49,19,0,0,0,0,0,4,0,0,0,0,0,1,0.0,0.0,15,0,2,2026-08-29T16:30:00Z,2,3,0,0,0,0,1.0,55.0,0.0,0.0,0.0,3.0,0.0,0.0,0.0,0.0,0.0,0.0,0.0,0.0,1.0
Steur,MID,NEW,462,17,3,3,49,13,0,0,0,0,0,3,0,0,0,0,0,1,0.0,0.0,27,2,2,2026-09-05T11:30:00Z,2,3,0,0,0,0,1.0,37.0,0.0,0.0,0.0,3.5,0.0,0.0,0.0,0.0,0.0,0.0,0.0,0.0,1.0
Woltemade,FWD,NEW,463,17,4,1,59,0,0,0,0,0,0,0,0,0,0,0,0,0,0.0,0.0,9,2,2,2026-08-23T15:30:00Z,2,3,0,0,0,0,0.0,0.0,0.0,0.0,0.0,0.0,1.0,29.0,0.0,0.0,0.0,0.0,0.0,0.0,1.0
Woltemade,FWD,NEW,463,17,4,2,59,19,0,1,0,0,0,18,0,0,0,0,0,4,0.0,0.0,15,0,2,2026-08-29T16:30:00Z,2,3,0,0,0,0,0.0,0.0,0.0,0.0,0.0,0.0,0.0,0.0,0.0,0.0,0.0,0.0,0.0,0.0,0.0
Woltemade,FWD,NEW,463,17,4,3,59,0,0,0,0,0,0,0,0,0,0,0,0,0,0.0,0.0,27,2,2,2026-09-05T11:30:00Z,2,3,0,0,0,0,2.0,9.5,0.0,0.5,0.0,9.0,0.0,0.0,0.0,0.0,0.0,0.0,0.0,0.0,2.0
Wissa,FWD,NEW,464,17,4,1,62,90,0,1,0,1,0,7,0,1,0,0,0,4,0.0,0.0,9,2,2,2026-08-23T15:30:00Z,2,3,0,0,0,0,0.0,0.0,0.0,0.0,0.0,0.0,1.3333333333333333,6.333333333333333,0.0,2.3094010767585034,0.0,0.0,0.0,0.0,1.0
Wissa,FWD,NEW,464,17,4,2,62,81,1,0,1,0,0,37,2,0,0,0,0,8,0.0,0.0,15,0,2,2026-08-29T16:30:00Z,2,3,0,0,0,0,4.0,90.0,0.0,1.0,0.0,7.0,0.0,0.0,0.0,0.0,0.0,0.0,0.0,0.0,4.0
Wissa,FWD,NEW,464,17,4,3,62,90,0,0,0,2,0,7,0,1,0,0,0,1,0.0,0.0,27,2,2,2026-09-05T11:30:00Z,2,3,0,0,0,0,6.0,85.5,0.5,0.5,0.5,22.0,0.0,0.0,0.0,0.0,0.0,0.0,0.0,0.0,6.0
Osula,FWD,NEW,465,17,4,1,59,55,0,1,0,1,0,18,0,0,0,0,0,4,0.0,0.0,9,2,2,2026-08-23T15:30:00Z,2,3,0,0,0,0,0.0,0.0,0.0,0.0,0.0,0.0,4.333333333333333,87.0,1.0,3.511884584284246,0.0,0.0,0.0,0.0,3.5
Osula,FWD,NEW,465,17,4,2,59,0,0,0,0,0,0,0,0,0,0,0,0,0,0.0,0.0,15,0,2,2026-08-29T16:30:00Z,2,3,0,0,0,0,4.0,55.0,0.0,1.0,0.0,18.0,0.0,0.0,0.0,0.0,0.0,0.0,0.0,0.0,4.0
Osula,FWD,NEW,465,17,4,3,59,0,0,0,0,0,0,0,0,0,0,0,0,0,0.0,0.0,27,2,2,2026-09-05T11:30:00Z,2,3,0,0,0,0,2.0,27.5,0.0,0.5,0.0,9.0,0.0,0.0,0.0,0.0,0.0,0.0,0.0,0.0,2.0
Neave,FWD,NEW,466,17,4,1,45,0,0,0,0,0,0,0,0,0,0,0,0,0,0.0,0.0,9,2,2,2026-08-23T15:30:00Z,2,3,0,0,0,0,0.0,0.0,0.0,0.0,0.0,0.0,1.3333333333333333,18.333333333333332,0.0,2.3094010767585034,0.0,0.0,0.0,0.0,1.0
Neave,FWD,NEW,466,17,4,2,45,0,0,0,0,0,0,0,0,0,0,0,0,0,0.0,0.0,15,0,2,2026-08-29T16:30:00Z,2,3,0,0,0,0,0.0,0.0,0.0,0.0,0.0,0.0,0.0,0.0,0.0,0.0,0.0,0.0,0.0,0.0,0.0
Neave,FWD,NEW,466,17,4,3,45,0,0,0,0,0,0,0,0,0,0,0,0,0,0.0,0.0,27,2,2,2026-09-05T11:30:00Z,2,3,0,0,0,0,0.0,0.0,0.0,0.0,0.0,0.0,0.0,0.0,0.0,0.0,0.0,0.0,0.0,0.0,0.0
Sels,GKP,NFO,467,18,1,1,50,90,0,0,0,1,2,11,0,0,0,0,0,2,0.0,0.0,6,0,1,2026-08-22T14:00:00Z,3,3,0,0,0,0,0.0,0.0,0.0,0.0,0.0,0.0,0.0,0.0,0.0,0.0,0.0,0.0,0.0,0.0,0.0
Sels,GKP,NFO,467,18,1,2,50,90,0,0,0,2,2,6,0,0,0,0,0,1,0.0,0.0,14,2,2,2026-08-29T11:30:00Z,3,3,0,0,0,0,2.0,90.0,0.0,0.0,0.0,11.0,0.0,0.0,0.0,0.0,0.0,0.0,0.0,0.0,2.0
Sels,GKP,NFO,467,18,1,3,50,90,0,0,1,0,0,21,0,0,0,0,0,6,0.0,0.0,28,0,0,2026-09-05T14:00:00Z,3,3,0,0,0,0,1.5,90.0,0.0,0.0,0.0,8.5,0.0,0.0,0.0,0.0,0.0,0.0,0.0,0.0,1.5
John,GKP,NFO,468,18,1,1,45,0,0,0,0,0,0,0,0,0,0,0,0,0,0.0,0.0,6,0,1,2026-08-22T14:00:00Z,3,3,0,0,0,0,0.0,0.0,0.0,0.0,0.0,0.0,3.0,90.0,0.0,2.6457513110645907,0.0,0.0,0.0,0.0,3.75
John,GKP,NFO,468,18,1,2,45,0,0,0,0,0,0,0,0,0,0,0,0,0,0.0,0.0,14,2,2,2026-08-29T11:30:00Z,3,3,0,0,0,0,0.0,0.0,0.0,0.0,0.0,0.0,0.0,0.0,0.0,0.0,0.0,0.0,0.0,0.0,0.0
John,GKP,NFO,468,18,1,3,45,0,0,0,0,0,0,0,0,0,0,0,0,0,0.0,0.0,28,0,0,2026-09-05T14:00:00Z,3,3,0,0,0,0,0.0,0.0,0.0,0.0,0.0,0.0,0.0,0.0,0.0,0.0,0.0,0.0,0.0,0.0,0.0
N.Williams,DEF,NFO,469,18,2,1,50,90,0,0,0,1,0,13,0,0,0,0,0,2,0.0,0.0,6,0,1,2026-08-22T14:00:00Z,3,3,0,0,0,0,0.0,0.0,0.0,0.0,0.0,0.0,0.0,0.0,0.0,0.0,0.0,0.0,0.0,0.0,0.0
N.Williams,DEF,NFO,469,18,2,2,50,90,0,1,0,2,0,16,0,0,0,0,0,6,0.0,0.0,14,2,2,2026-08-29T11:30:00Z,3,3,0,0,0,0,2.0,90.0,0.0,0.0,0.0,13.0,0.0,0.0,0.0,0.0,0.0,0.0,0.0,0.0,2.0
N.Williams,DEF,NFO,469,18,2,3,50,90,0,0,1,0,0,28,1,0,0,0,0,7,0.0,0.0,28,0,0,2026-09-05T14:00:00Z,3,3,0,0,0,0,4.0,90.0,0.0,0.5,0.0,14.5,0.0,0.0,0.0,0.0,0.0,0.0,0.0,0.0,4.0
Morato,DEF,NFO,470,18,2,1,50,0,0,0,0,0,0,0,0,0,0,0,0,0,0.0,0.0,6,0,1,2026-08-22T14:00:00Z,3,3,0,0,0,0,0.0,0.0,0.0,0.0,0.0,0.0,5.0,90.0,0.0,2.6457513110645907,0.0,0.0,0.0,0.0,5.5
Morato,DEF,NFO,470,18,2,2,50,0,0,0,0,0,0,0,0,0,0,0,0,0,0.0,0.0,14,2,2,2026-08-29T11:30:00Z,3,3,0,0,0,0,0.0,0.0,0.0,0.0,0.0,0.0,0.0,0.0,0.0,0.0,0.0,0.0,0.0,0.0,0.0
Morato,DEF,NFO,470,18,2,3,50,0,0,0,0,0,0,0,0,0,0,0,0,0,0.0,0.0,28,0,0,2026-09-05T14:00:00Z,3,3,0,0,0,0,0.0,0.0,0.0,0.0,0.0,0.0,0.0,0.0,0.0,0.0,0.0,0.0,0.0,0.0,0.0
Milenković,DEF,NFO,471,18,2,1,55,90,0,0,0,1,0,4,0,0,0,0,0,2,0.0,0.0,6,0,1,2026-08-22T14:00:00Z,3,3,0,0,0,0,0.0,0.0,0.0,0.0,0.0,0.0,0.0,0.0,0.0,0.0,0.0,0.0,0.0,0.0,0.0
Milenković,DEF,NFO,471,18,2,2,55,90,0,0,0,2,0,3,0,0,0,0,0,3,0.0,0.0,14,2,2,2026-08-29T11:30:00Z,3,3,0,0,0,0,2.0,90.0,0.0,0.0,0.0,4.0,0.0,0.0,0.0,0.0,0.0,0.0,0.0,0.0,2.0
Milenković,DEF,NFO,471,18,2,3,55,90,0,0,1,0,0,27,0,1,0,0,0,7,0.0,0.0,28,0,0,2026-09-05T14:00:00Z,3,3,0,0,0,0,2.5,90.0,0.0,0.0,0.0,3.5,0.0,0.0,0.0,0.0,0.0,0.0,0.0,0.0,2.5
Murillo,DEF,NFO,472,18,2,1,55,90,0,0,0,1,0,15,0,0,0,0,0,4,0.0,0.0,6,0,1,2026-08-22T14:00:00Z,3,3,0,0,0,0,0.0,0.0,0.0,0.0,0.0,0.0,4.0,90.0,0.0,2.6457513110645907,0.0,0.0,0.0,0.0,4.75
Murillo,DEF,NFO,472,18,2,2,55,90,0,0,0,2,0,2,0,0,0,0,0,1,0.0,0.0,14,2,2,2026-08-29T11:30:00Z,3,3,0,0,0,0,4.0,90.0,0.0,0.0,0.0,15.0,0.0,0.0,0.0,0.0,0.0,0.0,0.0,0.0,4.0
Murillo,DEF,NFO,472,18,2,3,55,89,0,0,1,0,0,25,0,0,0,0,0,8,0.0,0.0,28,0,0,2026-09-05T14:00:00Z,3,3,0,0,0,0,2.5,90.0,0.0,0.0,0.0,8.5,0.0,0.0,0.0,0.0,0.0,0.0,0.0,0.0,2.5
Aina,DEF,NFO,473,18,2,1,45,73,0,0,1,0,0,24,0,1,0,0,0,5,0.0,0.0,6,0,1,2026-08-22T14:00:00Z,3,3,0,0,0,0,0.0,0.0,0.0,0.0,0.0,0.0,4.333333333333333,89.66666666666667,0.0,3.5118845842842465,0.0,0.0,0.0,0.0,5.25
Aina,DEF,NFO,473,18,2,2,45,85,0,0,0,2,0,2,0,1,0,0,0,0,0.0,0.0,14,2,2,2026-08-29T11:30:00Z,3,3,0,0,0,0,5.0,73.0,0.0,0.0,1.0,24.0,0.0,0.0,0.0,0.0,0.0,0.0,0.0,0.0,5.0
Aina,DEF,NFO,473,18,2,3,45,58,0,0,0,0,0,8,0,0,0,0,0,1,0.0,0.0,28,0,0,2026-09-05T14:00:00Z,3,3,0,0,0,0,2.5,79.0,0.0,0.0,0.5,13.0,0.0,0.0,0.0,0.0,0.0,0.0,0.0,0.0,2.5
Jair Cunha,DEF,NFO,474,18,2,1,45,90,0,0,0,1,0,5,0,1,0,0,0,1,0.0,0.0,6,0,1,2026-08-22T14:00:00Z,3,3,0,0,0,0,0.0,0.0,0.0,0.0,0.0,0.0,2.0,72.0,0.0,2.6457513110645907,0.0,0.0,0.0,0.0,1.75
Jair Cunha,DEF,NFO,474,18,2,2,45,90,0,0,0,2,0,6,0,0,0,0,0,1,0.0,0.0,14,2,2,2026-08-29T11:30:00Z,3,3,0,0,0,0,1.0,90.0,0.0,0.0,0.0,5.0,0.0,0.0,0.0,0.0,0.0,0.0,0.0,0.0,1.0
Jair Cunha,DEF,NFO,474,18,2,3,45,90,0,0,1,0,0,24,0,0,0,0,0,8,0.0,0.0,28,0,0,2026-09-05T14:00:00Z,3,3,0,0,0,0,1.0,90.0,0.0,0.0,0.0,5.5,0.0,0.0,0.0,0.0,0.0,0.0,0.0,0.0,1.0
Savona,DEF,NFO,475,18,2,1,45,0,0,0,0,0,0,0,0,0,0,0,0,0,0.0,0.0,6,0,1,2026-08-22T14:00:00Z,3,3,0,0,0,0,0.0,0.0,0.0,0.0,0.0,0.0,3.3333333333333335,90.0,0.0,4.041451884327381,0.0,0.0,0.0,0.0,4.5
Savona,DEF,NFO,475,18,2,2,45,0,0,0,0,0,0,0,0,0,0,0,0,0,0.0,0.0,14,2,2,2026-08-29T11:30:00Z,3,3,0,0,0,0,0.0,0.0,0.0,0.0,0.0,0.0,0.0,0.0,0.0,0.0,0.0,0.0,0.0,0.0,0.0
Savona,DEF,NFO,475,18,2,3,45,0,0,0,0,0,0,0,0,0,0,0,0,0,0.0,0.0,28,0,0,2026-09-05T14:00:00Z,3,3,0,0,0,0,0.0,0.0,0.0,0.0,0.0,0.0,0.0,0.0,0.0,0.0,0.0,0.0,0.0,0.0,0.0
O.Richards,DEF,NFO,476,18,2,1,40,0,0,0,0,0,0,0,0,0,0,0,0,0,0.0,0.0,6,0,1,2026-08-22T14:00:00Z,3,3,0,0,0,0,0.0,0.0,0.0,0.0,0.0,0.0,0.0,0.0,0.0,0.0,0.0,0.0,0.0,0.0,0.0
O.Richards,DEF,NFO,476,18,2,2,40,0,0,0,0,0,0,0,0,0,0,0,0,0,0.0,0.0,14,2,2,2026-08-29T11:30:00Z,3,3,0,0,0,0,0.0,0.0,0.0,0.0,0.0,0.0,0.0,0.0,0.0,0.0,0.0,0.0,0.0,0.0,0.0
O.Richards,DEF,NFO,476,18,2,3,40,0,0,0,0,0,0,0,0,0,0,0,0,0,0.0,0.0,28,0,0,2026-09-05T14:00:00Z,3,3,0,0,0,0,0.0,0.0,0.0,0.0,0.0,0.0,0.0,0.0,0.0,0.0,0.0,0.0,0.0,0.0,0.0
Abbott,DEF,NFO,477,18,2,1,40,0,0,0,0,0,0,0,0,0,0,0,0,0,0.0,0.0,6,0,1,2026-08-22T14:00:00Z,3,3,0,0,0,0,0.0,0.0,0.0,0.0,0.0,0.0,0.0,0.0,0.0,0.0,0.0,0.0,0.0,0.0,0.0
Abbott,DEF,NFO,477,18,2,2,40,0,0,0,0,0,0,0,0,0,0,0,0,0,0.0,0.0,14,2,2,2026-08-29T11:30:00Z,3,3,0,0,0,0,0.0,0.0,0.0,0.0,0.0,0.0,0.0,0.0,0.0,0.0,0.0,0.0,0.0,0.0,0.0
Abbott,DEF,NFO,477,18,2,3,40,0,0,0,0,0,0,0,0,0,0,0,0,0,0.0,0.0,28,0,0,2026-09-05T14:00:00Z,3,3,0,0,0,0,0.0,0.0,0.0,0.0,0.0,0.0,0.0,0.0,0.0,0.0,0.0,0.0,0.0,0.0,0.0
Netz,DEF,NFO,478,18,2,1,45,16,0,0,0,1,0,-2,0,0,0,0,0,1,0.0,0.0,6,0,1,2026-08-22T14:00:00Z,3,3,0,0,0,0,0.0,0.0,0.0,0.0,0.0,0.0,0.0,0.0,0.0,0.0,0.0,0.0,0.0,0.0,0.0
Netz,DEF,NFO,478,18,2,2,45,4,0,0,0,0,0,5,0,0,0,0,0,1,0.0,0.0,14,2,2,2026-08-29T11:30:00Z,3,3,0,0,0,0,1.0,16.0,0.0,0.0,0.0,-2.0,0.0,0.0,0.0,0.0,0.0,0.0,0.0,0.0,1.0
Netz,DEF,NFO,478,18,2,3,45,0,0,0,0,0,0,0,0,0,0,0,0,0,0.0,0.0,28,0,0,2026-09-05T14:00:00Z,3,3,0,0,0,0,1.0,10.0,0.0,0.0,0.0,1.5,0.0,0.0,0.0,0.0,0.0,0.0,0.0,0.0,1.0
Bindon,DEF,NFO,479,18,2,1,40,0,0,0,0,0,0,0,0,0,0,0,0,0,0.0,0.0,6,0,1,2026-08-22T14:00:00Z,3,3,0,0,0,0,0.0,0.0,0.0,0.0,0.0,0.0,0.6666666666666666,6.666666666666667,0.0,0.5773502691896258,0.0,0.0,0.0,0.0,0.5
Bindon,DEF,NFO,479,18,2,2,40,0,0,0,0,0,0,0,0,0,0,0,0,0,0.0,0.0,14,2,2,2026-08-29T11:30:00Z,3,3,0,0,0,0,0.0,0.0,0.0,0.0,0.0,0.0,0.0,0.0,0.0,0.0,0.0,0.0,0.0,0.0,0.0
Bindon,DEF,NFO,479,18,2,3,40,0,0,0,0,0,0,0,0,0,0,0,0,0,0.0,0.0,28,0,0,2026-09-05T14:00:00Z,3,3,0,0,0,0,0.0,0.0,0.0,0.0,0.0,0.0,0.0,0.0,0.0,0.0,0.0,0.0,0.0,0.0,0.0
Gibbs-White,MID,NFO,480,18,3,1,79,90,0,0,0,1,0,10,0,0,0,0,0,2,0.0,0.0,6,0,1,2026-08-22T14:00:00Z,3,3,0,0,0,0,0.0,0.0,0.0,0.0,0.0,0.0,0.0,0.0,0.0,0.0,0.0,0.0,0.0,0.0,0.0
Gibbs-White,MID,NFO,480,18,3,2,79,90,1,1,0,2,0,36,3,0,0,0,0,13,0.0,0.0,14,2,2,2026-08-29T11:30:00Z,3,3,0,0,0,0,2.0,90.0,0.0,0.0,0.0,10.0,0.0,0.0,0.0,0.0,0.0,0.0,0.0,0.0,2.0
Gibbs-White,MID,NFO,480,18,3,3,79,90,0,0,1,0,0,3,0,0,0,0,0,3,0.0,0.0,28,0,0,2026-09-05T14:00:00Z,3,3,0,0,0,0,7.5,90.0,0.5,0.5,0.0,23.0,0.0,0.0,0.0,0.0,0.0,0.0,0.0,0.0,7.5
Anderson,MID,MCI,481,15,3,1,63,62,0,0,0,1,0,14,0,0,0,0,0,2,0.0,0.0,8,2,1,2026-08-23T13:00:00Z,4,5,0,0,0,0,0.0,0.0,0.0,0.0,0.0,0.0,6.0,90.0,1.0,6.082762530298219,0.0,0.0,0.0,0.0,5.25
Anderson,MID,MCI,481,15,3,2,63,81,0,0,0,1,0,25,0,1,0,0,0,3,0.0,0.0,11,1,4,2026-08-28T19:00:00Z,4,5,0,0,0,0,2.0,62.0,0.0,0.0,0.0,14.0,0.0,0.0,0.0,0.0,0.0,0.0,0.0,0.0,2.0
Anderson,MID,MCI,481,15,3,3,63,90,0,0,1,0,0,23,0,0,0,0,0,3,0.0,0.0,26,1,0,2026-09-05T14:00:00Z,4,5,0,0,0,0,2.5,71.5,0.0,0.0,0.0,19.5,0.0,0.0,0.0,0.0,0.0,0.0,0.0,0.0,2.5
Hudson-Odoi,MID,NFO,482,18,3,1,59,0,0,0,0,0,0,0,0,0,0,0,0,0,0.0,0.0,6,0,1,2026-08-22T14:00:00Z,3,3,0,0,0,0,0.0,0.0,0.0,0.0,0.0,0.0,2.6666666666666665,77.66666666666667,0.0,0.5773502691896258,0.0,0.0,0.0,0.0,2.75
Hudson-Odoi,MID,NFO,482,18,3,2,59,1,0,0,0,0,0,2,0,0,0,0,0,1,0.0,0.0,14,2,2,2026-08-29T11:30:00Z,3,3,0,0,0,0,0.0,0.0,0.0,0.0,0.0,0.0,0.0,0.0,0.0,0.0,0.0,0.0,0.0,0.0,0.0
Hudson-Odoi,MID,NFO,482,18,3,3,59,0,0,0,0,0,0,0,0,0,0,0,0,0,0.0,0.0,28,0,0,2026-09-05T14:00:00Z,3,3,0,0,0,0,0.5,0.5,0.0,0.0,0.0,1.0,0.0,0.0,0.0,0.0,0.0,0.0,0.0,0.0,0.5
Ndoye,MID,NFO,483,18,3,1,55,61,0,0,1,0,0,5,0,0,0,0,0,3,0.0,0.0,6,0,1,2026-08-22T14:00:00Z,3,3,0,0,0,0,0.0,0.0,0.0,0.0,0.0,0.0,0.3333333333333333,0.3333333333333333,0.0,0.5773502691896258,0.0,0.0,0.0,0.0,0.25
Ndoye,MID,NFO,483,18,3,2,55,65,1,0,0,1,0,30,2,0,0,0,0,9,0.0,0.0,14,2,2,2026-08-29T11:30:00Z,3,3,0,0,0,0,3.0,61.0,0.0,0.0,1.0,5.0,0.0,0.0,0.0,0.0,0.0,0.0,0.0,0.0,3.0
Ndoye,MID,NFO,483,18,3,3,55,58,0,0,0,0,0,5,0,0,0,0,0,1,0.0,0.0,28,0,0,2026-09-05T14:00:00Z,3,3,0,0,0,0,6.0,63.0,0.5,0.0,0.5,17.5,0.0,0.0,0.0,0.0,0.0,0.0,0.0,0.0,6.0
Hutchinson,MID,NFO,484,18,3,1,54,0,0,0,0,0,0,0,0,0,0,0,0,0,0.0,0.0,6,0,1,2026-08-22T14:00:00Z,3,3,0,0,0,0,0.0,0.0,0.0,0.0,0.0,0.0,4.333333333333333,61.333333333333336,1.0,4.163331998932265,0.0,0.0,0.0,0.0,3.5
Hutchinson,MID,NFO,484,18,3,2,54,0,0,0,0,0,0,0,0,0,0,0,0,0,0.0,0.0,14,2,2,2026-08-29T11:30:00Z,3,3,0,0,0,0,0.0,0.0,0.0,0.0,0.0,0.0,0.0,0.0,0.0,0.0,0.0,0.0,0.0,0.0,0.0
Hutchinson,MID,NFO,484,18,3,3,54,0,0,0,0,0,0,0,0,0,0,0,0,0,0.0,0.0,28,0,0,2026-09-05T14:00:00Z,3,3,0,0,0,0,0.0,0.0,0.0,0.0,0.0,0.0,0.0,0.0,0.0,0.0,0.0,0.0,0.0,0.0,0.0
Bakwa,MID,NFO,485,18,3,1,55,0,0,0,0,0,0,0,0,0,0,0,0,0,0.0,0.0,6,0,1,2026-08-22T14:00:00Z,3,3,0,0,0,0,0.0,0.0,0.0,0.0,0.0,0.0,0.0,0.0,0.0,0.0,0.0,0.0,0.0,0.0,0.0
Bakwa,MID,NFO,485,18,3,2,55,0,0,0,0,0,0,0,0,0,0,0,0,0,0.0,0.0,14,2,2,2026-08-29T11:30:00Z,3,3,0,0,0,0,0.0,0.0,0.0,0.0,0.0,0.0,0.0,0.0,0.0,0.0,0.0,0.0,0.0,0.0,0.0
Bakwa,MID,NFO,485,18,3,3,55,0,0,0,0,0,0,0,0,0,0,0,0,0,0.0,0.0,28,0,0,2026-09-05T14:00:00Z,3,3,0,0,0,0,0.0,0.0,0.0,0.0,0.0,0.0,0.0,0.0,0.0,0.0,0.0,0.0,0.0,0.0,0.0
McAtee,MID,NFO,486,18,3,1,55,73,0,0,1,0,0,18,0,0,0,0,0,3,0.0,0.0,6,0,1,2026-08-22T14:00:00Z,3,3,0,0,0,0,0.0,0.0,0.0,0.0,0.0,0.0,0.0,0.0,0.0,0.0,0.0,0.0,0.0,0.0,0.0
McAtee,MID,NFO,486,18,3,2,55,90,0,0,0,2,0,16,0,0,0,0,0,2,0.0,0.0,14,2,2,2026-08-29T11:30:00Z,3,3,0,0,0,0,3.0,73.0,0.0,0.0,1.0,18.0,0.0,0.0,0.0,0.0,0.0,0.0,0.0,0.0,3.0
McAtee,MID,NFO,486,18,3,3,55,90,0,0,1,0,0,22,0,1,0,0,0,2,0.0,0.0,28,0,0,2026-09-05T14:00:00Z,3,3,0,0,0,0,2.5,81.5,0.0,0.0,0.5,17.0,0.0,0.0,0.0,0.0,0.0,0.0,0.0,0.0,2.5
Dominguez,MID,NFO,487,18,3,1,49,0,0,0,0,0,0,0,0,0,0,0,0,0,0.0,0.0,6,0,1,2026-08-22T14:00:00Z,3,3,0,0,0,0,0.0,0.0,0.0,0.0,0.0,0.0,2.3333333333333335,84.33333333333333,0.0,0.5773502691896258,0.0,0.0,0.0,0.0,2.25
Dominguez,MID,NFO,487,18,3,2,49,1,0,0,0,0,0,3,0,0,0,0,0,1,0.0,0.0,14,2,2,2026-08-29T11:30:00Z,3,3,0,0,0,0,0.0,0.0,0.0,0.0,0.0,0.0,0.0,0.0,0.0,0.0,0.0,0.0,0.0,0.0,0.0
Dominguez,MID,NFO,487,18,3,3,49,0,0,0,0,0,0,0,0,0,0,0,0,0,0.0,0.0,28,0,0,2026-09-05T14:00:00Z,3,3,0,0,0,0,0.5,0.5,0.0,0.0,0.0,1.5,0.0,0.0,0.0,0.0,0.0,0.0,0.0,0.0,0.5
I.Sangaré,MID,NFO,488,18,3,1,49,90,0,0,0,1,0,10,0,0,0,0,0,2,0.0,0.0,6,0,1,2026-08-22T14:00:00Z,3,3,0,0,0,0,0.0,0.0,0.0,0.0,0.0,0.0,0.3333333333333333,0.3333333333333333,0.0,0.5773502691896258,0.0,0.0,0.0,0.0,0.25
I.Sangaré,MID,NFO,488,18,3,2,49,0,0,0,0,0,0,0,0,0,0,0,0,0,0.0,0.0,14,2,2,2026-08-29T11:30:00Z,3,3,0,0,0,0,2.0,90.0,0.0,0.0,0.0,10.0,0.0,0.0,0.0,0.0,0.0,0.0,0.0,0.0,2.0
I.Sangaré,MID,NFO,488,18,3,3,49,0,0,0,0,0,0,0,0,0,0,0,0,0,0.0,0.0,28,0,0,2026-09-05T14:00:00Z,3,3,0,0,0,0,1.0,45.0,0.0,0.0,0.0,5.0,0.0,0.0,0.0,0.0,0.0,0.0,0.0,0.0,1.0
Yates,MID,NFO,489,18,3,1,45,0,0,0,0,0,0,0,0,0,0,0,0,0,0.0,0.0,6,0,1,2026-08-22T14:00:00Z,3,3,0,0,0,0,0.0,0.0,0.0,0.0,0.0,0.0,0.6666666666666666,30.0,0.0,1.1547005383792517,0.0,0.0,0.0,0.0,0.5
Yates,MID,NFO,489,18,3,2,45,0,0,0,0,0,0,0,0,0,0,0,0,0,0.0,0.0,14,2,2,2026-08-29T11:30:00Z,3,3,0,0,0,0,0.0,0.0,0.0,0.0,0.0,0.0,0.0,0.0,0.0,0.0,0.0,0.0,0.0,0.0,0.0
Yates,MID,NFO,489,18,3,3,45,0,0,0,0,0,0,0,0,0,0,0,0,0,0.0,0.0,28,0,0,2026-09-05T14:00:00Z,3,3,0,0,0,0,0.0,0.0,0.0,0.0,0.0,0.0,0.0,0.0,0.0,0.0,0.0,0.0,0.0,0.0,0.0
Wood,FWD,NFO,490,18,4,1,59,28,0,0,0,1,0,3,0,0,0,0,0,1,0.0,0.0,6,0,1,2026-08-22T14:00:00Z,3,3,0,0,0,0,0.0,0.0,0.0,0.0,0.0,0.0,0.0,0.0,0.0,0.0,0.0,0.0,0.0,0.0,0.0
Wood,FWD,NFO,490,18,4,2,59,0,0,0,0,0,0,0,0,0,0,0,0,0,0.0,0.0,14,2,2,2026-08-29T11:30:00Z,3,3,0,0,0,0,1.0,28.0,0.0,0.0,0.0,3.0,0.0,0.0,0.0,0.0,0.0,0.0,0.0,0.0,1.0
Wood,FWD,NFO,490,18,4,3,59,16,0,0,0,0,0,3,0,0,0,0,0,1,0.0,0.0,28,0,0,2026-09-05T14:00:00Z,3,3,0,0,0,0,0.5,14.0,0.0,0.0,0.0,1.5,0.0,0.0,0.0,0.0,0.0,0.0,0.0,0.0,0.5
Igor Jesus,FWD,NFO,491,18,4,1,59,90,0,0,0,1,0,8,0,0,0,0,0,2,0.0,0.0,6,0,1,2026-08-22T14:00:00Z,3,3,0,0,0,0,0.0,0.0,0.0,0.0,0.0,0.0,0.6666666666666666,14.666666666666666,0.0,0.5773502691896258,0.0,0.0,0.0,0.0,0.75
Igor Jesus,FWD,NFO,491,18,4,2,59,90,0,0,0,2,0,4,0,1,0,0,0,1,0.0,0.0,14,2,2,2026-08-29T11:30:00Z,3,3,0,0,0,0,2.0,90.0,0.0,0.0,0.0,8.0,0.0,0.0,0.0,0.0,0.0,0.0,0.0,0.0,2.0
Igor Jesus,FWD,NFO,491,18,4,3,59,31,0,0,0,0,0,3,0,0,0,0,0,1,0.0,0.0,28,0,0,2026-09-05T14:00:00Z,3,3,0,0,0,0,1.5,90.0,0.0,0.0,0.0,6.0,0.0,0.0,0.0,0.0,0.0,0.0,0.0,0.0,1.5
Awoniyi,FWD,COV,492,7,4,1,55,20,0,0,0,0,0,4,0,0,0,0,0,1,0.0,0.0,1,3,0,2026-08-21T19:00:00Z,2,2,0,0,0,0,0.0,0.0,0.0,0.0,0.0,0.0,1.3333333333333333,70.33333333333333,0.0,0.5773502691896257,0.0,0.0,0.0,0.0,1.25
Awoniyi,FWD,COV,492,7,4,2,55,90,0,0,0,1,0,6,0,0,0,0,0,2,0.0,0.0,13,0,1,2026-08-29T14:00:00Z,2,2,0,0,0,0,1.0,20.0,0.0,0.0,0.0,4.0,0.0,0.0,0.0,0.0,0.0,0.0,0.0,0.0,1.0
Awoniyi,FWD,COV,492,7,4,3,55,70,0,0,0,1,0,6,0,0,0,0,0,2,0.0,0.0,26,1,0,2026-09-05T14:00:00Z,2,2,0,0,0,0,1.5,55.0,0.0,0.0,0.0,5.0,0.0,0.0,0.0,0.0,0.0,0.0,0.0,0.0,1.5
Kalimuendo,FWD,NFO,493,18,4,1,54,1,0,0,0,0,0,3,0,0,0,0,0,1,0.0,0.0,6,0,1,2026-08-22T14:00:00Z,3,3,0,0,0,0,0.0,0.0,0.0,0.0,0.0,0.0,1.6666666666666667,60.0,0.0,0.5773502691896257,0.0,0.0,0.0,0.0,1.75
Kalimuendo,FWD,NFO,493,18,4,2,54,0,0,0,0,0,0,0,0,0,0,0,0,0,0.0,0.0,14,2,2,2026-08-29T11:30:00Z,3,3,0,0,0,0,1.0,1.0,0.0,0.0,0.0,3.0,0.0,0.0,0.0,0.0,0.0,0.0,0.0,0.0,1.0
Kalimuendo,FWD,NFO,493,18,4,3,54,0,0,0,0,0,0,0,0,0,0,0,0,0,0.0,0.0,28,0,0,2026-09-05T14:00:00Z,3,3,0,0,0,0,0.5,0.5,0.0,0.0,0.0,1.5,0.0,0.0,0.0,0.0,0.0,0.0,0.0,0.0,0.5
Vicario,GKP,TOT,494,19,1,1,45,0,0,0,0,0,0,0,0,0,0,0,0,0,0.0,0.0,2,3,0,2026-08-22T16:30:00Z,3,3,0,0,0,0,0.0,0.0,0.0,0.0,0.0,0.0,0.3333333333333333,0.3333333333333333,0.0,0.5773502691896258,0.0,0.0,0.0,0.0,0.25
Vicario,GKP,TOT,494,19,1,2,45,0,0,0,0,0,0,0,0,0,0,0,0,0,0.0,0.0,15,0,2,2026-08-29T16:30:00Z,3,3,0,0,0,0,0.0,0.0,0.0,0.0,0.0,0.0,0.0,0.0,0.0,0.0,0.0,0.0,0.0,0.0,0.0
Vicario,GKP,TOT,494,19,1,3,45,0,0,0,0,0,0,0,0,0,0,0,0,0,0.0,0.0,28,0,0,2026-09-05T14:00:00Z,3,3,0,0,0,0,0.0,0.0,0.0,0.0,0.0,0.0,0.0,0.0,0.0,0.0,0.0,0.0,0.0,0.0,0.0
Austin,GKP,TOT,495,19,1,1,40,0,0,0,0,0,0,0,0,0,0,0,0,0,0.0,0.0,2,3,0,2026-08-22T16:30:00Z,3,3,0,0,0,0,0.0,0.0,0.0,0.0,0.0,0.0,0.0,0.0,0.0,0.0,0.0,0.0,0.0,0.0,0.0
Austin,GKP,TOT,495,19,1,2,40,0,0,0,0,0,0,0,0,0,0,0,0,0,0.0,0.0,15,0,2,2026-08-29T16:30:00Z,3,3,0,0,0,0,0.0,0.0,0.0,0.0,0.0,0.0,0.0,0.0,0.0,0.0,0.0,0.0,0.0,0.0,0.0
Austin,GKP,TOT,495,19,1,3,40,0,0,0,0,0,0,0,0,0,0,0,0,0,0.0,0.0,28,0,0,2026-09-05T14:00:00Z,3,3,0,0,0,0,0.0,0.0,0.0,0.0,0.0,0.0,0.0,0.0,0.0,0.0,0.0,0.0,0.0,0.0,0.0
Kinsky,GKP,TOT,496,19,1,1,45,90,0,0,0,3,5,15,0,0,0,0,0,2,0.0,0.0,2,3,0,2026-08-22T16:30:00Z,3,3,0,0,0,0,0.0,0.0,0.0,0.0,0.0,0.0,0.0,0.0,0.0,0.0,0.0,0.0,0.0,0.0,0.0
Kinsky,GKP,TOT,496,19,1,2,45,90,0,0,0,2,0,4,0,0,0,0,0,1,0.0,0.0,15,0,2,2026-08-29T16:30:00Z,3,3,0,0,0,0,2.0,90.0,0.0,0.0,0.0,15.0,0.0,0.0,0.0,0.0,0.0,0.0,0.0,0.0,2.0
Kinsky,GKP,TOT,496,19,1,3,45,90,0,0,1,0,1,24,0,0,0,0,0,6,0.0,0.0,28,0,0,2026-09-05T14:00:00Z,3,3,0,0,0,0,1.5,90.0,0.0,0.0,0.0,9.5,0.0,0.0,0.0,0.0,0.0,0.0,0.0,0.0,1.5
Dubravka,GKP,TOT,497,19,1,1,40,0,0,0,0,0,0,0,0,0,0,0,0,0,0.0,0.0,2,3,0,2026-08-22T16:30:00Z,3,3,0,0,0,0,0.0,0.0,0.0,0.0,0.0,0.0,3.0,90.0,0.0,2.6457513110645907,0.0,0.0,0.0,0.0,3.75
Dubravka,GKP,TOT,497,19,1,2,40,0,0,0,0,0,0,0,0,0,0,0,0,0,0.0,0.0,15,0,2,2026-08-29T16:30:00Z,3,3,0,0,0,0,0.0,0.0,0.0,0.0,0.0,0.0,0.0,0.0,0.0,0.0,0.0,0.0,0.0,0.0,0.0
Dubravka,GKP,TOT,497,19,1,3,40,0,0,0,0,0,0,0,0,0,0,0,0,0,0.0,0.0,28,0,0,2026-09-05T14:00:00Z,3,3,0,0,0,0,0.0,0.0,0.0,0.0,0.0,0.0,0.0,0.0,0.0,0.0,0.0,0.0,0.0,0.0,0.0
Senesi,DEF,TOT,498,19,2,1,59,90,0,0,0,3,0,10,0,0,0,0,0,3,0.0,0.0,2,3,0,2026-08-22T16:30:00Z,3,3,0,0,0,0,0.0,0.0,0.0,0.0,0.0,0.0,0.0,0.0,0.0,0.0,0.0,0.0,0.0,0.0,0.0
Senesi,DEF,TOT,498,19,2,2,59,0,0,0,0,0,0,0,0,0,0,0,0,0,0.0,0.0,15,0,2,2026-08-29T16:30:00Z,3,3,0,0,0,0,3.0,90.0,0.0,0.0,0.0,10.0,0.0,0.0,0.0,0.0,0.0,0.0,0.0,0.0,3.0
Senesi,DEF,TOT,498,19,2,3,59,0,0,0,0,0,0,0,0,0,0,0,0,0,0.0,0.0,28,0,0,2026-09-05T14:00:00Z,3,3,0,0,0,0,1.5,45.0,0.0,0.0,0.0,5.0,0.0,0.0,0.0,0.0,0.0,0.0,0.0,0.0,1.5
Pedro Porro,DEF,TOT,499,19,2,1,55,0,0,0,0,0,0,0,0,0,0,0,0,0,0.0,0.0,2,3,0,2026-08-22T16:30:00Z,3,3,0,0,0,0,0.0,0.0,0.0,0.0,0.0,0.0,1.0,30.0,0.0,1.7320508075688772,0.0,0.0,0.0,0.0,0.75
Pedro Porro,DEF,TOT,499,19,2,2,55,90,0,0,0,2,0,1,0,0,0,0,0,1,0.0,0.0,15,0,2,2026-08-29T16:30:00Z,3,3,0,0,0,0,0.0,0.0,0.0,0.0,0.0,0.0,0.0,0.0,0.0,0.0,0.0,0.0,0.0,0.0,0.0
Pedro Porro,DEF,TOT,499,19,2,3,55,90,0,0,1,0,0,28,1,0,0,0,0,7,0.0,0.0,28,0,0,2026-09-05T14:00:00Z,3,3,0,0,0,0,0.5,45.0,0.0,0.0,0.0,0.5,0.0,0.0,0.0,0.0,0.0,0.0,0.0,0.0,0.5
Romero,DEF,TOT,500,19,2,1,50,0,0,0,0,0,0,0,0,0,0,0,0,0,0.0,0.0,2,3,0,2026-08-22T16:30:00Z,3,3,0,0,0,0,0.0,0.0,0.0,0.0,0.0,0.0,2.6666666666666665,60.0,0.0,3.785938897200183,0.0,0.0,0.0,0.0,3.75
Romero,DEF,TOT,500,19,2,2,50,0,0,0,0,0,0,0,0,0,0,0,0,0,0.0,0.0,15,0,2,2026-08-29T16:30:00Z,3,3,0,0,0,0,0.0,0.0,0.0,0.0,0.0,0.0,0.0,0.0,0.0,0.0,0.0,0.0,0.0,0.0,0.0
Romero,DEF,TOT,500,19,2,3,50,0,0,0,0,0,0,0,0,0,0,0,0,0,0.0,0.0,28,0,0,2026-09-05T14:00:00Z,3,3,0,0,0,0,0.0,0.0,0.0,0.0,0.0,0.0,0.0,0.0,0.0,0.0,0.0,0.0,0.0,0.0,0.0
Danso,DEF,SUN,501,20,2,1,50,0,0,0,0,0,0,0,0,0,0,0,0,0,0.0,0.0,2,3,0,2026-08-22T16:30:00Z,2,3,0,0,0,0,0.0,0.0,0.0,0.0,0.0,0.0,0.0,0.0,0.0,0.0,0.0,0.0,0.0,0.0,0.0
Danso,DEF,SUN,501,20,2,2,50,0,0,0,0,0,0,0,0,0,0,0,0,0,0.0,0.0,15,0,2,2026-08-29T16:30:00Z,2,3,0,0,0,0,0.0,0.0,0.0,0.0,0.0,0.0,0.0,0.0,0.0,0.0,0.0,0.0,0.0,0.0,0.0
Danso,DEF,SUN,501,20,2,3,50,90,0,0,0,1,0,9,0,0,0,0,0,2,0.0,0.0,22,1,1,2026-09-05T14:00:00Z,2,3,0,0,0,0,0.0,0.0,0.0,0.0,0.0,0.0,0.0,0.0,0.0,0.0,0.0,0.0,0.0,0.0,0.0
Robertson,DEF,TOT,502,19,2,1,44,90,0,0,0,3,0,13,0,0,0,0,0,3,0.0,0.0,2,3,0,2026-08-22T16:30:00Z,3,3,0,0,0,0,0.0,0.0,0.0,0.0,0.0,0.0,0.6666666666666666,30.0,0.0,1.1547005383792517,0.0,0.0,0.0,0.0,1.0
Robertson,DEF,TOT,502,19,2,2,44,67,0,0,0,1,0,7,0,0,0,0,0,2,0.0,0.0,15,0,2,2026-08-29T16:30:00Z,3,3,0,0,0,0,3.0,90.0,0.0,0.0,0.0,13.0,0.0,0.0,0.0,0.0,0.0,0.0,0.0,0.0,3.0
Robertson,DEF,TOT,502,19,2,3,44,29,0,0,0,0,0,3,0,0,0,0,0,1,0.0,0.0,28,0,0,2026-09-05T14:00:00Z,3,3,0,0,0,0,2.5,78.5,0.0,0.0,0.0,10.0,0.0,0.0,0.0,0.0,0.0,0.0,0.0,0.0,2.5
Van de Ven,DEF,TOT,503,19,2,1,50,0,0,0,0,0,0,0,0,0,0,0,0,0,0.0,0.0,2,3,0,2026-08-22T16:30:00Z,3,3,0,0,0,0,0.0,0.0,0.0,0.0,0.0,0.0,2.0,62.0,0.0,1.0,0.0,0.0,0.0,0.0,1.75
Van de Ven,DEF,TOT,503,19,2,2,50,90,0,0,0,2,0,5,0,1,0,0,0,0,0.0,0.0,15,0,2,2026-08-29T16:30:00Z,3,3,0,0,0,0,0.0,0.0,0.0,0.0,0.0,0.0,0.0,0.0,0.0,0.0,0.0,0.0,0.0,0.0,0.0
Van de Ven,DEF,TOT,503,19,2,3,50,90,0,0,1,0,0,30,3,0,0,0,0,9,0.0,0.0,28,0,0,2026-09-05T14:00:00Z,3,3,0,0,0,0,0.0,45.0,0.0,0.0,0.0,2.5,0.0,0.0,0.0,0.0,0.0,0.0,0.0,0.0,0.0
Vuskovic,DEF,BHA,504,5,2,1,50,90,0,0,1,0,0,19,0,0,0,0,0,6,0.0,0.0,7,4,0,2026-08-23T13:00:00Z,2,3,0,0,0,0,0.0,0.0,0.0,0.0,0.0,0.0,3.0,60.0,0.0,5.196152422706632,0.0,0.0,0.0,0.0,4.5
Vuskovic,DEF,BHA,504,5,2,2,50,90,0,0,0,4,0,-2,0,0,0,0,0,0,0.0,0.0,16,4,3,2026-08-30T13:00:00Z,2,3,0,0,0,0,6.0,90.0,0.0,0.0,1.0,19.0,0.0,0.0,0.0,0.0,0.0,0.0,0.0,0.0,6.0
Vuskovic,DEF,BHA,504,5,2,3,50,90,1,0,0,1,0,27,2,0,0,0,0,12,0.0,0.0,23,1,1,2026-09-05T14:00:00Z,2,3,0,0,0,0,3.0,90.0,0.0,0.0,0.5,8.5,0.0,0.0,0.0,0.0,0.0,0.0,0.0,0.0,3.0
Spence,DEF,TOT,505,19,2,1,45,0,0,0,0,0,0,0,0,0,0,0,0,0,0.0,0.0,2,3,0,2026-08-22T16:30:00Z,3,3,0,0,0,0,0.0,0.0,0.0,0.0,0.0,0.0,6.0,90.0,1.0,6.0,0.0,0.0,0.0,0.0,7.5
Spence,DEF,TOT,505,19,2,2,45,0,0,0,0,0,0,0,0,0,0,0,0,0,0.0,0.0,15,0,2,2026-08-29T16:30:00Z,3,3,0,0,0,0,0.0,0.0,0.0,0.0,0.0,0.0,0.0,0.0,0.0,0.0,0.0,0.0,0.0,0.0,0.0
Spence,DEF,TOT,505,19,2,3,45,0,0,0,0,0,0,0,0,0,0,0,0,0,0.0,0.0,28,0,0,2026-09-05T14:00:00Z,3,3,0,0,0,0,0.0,0.0,0.0,0.0,0.0,0.0,0.0,0.0,0.0,0.0,0.0,0.0,0.0,0.0,0.0
Udogie,DEF,TOT,506,19,2,1,45,4,0,0,0,0,0,3,0,0,0,0,0,1,0.0,0.0,2,3,0,2026-08-22T16:30:00Z,3,3,0,0,0,0,0.0,0.0,0.0,0.0,0.0,0.0,0.0,0.0,0.0,0.0,0.0,0.0,0.0,0.0,0.0
Udogie,DEF,TOT,506,19,2,2,45,22,0,0,0,1,0,2,0,0,0,0,0,1,0.0,0.0,15,0,2,2026-08-29T16:30:00Z,3,3,0,0,0,0,1.0,4.0,0.0,0.0,0.0,3.0,0.0,0.0,0.0,0.0,0.0,0.0,0.0,0.0,1.0
Udogie,DEF,TOT,506,19,2,3,45,60,0,0,1,0,0,16,0,1,0,0,0,5,0.0,0.0,28,0,0,2026-09-05T14:00:00Z,3,3,0,0,0,0,1.0,13.0,0.0,0.0,0.0,2.5,0.0,0.0,0.0,0.0,0.0,0.0,0.0,0.0,1.0
Phillips,DEF,TOT,507,19,2,1,45,0,0,0,0,0,0,0,0,0,0,0,0,0,0.0,0.0,2,3,0,2026-08-22T16:30:00Z,3,3,0,0,0,0,0.0,0.0,0.0,0.0,0.0,0.0,2.3333333333333335,28.666666666666668,0.0,2.3094010767585034,0.0,0.0,0.0,0.0,3.0
Phillips,DEF,TOT,507,19,2,2,45,0,0,0,0,0,0,0,0,0,0,0,0,0,0.0,0.0,15,0,2,2026-08-29T16:30:00Z,3,3,0,0,0,0,0.0,0.0,0.0,0.0,0.0,0.0,0.0,0.0,0.0,0.0,0.0,0.0,0.0,0.0,0.0
Phillips,DEF,TOT,507,19,2,3,45,0,0,0,0,0,0,0,0,0,0,0,0,0,0.0,0.0,28,0,0,2026-09-05T14:00:00Z,3,3,0,0,0,0,0.0,0.0,0.0,0.0,0.0,0.0,0.0,0.0,0.0,0.0,0.0,0.0,0.0,0.0,0.0
Davies,DEF,TOT,508,19,2,1,40,0,0,0,0,0,0,0,0,0,0,0,0,0,0.0,0.0,2,3,0,2026-08-22T16:30:00Z,3,3,0,0,0,0,0.0,0.0,0.0,0.0,0.0,0.0,0.0,0.0,0.0,0.0,0.0,0.0,0.0,0.0,0.0
Davies,DEF,TOT,508,19,2,2,40,0,0,0,0,0,0,0,0,0,0,0,0,0,0.0,0.0,15,0,2,2026-08-29T16:30:00Z,3,3,0,0,0,0,0.0,0.0,0.0,0.0,0.0,0.0,0.0,0.0,0.0,0.0,0.0,0.0,0.0,0.0,0.0
Davies,DEF,TOT,508,19,2,3,40,0,0,0,0,0,0,0,0,0,0,0,0,0,0.0,0.0,28,0,0,2026-09-05T14:00:00Z,3,3,0,0,0,0,0.0,0.0,0.0,0.0,0.0,0.0,0.0,0.0,0.0,0.0,0.0,0.0,0.0,0.0,0.0
Byfield,DEF,TOT,509,19,2,1,40,0,0,0,0,0,0,0,0,0,0,0,0,0,0.0,0.0,2,3,0,2026-08-22T16:30:00Z,3,3,0,0,0,0,0.0,0.0,0.0,0.0,0.0,0.0,0.0,0.0,0.0,0.0,0.0,0.0,0.0,0.0,0.0
Byfield,DEF,TOT,509,19,2,2,40,0,0,0,0,0,0,0,0,0,0,0,0,0,0.0,0.0,15,0,2,2026-08-29T16:30:00Z,3,3,0,0,0,0,0.0,0.0,0.0,0.0,0.0,0.0,0.0,0.0,0.0,0.0,0.0,0.0,0.0,0.0,0.0
Byfield,DEF,TOT,509,19,2,3,40,0,0,0,0,0,0,0,0,0,0,0,0,0,0.0,0.0,28,0,0,2026-09-05T14:00:00Z,3,3,0,0,0,0,0.0,0.0,0.0,0.0,0.0,0.0,0.0,0.0,0.0,0.0,0.0,0.0,0.0,0.0,0.0
Rowswell,DEF,TOT,510,19,2,1,40,0,0,0,0,0,0,0,0,0,0,0,0,0,0.0,0.0,2,3,0,2026-08-22T16:30:00Z,3,3,0,0,0,0,0.0,0.0,0.0,0.0,0.0,0.0,0.0,0.0,0.0,0.0,0.0,0.0,0.0,0.0,0.0
Rowswell,DEF,TOT,510,19,2,2,40,0,0,0,0,0,0,0,0,0,0,0,0,0,0.0,0.0,15,0,2,2026-08-29T16:30:00Z,3,3,0,0,0,0,0.0,0.0,0.0,0.0,0.0,0.0,0.0,0.0,0.0,0.0,0.0,0.0,0.0,0.0,0.0
Rowswell,DEF,TOT,510,19,2,3,40,0,0,0,0,0,0,0,0,0,0,0,0,0,0.0,0.0,28,0,0,2026-09-05T14:00:00Z,3,3,0,0,0,0,0.0,0.0,0.0,0.0,0.0,0.0,0.0,0.0,0.0,0.0,0.0,0.0,0.0,0.0,0.0
Souza,DEF,TOT,511,19,2,1,40,0,0,0,0,0,0,0,0,0,0,0,0,0,0.0,0.0,2,3,0,2026-08-22T16:30:00Z,3,3,0,0,0,0,0.0,0.0,0.0,0.0,0.0,0.0,0.0,0.0,0.0,0.0,0.0,0.0,0.0,0.0,0.0
Souza,DEF,TOT,511,19,2,2,40,0,0,0,0,0,0,0,0,0,0,0,0,0,0.0,0.0,15,0,2,2026-08-29T16:30:00Z,3,3,0,0,0,0,0.0,0.0,0.0,0.0,0.0,0.0,0.0,0.0,0.0,0.0,0.0,0.0,0.0,0.0,0.0
Souza,DEF,TOT,511,19,2,3,40,0,0,0,0,0,0,0,0,0,0,0,0,0,0.0,0.0,28,0,0,2026-09-05T14:00:00Z,3,3,0,0,0,0,0.0,0.0,0.0,0.0,0.0,0.0,0.0,0.0,0.0,0.0,0.0,0.0,0.0,0.0,0.0
Kudus,MID,TOT,512,19,3,1,65,0,0,0,0,0,0,0,0,0,0,0,0,0,0.0,0.0,2,3,0,2026-08-22T16:30:00Z,3,3,0,0,0,0,0.0,0.0,0.0,0.0,0.0,0.0,0.0,0.0,0.0,0.0,0.0,0.0,0.0,0.0,0.0
Kudus,MID,TOT,512,19,3,2,65,22,0,0,0,1,0,4,0,0,0,0,0,1,0.0,0.0,15,0,2,2026-08-29T16:30:00Z,3,3,0,0,0,0,0.0,0.0,0.0,0.0,0.0,0.0,0.0,0.0,0.0,0.0,0.0,0.0,0.0,0.0,0.0
Kudus,MID,TOT,512,19,3,3,65,29,0,0,0,0,0,13,0,0,0,0,0,1,0.0,0.0,28,0,0,2026-09-05T14:00:00Z,3,3,0,0,0,0,0.5,11.0,0.0,0.0,0.0,2.0,0.0,0.0,0.0,0.0,0.0,0.0,0.0,0.0,0.5
Xavi,MID,TOT,513,19,3,1,59,0,0,0,0,0,0,0,0,0,0,0,0,0,0.0,0.0,2,3,0,2026-08-22T16:30:00Z,3,3,0,0,0,0,0.0,0.0,0.0,0.0,0.0,0.0,0.6666666666666666,17.0,0.0,0.5773502691896258,0.0,0.0,0.0,0.0,0.75
Xavi,MID,TOT,513,19,3,2,59,0,0,0,0,0,0,0,0,0,0,0,0,0,0.0,0.0,15,0,2,2026-08-29T16:30:00Z,3,3,0,0,0,0,0.0,0.0,0.0,0.0,0.0,0.0,0.0,0.0,0.0,0.0,0.0,0.0,0.0,0.0,0.0
Xavi,MID,TOT,513,19,3,3,59,0,0,0,0,0,0,0,0,0,0,0,0,0,0.0,0.0,28,0,0,2026-09-05T14:00:00Z,3,3,0,0,0,0,0.0,0.0,0.0,0.0,0.0,0.0,0.0,0.0,0.0,0.0,0.0,0.0,0.0,0.0,0.0
Tel,MID,TOT,514,19,3,1,58,90,0,0,0,3,0,17,0,0,0,0,0,2,0.0,0.0,2,3,0,2026-08-22T16:30:00Z,3,3,0,0,0,0,0.0,0.0,0.0,0.0,0.0,0.0,0.0,0.0,0.0,0.0,0.0,0.0,0.0,0.0,0.0
Tel,MID,TOT,514,19,3,2,58,67,0,0,0,1,0,10,0,0,0,0,0,2,0.0,0.0,15,0,2,2026-08-29T16:30:00Z,3,3,0,0,0,0,2.0,90.0,0.0,0.0,0.0,17.0,0.0,0.0,0.0,0.0,0.0,0.0,0.0,0.0,2.0
Tel,MID,TOT,514,19,3,3,58,73,0,0,1,0,0,11,0,0,0,0,0,3,0.0,0.0,28,0,0,2026-09-05T14:00:00Z,3,3,0,0,0,0,2.0,78.5,0.0,0.0,0.0,13.5,0.0,0.0,0.0,0.0,0.0,0.0,0.0,0.0,2.0
Maddison,MID,TOT,515,19,3,1,63,22,0,0,0,0,0,6,0,0,0,0,0,1,0.0,0.0,2,3,0,2026-08-22T16:30:00Z,3,3,0,0,0,0,0.0,0.0,0.0,0.0,0.0,0.0,2.3333333333333335,76.66666666666667,0.0,0.5773502691896257,0.0,0.0,0.0,0.0,2.5
Maddison,MID,TOT,515,19,3,2,63,0,0,0,0,0,0,0,0,0,0,0,0,0,0.0,0.0,15,0,2,2026-08-29T16:30:00Z,3,3,0,0,0,0,1.0,22.0,0.0,0.0,0.0,6.0,0.0,0.0,0.0,0.0,0.0,0.0,0.0,0.0,1.0
Maddison,MID,TOT,515,19,3,3,63,0,0,0,0,0,0,0,0,0,0,0,0,0,0.0,0.0,28,0,0,2026-09-05T14:00:00Z,3,3,0,0,0,0,0.5,11.0,0.0,0.0,0.0,3.0,0.0,0.0,0.0,0.0,0.0,0.0,0.0,0.0,0.5
Bentancur,MID,TOT,516,19,3,1,55,45,0,0,0,1,0,8,0,0,0,0,0,1,0.0,0.0,2,3,0,2026-08-22T16:30:00Z,3,3,0,0,0,0,0.0,0.0,0.0,0.0,0.0,0.0,0.3333333333333333,7.333333333333333,0.0,0.5773502691896258,0.0,0.0,0.0,0.0,0.25
Bentancur,MID,TOT,516,19,3,2,55,90,0,0,0,2,0,17,0,0,0,0,0,2,0.0,0.0,15,0,2,2026-08-29T16:30:00Z,3,3,0,0,0,0,1.0,45.0,0.0,0.0,0.0,8.0,0.0,0.0,0.0,0.0,0.0,0.0,0.0,0.0,1.0
Bentancur,MID,TOT,516,19,3,3,55,90,0,0,1,0,0,14,0,0,0,0,0,5,0.0,0.0,28,0,0,2026-09-05T14:00:00Z,3,3,0,0,0,0,1.5,67.5,0.0,0.0,0.0,12.5,0.0,0.0,0.0,0.0,0.0,0.0,0.0,0.0,1.5
Odobert,MID,TOT,517,19,3,1,55,0,0,0,0,0,0,0,0,0,0,0,0,0,0.0,0.0,2,3,0,2026-08-22T16:30:00Z,3,3,0,0,0,0,0.0,0.0,0.0,0.0,0.0,0.0,2.6666666666666665,75.0,0.0,2.0816659994661326,0.0,0.0,0.0,0.0,3.25
Odobert,MID,TOT,517,19,3,2,55,0,0,0,0,0,0,0,0,0,0,0,0,0,0.0,0.0,15,0,2,2026-08-29T16:30:00Z,3,3,0,0,0,0,0.0,0.0,0.0,0.0,0.0,0.0,0.0,0.0,0.0,0.0,0.0,0.0,0.0,0.0,0.0
Odobert,MID,TOT,517,19,3,3,55,0,0,0,0,0,0,0,0,0,0,0,0,0,0.0,0.0,28,0,0,2026-09-05T14:00:00Z,3,3,0,0,0,0,0.0,0.0,0.0,0.0,0.0,0.0,0.0,0.0,0.0,0.0,0.0,0.0,0.0,0.0,0.0
P.M.Sarr,MID,TOT,518,19,3,1,49,0,0,0,0,0,0,0,0,0,0,0,0,0,0.0,0.0,2,3,0,2026-08-22T16:30:00Z,3,3,0,0,0,0,0.0,0.0,0.0,0.0,0.0,0.0,0.0,0.0,0.0,0.0,0.0,0.0,0.0,0.0,0.0
P.M.Sarr,MID,TOT,518,19,3,2,49,0,0,0,0,0,0,0,0,0,0,0,0,0,0.0,0.0,15,0,2,2026-08-29T16:30:00Z,3,3,0,0,0,0,0.0,0.0,0.0,0.0,0.0,0.0,0.0,0.0,0.0,0.0,0.0,0.0,0.0,0.0,0.0
P.M.Sarr,MID,TOT,518,19,3,3,49,0,0,0,0,0,0,0,0,0,0,0,0,0,0.0,0.0,28,0,0,2026-09-05T14:00:00Z,3,3,0,0,0,0,0.0,0.0,0.0,0.0,0.0,0.0,0.0,0.0,0.0,0.0,0.0,0.0,0.0,0.0,0.0
Gallagher,MID,TOT,519,19,3,1,54,45,0,0,0,2,0,1,0,1,0,0,0,0,0.0,0.0,2,3,0,2026-08-22T16:30:00Z,3,3,0,0,0,0,0.0,0.0,0.0,0.0,0.0,0.0,0.0,0.0,0.0,0.0,0.0,0.0,0.0,0.0,0.0
Gallagher,MID,TOT,519,19,3,2,54,0,0,0,0,0,0,0,0,0,0,0,0,0,0.0,0.0,15,0,2,2026-08-29T16:30:00Z,3,3,0,0,0,0,0.0,45.0,0.0,0.0,0.0,1.0,0.0,0.0,0.0,0.0,0.0,0.0,0.0,0.0,0.0
Gallagher,MID,TOT,519,19,3,3,54,83,0,0,1,0,0,23,0,0,0,0,0,3,0.0,0.0,28,0,0,2026-09-05T14:00:00Z,3,3,0,0,0,0,0.0,22.5,0.0,0.0,0.0,0.5,0.0,0.0,0.0,0.0,0.0,0.0,0.0,0.0,0.0
Bergvall,MID,TOT,520,19,3,1,54,45,0,0,0,2,0,2,0,0,0,0,0,1,0.0,0.0,2,3,0,2026-08-22T16:30:00Z,3,3,0,0,0,0,0.0,0.0,0.0,0.0,0.0,0.0,1.0,42.666666666666664,0.0,1.7320508075688772,0.0,0.0,0.0,0.0,1.5
Bergvall,MID,TOT,520,19,3,2,54,0,0,0,0,0,0,0,0,0,0,0,0,0,0.0,0.0,15,0,2,2026-08-29T16:30:00Z,3,3,0,0,0,0,1.0,45.0,0.0,0.0,0.0,2.0,0.0,0.0,0.0,0.0,0.0,0.0,0.0,0.0,1.0
Bergvall,MID,TOT,520,19,3,3,54,0,0,0,0,0,0,0,0,0,0,0,0,0,0.0,0.0,28,0,0,2026-09-05T14:00:00Z,3,3,0,0,0,0,0.5,22.5,0.0,0.0,0.0,1.0,0.0,0.0,0.0,0.0,0.0,0.0,0.0,0.0,0.5
Kulusevski,MID,TOT,521,19,3,1,65,0,0,0,0,0,0,0,0,0,0,0,0,0,0.0,0.0,2,3,0,2026-08-22T16:30:00Z,3,3,0,0,0,0,0.0,0.0,0.0,0.0,0.0,0.0,0.3333333333333333,15.0,0.0,0.5773502691896258,0.0,0.0,0.0,0.0,0.25
Kulusevski,MID,TOT,521,19,3,2,65,0,0,0,0,0,0,0,0,0,0,0,0,0,0.0,0.0,15,0,2,2026-08-29T16:30:00Z,3,3,0,0,0,0,0.0,0.0,0.0,0.0,0.0,0.0,0.0,0.0,0.0,0.0,0.0,0.0,0.0,0.0,0.0
Kulusevski,MID,TOT,521,19,3,3,65,0,0,0,0,0,0,0,0,0,0,0,0,0,0.0,0.0,28,0,0,2026-09-05T14:00:00Z,3,3,0,0,0,0,0.0,0.0,0.0,0.0,0.0,0.0,0.0,0.0,0.0,0.0,0.0,0.0,0.0,0.0,0.0
Gray,MID,TOT,522,19,3,1,50,85,0,0,0,3,0,15,0,0,0,0,0,2,0.0,0.0,2,3,0,2026-08-22T16:30:00Z,3,3,0,0,0,0,0.0,0.0,0.0,0.0,0.0,0.0,0.0,0.0,0.0,0.0,0.0,0.0,0.0,0.0,0.0
Gray,MID,TOT,522,19,3,2,50,67,0,0,0,1,0,9,0,0,0,0,0,2,0.0,0.0,15,0,2,2026-08-29T16:30:00Z,3,3,0,0,0,0,2.0,85.0,0.0,0.0,0.0,15.0,0.0,0.0,0.0,0.0,0.0,0.0,0.0,0.0,2.0
Gray,MID,TOT,522,19,3,3,50,0,0,0,0,0,0,0,0,0,0,0,0,0,0.0,0.0,28,0,0,2026-09-05T14:00:00Z,3,3,0,0,0,0,2.0,76.0,0.0,0.0,0.0,12.0,0.0,0.0,0.0,0.0,0.0,0.0,0.0,0.0,2.0
Moore,MID,TOT,523,19,3,1,50,67,0,0,0,3,0,10,0,0,0,0,0,2,0.0,0.0,2,3,0,2026-08-22T16:30:00Z,3,3,0,0,0,0,0.0,0.0,0.0,0.0,0.0,0.0,1.3333333333333333,50.666666666666664,0.0,1.1547005383792517,0.0,0.0,0.0,0.0,1.0
Moore,MID,TOT,523,19,3,2,50,22,0,0,0,1,0,1,0,0,0,0,0,1,0.0,0.0,15,0,2,2026-08-29T16:30:00Z,3,3,0,0,0,0,2.0,67.0,0.0,0.0,0.0,10.0,0.0,0.0,0.0,0.0,0.0,0.0,0.0,0.0,2.0
Moore,MID,TOT,523,19,3,3,50,0,0,0,0,0,0,0,0,0,0,0,0,0,0.0,0.0,28,0,0,2026-09-05T14:00:00Z,3,3,0,0,0,0,1.5,44.5,0.0,0.0,0.0,5.5,0.0,0.0,0.0,0.0,0.0,0.0,0.0,0.0,1.5
Olusesi,MID,TOT,524,19,3,1,44,0,0,0,0,0,0,0,0,0,0,0,0,0,0.0,0.0,2,3,0,2026-08-22T16:30:00Z,3,3,0,0,0,0,0.0,0.0,0.0,0.0,0.0,0.0,1.0,29.666666666666668,0.0,1.0,0.0,0.0,0.0,0.0,0.75
Olusesi,MID,TOT,524,19,3,2,44,0,0,0,0,0,0,0,0,0,0,0,0,0,0.0,0.0,15,0,2,2026-08-29T16:30:00Z,3,3,0,0,0,0,0.0,0.0,0.0,0.0,0.0,0.0,0.0,0.0,0.0,0.0,0.0,0.0,0.0,0.0,0.0
Olusesi,MID,TOT,524,19,3,3,44,0,0,0,0,0,0,0,0,0,0,0,0,0,0.0,0.0,28,0,0,2026-09-05T14:00:00Z,3,3,0,0,0,0,0.0,0.0,0.0,0.0,0.0,0.0,0.0,0.0,0.0,0.0,0.0,0.0,0.0,0.0,0.0
Fernandes,MID,TOT,525,19,3,1,58,45,0,0,0,1,0,16,0,0,0,0,0,1,0.0,0.0,2,3,0,2026-08-22T16:30:00Z,3,3,0,0,0,0,0.0,0.0,0.0,0.0,0.0,0.0,0.0,0.0,0.0,0.0,0.0,0.0,0.0,0.0,0.0
Fernandes,MID,TOT,525,19,3,2,58,90,0,0,0,2,0,18,0,0,0,0,0,2,0.0,0.0,15,0,2,2026-08-29T16:30:00Z,3,3,0,0,0,0,1.0,45.0,0.0,0.0,0.0,16.0,0.0,0.0,0.0,0.0,0.0,0.0,0.0,0.0,1.0
Fernandes,MID,TOT,525,19,3,3,58,7,0,0,0,0,0,-1,0,1,0,0,0,0,0.0,0.0,28,0,0,2026-09-05T14:00:00Z,3,3,0,0,0,0,1.5,67.5,0.0,0.0,0.0,17.0,0.0,0.0,0.0,0.0,0.0,0.0,0.0,0.0,1.5
Solanke,FWD,TOT,526,19,4,1,59,22,0,0,0,0,0,3,0,0,0,0,0,1,0.0,0.0,2,3,0,2026-08-22T16:30:00Z,3,3,0,0,0,0,0.0,0.0,0.0,0.0,0.0,0.0,1.0,47.333333333333336,0.0,1.0,0.0,0.0,0.0,0.0,0.75
Solanke,FWD,TOT,526,19,4,2,59,15,0,0,0,0,0,6,0,0,0,0,0,1,0.0,0.0,15,0,2,2026-08-29T16:30:00Z,3,3,0,0,0,0,1.0,22.0,0.0,0.0,0.0,3.0,0.0,0.0,0.0,0.0,0.0,0.0,0.0,0.0,1.0
Solanke,FWD,TOT,526,19,4,3,59,6,0,0,0,0,0,-1,0,0,0,0,0,1,0.0,0.0,28,0,0,2026-09-05T14:00:00Z,3,3,0,0,0,0,1.0,18.5,0.0,0.0,0.0,4.5,0.0,0.0,0.0,0.0,0.0,0.0,0.0,0.0,1.0
Richarlison,FWD,TOT,527,19,4,1,59,67,0,0,0,3,0,6,0,0,0,0,0,2,0.0,0.0,2,3,0,2026-08-22T16:30:00Z,3,3,0,0,0,0,0.0,0.0,0.0,0.0,0.0,0.0,1.0,14.333333333333334,0.0,0.0,0.0,0.0,0.0,0.0,1.0
Richarlison,FWD,TOT,527,19,4,2,59,0,0,0,0,0,0,0,0,0,0,0,0,0,0.0,0.0,15,0,2,2026-08-29T16:30:00Z,3,3,0,0,0,0,2.0,67.0,0.0,0.0,0.0,6.0,0.0,0.0,0.0,0.0,0.0,0.0,0.0,0.0,2.0
Richarlison,FWD,TOT,527,19,4,3,59,0,0,0,0,0,0,0,0,0,0,0,0,0,0.0,0.0,28,0,0,2026-09-05T14:00:00Z,3,3,0,0,0,0,1.0,33.5,0.0,0.0,0.0,3.0,0.0,0.0,0.0,0.0,0.0,0.0,0.0,0.0,1.0
Scarlett,FWD,TOT,528,19,4,1,45,0,0,0,0,0,0,0,0,0,0,0,0,0,0.0,0.0,2,3,0,2026-08-22T16:30:00Z,3,3,0,0,0,0,0.0,0.0,0.0,0.0,0.0,0.0,0.6666666666666666,22.333333333333332,0.0,1.1547005383792517,0.0,0.0,0.0,0.0,0.5
Scarlett,FWD,TOT,528,19,4,2,45,0,0,0,0,0,0,0,0,0,0,0,0,0,0.0,0.0,15,0,2,2026-08-29T16:30:00Z,3,3,0,0,0,0,0.0,0.0,0.0,0.0,0.0,0.0,0.0,0.0,0.0,0.0,0.0,0.0,0.0,0.0,0.0
Scarlett,FWD,TOT,528,19,4,3,45,0,0,0,0,0,0,0,0,0,0,0,0,0,0.0,0.0,28,0,0,2026-09-05T14:00:00Z,3,3,0,0,0,0,0.0,0.0,0.0,0.0,0.0,0.0,0.0,0.0,0.0,0.0,0.0,0.0,0.0,0.0,0.0
Roefs,GKP,SUN,529,20,1,1,50,90,0,0,0,2,1,7,0,0,0,0,0,1,0.0,0.0,5,2,1,2026-08-22T14:00:00Z,2,3,0,0,0,0,0.0,0.0,0.0,0.0,0.0,0.0,0.0,0.0,0.0,0.0,0.0,0.0,0.0,0.0,0.0
Roefs,GKP,SUN,529,20,1,2,50,90,0,0,1,0,0,22,0,0,0,0,0,6,0.0,0.0,19,1,0,2026-08-30T13:00:00Z,2,3,0,0,0,0,1.0,90.0,0.0,0.0,0.0,7.0,0.0,0.0,0.0,0.0,0.0,0.0,0.0,0.0,1.0
Roefs,GKP,SUN,529,20,1,3,50,90,0,0,0,1,1,11,0,0,0,0,0,2,0.0,0.0,22,1,1,2026-09-05T14:00:00Z,2,3,0,0,0,0,3.5,90.0,0.0,0.0,0.5,14.5,0.0,0.0,0.0,0.0,0.0,0.0,0.0,0.0,3.5
Patterson,GKP,SUN,530,20,1,1,40,0,0,0,0,0,0,0,0,0,0,0,0,0,0.0,0.0,5,2,1,2026-08-22T14:00:00Z,2,3,0,0,0,0,0.0,0.0,0.0,0.0,0.0,0.0,3.0,90.0,0.0,2.6457513110645907,0.0,0.0,0.0,0.0,2.75
Patterson,GKP,SUN,530,20,1,2,40,0,0,0,0,0,0,0,0,0,0,0,0,0,0.0,0.0,19,1,0,2026-08-30T13:00:00Z,2,3,0,0,0,0,0.0,0.0,0.0,0.0,0.0,0.0,0.0,0.0,0.0,0.0,0.0,0.0,0.0,0.0,0.0
Patterson,GKP,SUN,530,20,1,3,40,0,0,0,0,0,0,0,0,0,0,0,0,0,0.0,0.0,22,1,1,2026-09-05T14:00:00Z,2,3,0,0,0,0,0.0,0.0,0.0,0.0,0.0,0.0,0.0,0.0,0.0,0.0,0.0,0.0,0.0,0.0,0.0
Ellborg,GKP,SUN,531,20,1,1,45,0,0,0,0,0,0,0,0,0,0,0,0,0,0.0,0.0,5,2,1,2026-08-22T14:00:00Z,2,3,0,0,0,0,0.0,0.0,0.0,0.0,0.0,0.0,0.0,0.0,0.0,0.0,0.0,0.0,0.0,0.0,0.0
Ellborg,GKP,SUN,531,20,1,2,45,0,0,0,0,0,0,0,0,0,0,0,0,0,0.0,0.0,19,1,0,2026-08-30T13:00:00Z,2,3,0,0,0,0,0.0,0.0,0.0,0.0,0.0,0.0,0.0,0.0,0.0,0.0,0.0,0.0,0.0,0.0,0.0
Ellborg,GKP,SUN,531,20,1,3,45,0,0,0,0,0,0,0,0,0,0,0,0,0,0.0,0.0,22,1,1,2026-09-05T14:00:00Z,2,3,0,0,0,0,0.0,0.0,0.0,0.0,0.0,0.0,0.0,0.0,0.0,0.0,0.0,0.0,0.0,0.0,0.0
Ballard,DEF,SUN,532,20,2,1,49,90,0,0,0,2,0,4,0,1,0,0,0,0,0.0,0.0,5,2,1,2026-08-22T14:00:00Z,2,3,0,0,0,0,0.0,0.0,0.0,0.0,0.0,0.0,0.0,0.0,0.0,0.0,0.0,0.0,0.0,0.0,0.0
Ballard,DEF,SUN,532,20,2,2,49,90,0,0,1,0,0,27,0,0,0,0,0,8,0.0,0.0,19,1,0,2026-08-30T13:00:00Z,2,3,0,0,0,0,0.0,90.0,0.0,0.0,0.0,4.0,0.0,0.0,0.0,0.0,0.0,0.0,0.0,0.0,0.0
Ballard,DEF,SUN,532,20,2,3,49,90,0,0,0,1,0,12,0,0,0,0,0,4,0.0,0.0,22,1,1,2026-09-05T14:00:00Z,2,3,0,0,0,0,4.0,90.0,0.0,0.0,0.5,15.5,0.0,0.0,0.0,0.0,0.0,0.0,0.0,0.0,4.0
Mukiele,DEF,SUN,533,20,2,1,55,0,0,0,0,0,0,0,0,0,0,0,0,0,0.0,0.0,5,2,1,2026-08-22T14:00:00Z,2,3,0,0,0,0,0.0,0.0,0.0,0.0,0.0,0.0,4.0,90.0,0.0,4.0,0.0,0.0,0.0,0.0,4.0
Mukiele,DEF,SUN,533,20,2,2,55,90,0,0,1,0,0,28,1,0,0,0,0,9,0.0,0.0,19,1,0,2026-08-30T13:00:00Z,2,3,0,0,0,0,0.0,0.0,0.0,0.0,0.0,0.0,0.0,0.0,0.0,0.0,0.0,0.0,0.0,0.0,0.0
Mukiele,DEF,SUN,533,20,2,3,55,90,0,0,0,1,0,16,0,0,0,0,0,4,0.0,0.0,22,1,1,2026-09-05T14:00:00Z,2,3,0,0,0,0,4.5,45.0,0.0,0.0,0.5,14.0,0.0,0.0,0.0,0.0,0.0,0.0,0.0,0.0,4.5
Hume,DEF,SUN,534,20,2,1,44,79,0,0,0,1,0,14,0,0,0,0,0,2,0.0,0.0,5,2,1,2026-08-22T14:00:00Z,2,3,0,0,0,0,0.0,0.0,0.0,0.0,0.0,0.0,4.333333333333333,60.0,0.0,4.509249752822894,0.0,0.0,0.0,0.0,4.25
Hume,DEF,SUN,534,20,2,2,44,90,0,0,1,0,0,24,0,0,0,0,0,6,0.0,0.0,19,1,0,2026-08-30T13:00:00Z,2,3,0,0,0,0,2.0,79.0,0.0,0.0,0.0,14.0,0.0,0.0,0.0,0.0,0.0,0.0,0.0,0.0,2.0
Hume,DEF,SUN,534,20,2,3,44,26,0,0,0,0,0,8,0,0,0,0,0,1,0.0,0.0,22,1,1,2026-09-05T14:00:00Z,2,3,0,0,0,0,4.0,84.5,0.0,0.0,0.5,19.0,0.0,0.0,0.0,0.0,0.0,0.0,0.0,0.0,4.0
Alderete,DEF,SUN,535,20,2,1,49,23,0,0,0,1,0,2,0,0,0,0,0,1,0.0,0.0,5,2,1,2026-08-22T14:00:00Z,2,3,0,0,0,0,0.0,0.0,0.0,0.0,0.0,0.0,3.0,65.0,0.0,2.6457513110645907,0.0,0.0,0.0,0.0,2.5
Alderete,DEF,SUN,535,20,2,2,49,0,0,0,0,0,0,0,0,0,0,0,0,0,0.0,0.0,19,1,0,2026-08-30T13:00:00Z,2,3,0,0,0,0,1.0,23.0,0.0,0.0,0.0,2.0,0.0,0.0,0.0,0.0,0.0,0.0,0.0,0.0,1.0
Alderete,DEF,SUN,535,20,2,3,49,0,0,0,0,0,0,0,0,0,0,0,0,0,0.0,0.0,22,1,1,2026-09-05T14:00:00Z,2,3,0,0,0,0,0.5,11.5,0.0,0.0,0.0,1.0,0.0,0.0,0.0,0.0,0.0,0.0,0.0,0.0,0.5
Reinildo,DEF,SUN,536,20,2,1,45,90,0,0,0,2,0,9,0,0,0,0,0,1,0.0,0.0,5,2,1,2026-08-22T14:00:00Z,2,3,0,0,0,0,0.0,0.0,0.0,0.0,0.0,0.0,0.3333333333333333,7.666666666666667,0.0,0.5773502691896258,0.0,0.0,0.0,0.0,0.25
Reinildo,DEF,SUN,536,20,2,2,45,90,0,0,1,0,0,26,0,0,0,0,0,6,0.0,0.0,19,1,0,2026-08-30T13:00:00Z,2,3,0,0,0,0,1.0,90.0,0.0,0.0,0.0,9.0,0.0,0.0,0.0,0.0,0.0,0.0,0.0,0.0,1.0
Reinildo,DEF,SUN,536,20,2,3,45,90,0,0,0,1,0,14,0,0,0,0,0,2,0.0,0.0,22,1,1,2026-09-05T14:00:00Z,2,3,0,0,0,0,3.5,90.0,0.0,0.0,0.5,17.5,0.0,0.0,0.0,0.0,0.0,0.0,0.0,0.0,3.5
Seelt,DEF,SUN,537,20,2,1,45,0,0,0,0,0,0,0,0,0,0,0,0,0,0.0,0.0,5,2,1,2026-08-22T14:00:00Z,2,3,0,0,0,0,0.0,0.0,0.0,0.0,0.0,0.0,3.0,90.0,0.0,2.6457513110645907,0.0,0.0,0.0,0.0,2.75
Seelt,DEF,SUN,537,20,2,2,45,0,0,0,0,0,0,0,0,0,0,0,0,0,0.0,0.0,19,1,0,2026-08-30T13:00:00Z,2,3,0,0,0,0,0.0,0.0,0.0,0.0,0.0,0.0,0.0,0.0,0.0,0.0,0.0,0.0,0.0,0.0,0.0
Seelt,DEF,SUN,537,20,2,3,45,0,0,0,0,0,0,0,0,0,0,0,0,0,0.0,0.0,22,1,1,2026-09-05T14:00:00Z,2,3,0,0,0,0,0.0,0.0,0.0,0.0,0.0,0.0,0.0,0.0,0.0,0.0,0.0,0.0,0.0,0.0,0.0
Hjelde,DEF,SUN,538,20,2,1,40,0,0,0,0,0,0,0,0,0,0,0,0,0,0.0,0.0,5,2,1,2026-08-22T14:00:00Z,2,3,0,0,0,0,0.0,0.0,0.0,0.0,0.0,0.0,0.0,0.0,0.0,0.0,0.0,0.0,0.0,0.0,0.0
Hjelde,DEF,SUN,538,20,2,2,40,0,0,0,0,0,0,0,0,0,0,0,0,0,0.0,0.0,19,1,0,2026-08-30T13:00:00Z,2,3,0,0,0,0,0.0,0.0,0.0,0.0,0.0,0.0,0.0,0.0,0.0,0.0,0.0,0.0,0.0,0.0,0.0
Hjelde,DEF,SUN,538,20,2,3,40,0,0,0,0,0,0,0,0,0,0,0,0,0,0.0,0.0,22,1,1,2026-09-05T14:00:00Z,2,3,0,0,0,0,0.0,0.0,0.0,0.0,0.0,0.0,0.0,0.0,0.0,0.0,0.0,0.0,0.0,0.0,0.0
O'Nien,DEF,SUN,539,20,2,1,40,66,0,0,0,1,0,1,0,1,0,0,0,1,0.0,0.0,5,2,1,2026-08-22T14:00:00Z,2,3,0,0,0,0,0.0,0.0,0.0,0.0,0.0,0.0,0.0,0.0,0.0,0.0,0.0,0.0,0.0,0.0,0.0
O'Nien,DEF,SUN,539,20,2,2,40,0,0,0,0,0,0,0,0,0,0,0,0,0,0.0,0.0,19,1,0,2026-08-30T13:00:00Z,2,3,0,0,0,0,1.0,66.0,0.0,0.0,0.0,1.0,0.0,0.0,0.0,0.0,0.0,0.0,0.0,0.0,1.0
O'Nien,DEF,SUN,539,20,2,3,40,0,0,0,0,0,0,0,0,0,0,0,0,0,0.0,0.0,22,1,1,2026-09-05T14:00:00Z,2,3,0,0,0,0,0.5,33.0,0.0,0.0,0.0,0.5,0.0,0.0,0.0,0.0,0.0,0.0,0.0,0.0,0.5
Masuaku,DEF,SUN,540,20,2,1,40,0,0,0,0,0,0,0,0,0,0,0,0,0,0.0,0.0,5,2,1,2026-08-22T14:00:00Z,2,3,0,0,0,0,0.0,0.0,0.0,0.0,0.0,0.0,0.3333333333333333,22.0,0.0,0.5773502691896258,0.0,0.0,0.0,0.0,0.25
Masuaku,DEF,SUN,540,20,2,2,40,0,0,0,0,0,0,0,0,0,0,0,0,0,0.0,0.0,19,1,0,2026-08-30T13:00:00Z,2,3,0,0,0,0,0.0,0.0,0.0,0.0,0.0,0.0,0.0,0.0,0.0,0.0,0.0,0.0,0.0,0.0,0.0
Masuaku,DEF,SUN,540,20,2,3,40,0,0,0,0,0,0,0,0,0,0,0,0,0,0.0,0.0,22,1,1,2026-09-05T14:00:00Z,2,3,0,0,0,0,0.0,0.0,0.0,0.0,0.0,0.0,0.0,0.0,0.0,0.0,0.0,0.0,0.0,0.0,0.0
Meunier,DEF,SUN,541,20,2,1,45,90,0,0,0,2,0,5,0,0,0,0,0,1,0.0,0.0,5,2,1,2026-08-22T14:00:00Z,2,3,0,0,0,0,0.0,0.0,0.0,0.0,0.0,0.0,0.0,0.0,0.0,0.0,0.0,0.0,0.0,0.0,0.0
Meunier,DEF,SUN,541,20,2,2,45,90,0,0,1,0,0,27,0,0,0,0,0,6,0.0,0.0,19,1,0,2026-08-30T13:00:00Z,2,3,0,0,0,0,1.0,90.0,0.0,0.0,0.0,5.0,0.0,0.0,0.0,0.0,0.0,0.0,0.0,0.0,1.0
Meunier,DEF,SUN,541,20,2,3,45,63,0,0,0,1,0,0,0,0,0,0,0,2,0.0,0.0,22,1,1,2026-09-05T14:00:00Z,2,3,0,0,0,0,3.5,90.0,0.0,0.0,0.5,16.0,0.0,0.0,0.0,0.0,0.0,0.0,0.0,0.0,3.5
E.Le Fée,MID,SUN,542,20,3,1,58,79,0,0,0,1,0,13,0,0,0,0,0,2,0.0,0.0,5,2,1,2026-08-22T14:00:00Z,2,3,0,0,0,0,0.0,0.0,0.0,0.0,0.0,0.0,3.0,81.0,0.0,2.6457513110645907,0.0,0.0,0.0,0.0,2.75
E.Le Fée,MID,SUN,542,20,3,2,58,89,0,0,1,0,0,13,0,0,0,0,0,3,0.0,0.0,19,1,0,2026-08-30T13:00:00Z,2,3,0,0,0,0,2.0,79.0,0.0,0.0,0.0,13.0,0.0,0.0,0.0,0.0,0.0,0.0,0.0,0.0,2.0
E.Le Fée,MID,SUN,542,20,3,3,58,90,1,0,0,1,0,25,1,0,0,0,0,8,0.0,0.0,22,1,1,2026-09-05T14:00:00Z,2,3,0,0,0,0,2.5,84.0,0.0,0.0,0.5,13.0,0.0,0.0,0.0,0.0,0.0,0.0,0.0,0.0,2.5
Diarra,MID,SUN,543,20,3,1,54,10,0,0,0,1,0,3,0,0,0,0,0,1,0.0,0.0,5,2,1,2026-08-22T14:00:00Z,2,3,0,0,0,0,0.0,0.0,0.0,0.0,0.0,0.0,4.333333333333333,86.0,1.0,3.2145502536643185,0.0,0.0,0.0,0.0,5.25
Diarra,MID,SUN,543,20,3,2,54,18,0,1,0,0,0,15,0,0,0,0,0,4,0.0,0.0,19,1,0,2026-08-30T13:00:00Z,2,3,0,0,0,0,1.0,10.0,0.0,0.0,0.0,3.0,0.0,0.0,0.0,0.0,0.0,0.0,0.0,0.0,1.0
Diarra,MID,SUN,543,20,3,3,54,0,0,0,0,0,0,0,0,0,0,0,0,0,0.0,0.0,22,1,1,2026-09-05T14:00:00Z,2,3,0,0,0,0,2.5,14.0,0.0,0.5,0.0,9.0,0.0,0.0,0.0,0.0,0.0,0.0,0.0,0.0,2.5
Xhaka,MID,SUN,544,20,3,1,55,90,0,1,0,2,0,31,2,0,0,0,0,9,0.0,0.0,5,2,1,2026-08-22T14:00:00Z,2,3,0,0,0,0,0.0,0.0,0.0,0.0,0.0,0.0,1.6666666666666667,9.333333333333334,0.0,2.0816659994661326,0.0,0.0,0.0,0.0,1.25
Xhaka,MID,SUN,544,20,3,2,55,90,0,0,1,0,0,29,3,0,0,0,0,6,0.0,0.0,19,1,0,2026-08-30T13:00:00Z,2,3,0,0,0,0,9.0,90.0,0.0,1.0,0.0,31.0,0.0,0.0,0.0,0.0,0.0,0.0,0.0,0.0,9.0
Xhaka,MID,SUN,544,20,3,3,55,90,0,0,0,1,0,12,0,1,0,0,0,3,0.0,0.0,22,1,1,2026-09-05T14:00:00Z,2,3,0,0,0,0,7.5,90.0,0.0,0.5,0.5,30.0,0.0,0.0,0.0,0.0,0.0,0.0,0.0,0.0,7.5
Sadiki,MID,SUN,545,20,3,1,49,90,0,0,0,2,0,18,0,0,0,0,0,2,0.0,0.0,5,2,1,2026-08-22T14:00:00Z,2,3,0,0,0,0,0.0,0.0,0.0,0.0,0.0,0.0,6.0,90.0,0.0,3.0,0.0,0.0,0.0,0.0,5.25
Sadiki,MID,SUN,545,20,3,2,49,90,0,0,1,0,0,21,0,0,0,0,0,3,0.0,0.0,19,1,0,2026-08-30T13:00:00Z,2,3,0,0,0,0,2.0,90.0,0.0,0.0,0.0,18.0,0.0,0.0,0.0,0.0,0.0,0.0,0.0,0.0,2.0
Sadiki,MID,SUN,545,20,3,3,49,73,0,0,0,1,0,16,0,1,0,0,0,1,0.0,0.0,22,1,1,2026-09-05T14:00:00Z,2,3,0,0,0,0,2.5,90.0,0.0,0.0,0.5,19.5,0.0,0.0,0.0,0.0,0.0,0.0,0.0,0.0,2.5
Adingra,MID,SUN,546,20,3,1,49,0,0,0,0,0,0,0,0,0,0,0,0,0,0.0,0.0,5,2,1,2026-08-22T14:00:00Z,2,3,0,0,0,0,0.0,0.0,0.0,0.0,0.0,0.0,2.0,84.33333333333333,0.0,1.0,0.0,0.0,0.0,0.0,1.75
Adingra,MID,SUN,546,20,3,2,49,0,0,0,0,0,0,0,0,0,0,0,0,0,0.0,0.0,19,1,0,2026-08-30T13:00:00Z,2,3,0,0,0,0,0.0,0.0,0.0,0.0,0.0,0.0,0.0,0.0,0.0,0.0,0.0,0.0,0.0,0.0,0.0
Adingra,MID,SUN,546,20,3,3,49,0,0,0,0,0,0,0,0,0,0,0,0,0,0.0,0.0,22,1,1,2026-09-05T14:00:00Z,2,3,0,0,0,0,0.0,0.0,0.0,0.0,0.0,0.0,0.0,0.0,0.0,0.0,0.0,0.0,0.0,0.0,0.0
Mundle,MID,SUN,547,20,3,1,49,0,0,0,0,0,0,0,0,0,0,0,0,0,0.0,0.0,5,2,1,2026-08-22T14:00:00Z,2,3,0,0,0,0,0.0,0.0,0.0,0.0,0.0,0.0,0.0,0.0,0.0,0.0,0.0,0.0,0.0,0.0,0.0
Mundle,MID,SUN,547,20,3,2,49,1,0,0,0,0,0,2,0,0,0,0,0,1,0.0,0.0,19,1,0,2026-08-30T13:00:00Z,2,3,0,0,0,0,0.0,0.0,0.0,0.0,0.0,0.0,0.0,0.0,0.0,0.0,0.0,0.0,0.0,0.0,0.0
Mundle,MID,SUN,547,20,3,3,49,0,0,0,0,0,0,0,0,0,0,0,0,0,0.0,0.0,22,1,1,2026-09-05T14:00:00Z,2,3,0,0,0,0,0.5,0.5,0.0,0.0,0.0,1.0,0.0,0.0,0.0,0.0,0.0,0.0,0.0,0.0,0.5
Rigg,MID,SUN,548,20,3,1,49,10,0,0,0,1,0,3,0,0,0,0,0,1,0.0,0.0,5,2,1,2026-08-22T14:00:00Z,2,3,0,0,0,0,0.0,0.0,0.0,0.0,0.0,0.0,0.3333333333333333,0.3333333333333333,0.0,0.5773502691896258,0.0,0.0,0.0,0.0,0.25
Rigg,MID,SUN,548,20,3,2,49,7,0,0,0,0,0,3,0,0,0,0,0,1,0.0,0.0,19,1,0,2026-08-30T13:00:00Z,2,3,0,0,0,0,1.0,10.0,0.0,0.0,0.0,3.0,0.0,0.0,0.0,0.0,0.0,0.0,0.0,0.0,1.0
Rigg,MID,SUN,548,20,3,3,49,0,0,0,0,0,0,0,0,0,0,0,0,0,0.0,0.0,22,1,1,2026-09-05T14:00:00Z,2,3,0,0,0,0,1.0,8.5,0.0,0.0,0.0,3.0,0.0,0.0,0.0,0.0,0.0,0.0,0.0,0.0,1.0
Talbi,MID,SUN,549,20,3,1,54,31,0,0,0,1,0,1,0,0,0,0,0,1,0.0,0.0,5,2,1,2026-08-22T14:00:00Z,2,3,0,0,0,0,0.0,0.0,0.0,0.0,0.0,0.0,0.6666666666666666,5.666666666666667,0.0,0.5773502691896258,0.0,0.0,0.0,0.0,0.5
Talbi,MID,SUN,549,20,3,2,54,0,0,0,0,0,0,0,0,0,0,0,0,0,0.0,0.0,19,1,0,2026-08-30T13:00:00Z,2,3,0,0,0,0,1.0,31.0,0.0,0.0,0.0,1.0,0.0,0.0,0.0,0.0,0.0,0.0,0.0,0.0,1.0
Talbi,MID,SUN,549,20,3,3,54,0,0,0,0,0,0,0,0,0,0,0,0,0,0.0,0.0,22,1,1,2026-09-05T14:00:00Z,2,3,0,0,0,0,0.5,15.5,0.0,0.0,0.0,0.5,0.0,0.0,0.0,0.0,0.0,0.0,0.0,0.0,0.5
Jocelin.T,MID,SUN,550,20,3,1,50,0,0,0,0,0,0,0,0,0,0,0,0,0,0.0,0.0,5,2,1,2026-08-22T14:00:00Z,2,3,0,0,0,0,0.0,0.0,0.0,0.0,0.0,0.0,0.3333333333333333,10.333333333333334,0.0,0.5773502691896258,0.0,0.0,0.0,0.0,0.25
Jocelin.T,MID,SUN,550,20,3,2,50,0,0,0,0,0,0,0,0,0,0,0,0,0,0.0,0.0,19,1,0,2026-08-30T13:00:00Z,2,3,0,0,0,0,0.0,0.0,0.0,0.0,0.0,0.0,0.0,0.0,0.0,0.0,0.0,0.0,0.0,0.0,0.0
Jocelin.T,MID,SUN,550,20,3,3,50,0,0,0,0,0,0,0,0,0,0,0,0,0,0.0,0.0,22,1,1,2026-09-05T14:00:00Z,2,3,0,0,0,0,0.0,0.0,0.0,0.0,0.0,0.0,0.0,0.0,0.0,0.0,0.0,0.0,0.0,0.0,0.0
N.Angulo,MID,SUN,551,20,3,1,50,58,1,0,0,1,0,23,0,1,0,0,0,5,0.0,0.0,5,2,1,2026-08-22T14:00:00Z,2,3,0,0,0,0,0.0,0.0,0.0,0.0,0.0,0.0,0.0,0.0,0.0,0.0,0.0,0.0,0.0,0.0,0.0
N.Angulo,MID,SUN,551,20,3,2,50,64,0,0,1,0,0,13,0,0,0,0,0,3,0.0,0.0,19,1,0,2026-08-30T13:00:00Z,2,3,0,0,0,0,5.0,58.0,1.0,0.0,0.0,23.0,0.0,0.0,0.0,0.0,0.0,0.0,0.0,0.0,5.0
N.Angulo,MID,SUN,551,20,3,3,50,63,0,0,0,1,0,11,0,0,0,0,0,2,0.0,0.0,22,1,1,2026-09-05T14:00:00Z,2,3,0,0,0,0,4.0,61.0,0.5,0.0,0.5,18.0,0.0,0.0,0.0,0.0,0.0,0.0,0.0,0.0,4.0
Brobbey,FWD,SUN,552,20,4,1,58,66,0,0,0,1,0,1,0,0,0,0,0,2,0.0,0.0,5,2,1,2026-08-22T14:00:00Z,2,3,0,0,0,0,0.0,0.0,0.0,0.0,0.0,0.0,3.3333333333333335,61.666666666666664,1.0,1.5275252316519468,0.0,0.0,0.0,0.0,3.0
Brobbey,FWD,SUN,552,20,4,2,58,63,0,0,1,0,0,5,0,0,0,0,0,2,0.0,0.0,19,1,0,2026-08-30T13:00:00Z,2,3,0,0,0,0,2.0,66.0,0.0,0.0,0.0,1.0,0.0,0.0,0.0,0.0,0.0,0.0,0.0,0.0,2.0
Brobbey,FWD,SUN,552,20,4,3,58,90,0,0,0,1,0,11,0,0,0,0,0,2,0.0,0.0,22,1,1,2026-09-05T14:00:00Z,2,3,0,0,0,0,2.0,64.5,0.0,0.0,0.5,3.0,0.0,0.0,0.0,0.0,0.0,0.0,0.0,0.0,2.0
Isidor,FWD,SUN,553,20,4,1,55,23,0,0,0,1,0,3,0,0,0,0,0,1,0.0,0.0,5,2,1,2026-08-22T14:00:00Z,2,3,0,0,0,0,0.0,0.0,0.0,0.0,0.0,0.0,2.0,73.0,0.0,0.0,0.0,0.0,0.0,0.0,2.0
Isidor,FWD,SUN,553,20,4,2,55,26,1,0,0,0,0,29,3,0,0,0,0,8,0.0,0.0,19,1,0,2026-08-30T13:00:00Z,2,3,0,0,0,0,1.0,23.0,0.0,0.0,0.0,3.0,0.0,0.0,0.0,0.0,0.0,0.0,0.0,0.0,1.0
Isidor,FWD,SUN,553,20,4,3,55,26,0,1,0,0,0,15,0,0,0,0,0,4,0.0,0.0,22,1,1,2026-09-05T14:00:00Z,2,3,0,0,0,0,4.5,24.5,0.5,0.0,0.0,16.0,0.0,0.0,0.0,0.0,0.0,0.0,0.0,0.0,4.5
Van Oevelen,GKP,IPS,554,12,1,1,45,0,0,0,0,0,0,0,0,0,0,0,0,0,0.0,0.0,5,2,1,2026-08-22T14:00:00Z,2,2,0,0,0,0,0.0,0.0,0.0,0.0,0.0,0.0,4.333333333333333,25.0,1.0,3.5118845842842465,0.0,0.0,0.0,0.0,4.25
Van Oevelen,GKP,IPS,554,12,1,2,45,0,0,0,0,0,0,0,0,0,0,0,0,0,0.0,0.0,18,5,2,2026-08-30T15:30:00Z,2,2,0,0,0,0,0.0,0.0,0.0,0.0,0.0,0.0,0.0,0.0,0.0,0.0,0.0,0.0,0.0,0.0,0.0
Van Oevelen,GKP,IPS,554,12,1,3,45,0,0,0,0,0,0,0,0,0,0,0,0,0,0.0,0.0,21,0,2,2026-09-04T19:00:00Z,2,2,0,0,0,0,0.0,0.0,0.0,0.0,0.0,0.0,0.0,0.0,0.0,0.0,0.0,0.0,0.0,0.0,0.0
Matthews,GKP,CRY,555,8,1,1,40,0,0,0,0,0,0,0,0,0,0,0,0,0,0.0,0.0,3,2,0,2026-08-22T14:00:00Z,3,3,0,0,0,0,0.0,0.0,0.0,0.0,0.0,0.0,0.0,0.0,0.0,0.0,0.0,0.0,0.0,0.0,0.0
Matthews,GKP,CRY,555,8,1,2,40,0,0,0,0,0,0,0,0,0,0,0,0,0,0.0,0.0,11,1,4,2026-08-28T19:00:00Z,3,3,0,0,0,0,0.0,0.0,0.0,0.0,0.0,0.0,0.0,0.0,0.0,0.0,0.0,0.0,0.0,0.0,0.0
Matthews,GKP,CRY,555,8,1,3,40,0,0,0,0,0,0,0,0,0,0,0,0,0,0.0,0.0,24,2,3,2026-09-05T14:00:00Z,3,3,0,0,0,0,0.0,0.0,0.0,0.0,0.0,0.0,0.0,0.0,0.0,0.0,0.0,0.0,0.0,0.0,0.0
Targett,DEF,HUL,556,11,2,1,40,5,0,0,0,0,0,3,0,0,0,0,0,1,0.0,0.0,4,2,0,2026-08-22T11:30:00Z,2,2,0,0,0,0,0.0,0.0,0.0,0.0,0.0,0.0,0.0,0.0,0.0,0.0,0.0,0.0,0.0,0.0,0.0
Targett,DEF,HUL,556,11,2,2,40,0,0,0,0,0,0,0,0,0,0,0,0,0,0.0,0.0,13,0,1,2026-08-29T14:00:00Z,2,2,0,0,0,0,1.0,5.0,0.0,0.0,0.0,3.0,0.0,0.0,0.0,0.0,0.0,0.0,0.0,0.0,1.0
Targett,DEF,HUL,556,11,2,3,40,0,0,0,0,0,0,0,0,0,0,0,0,0,0.0,0.0,25,0,0,2026-09-05T16:30:00Z,2,2,0,0,0,0,0.5,2.5,0.0,0.0,0.0,1.5,0.0,0.0,0.0,0.0,0.0,0.0,0.0,0.0,0.5
Tzolis,MID,ARS,557,1,3,1,64,75,0,1,1,0,0,30,0,0,0,0,0,6,0.0,0.0,1,3,0,2026-08-21T19:00:00Z,4,5,0,0,0,0,0.0,0.0,0.0,0.0,0.0,0.0,0.3333333333333333,1.6666666666666667,0.0,0.5773502691896258,0.0,0.0,0.0,0.0,0.25
Tzolis,MID,ARS,557,1,3,2,64,45,0,0,0,0,0,1,0,1,0,0,0,0,0.0,0.0,20,0,1,2026-08-31T19:00:00Z,4,5,0,0,0,0,6.0,75.0,0.0,1.0,1.0,30.0,0.0,0.0,0.0,0.0,0.0,0.0,0.0,0.0,6.0
Tzolis,MID,ARS,557,1,3,3,64,90,0,1,0,1,0,31,1,1,0,0,0,5,0.0,0.0,29,2,1,2026-09-06T15:30:00Z,4,5,0,0,0,0,3.0,60.0,0.0,0.5,0.5,15.5,0.0,0.0,0.0,0.0,0.0,0.0,0.0,0.0,3.0
Schlager,MID,NFO,558,18,3,1,50,16,0,0,0,1,0,3,0,0,0,0,0,1,0.0,0.0,6,0,1,2026-08-22T14:00:00Z,3,3,0,0,0,0,0.0,0.0,0.0,0.0,0.0,0.0,3.6666666666666665,70.0,0.0,3.2145502536643185,0.0,0.0,0.0,0.0,4.0
Schlager,MID,NFO,558,18,3,2,50,90,0,0,0,2,0,15,0,0,0,0,0,4,0.0,0.0,14,2,2,2026-08-29T11:30:00Z,3,3,0,0,0,0,1.0,16.0,0.0,0.0,0.0,3.0,0.0,0.0,0.0,0.0,0.0,0.0,0.0,0.0,1.0
Schlager,MID,NFO,558,18,3,3,50,90,0,0,1,0,0,18,0,0,0,0,0,3,0.0,0.0,28,0,0,2026-09-05T14:00:00Z,3,3,0,0,0,0,2.5,53.0,0.0,0.0,0.0,9.0,0.0,0.0,0.0,0.0,0.0,0.0,0.0,0.0,2.5
Bamba,MID,NEW,559,17,3,1,49,14,0,0,0,1,0,5,0,0,0,0,0,1,0.0,0.0,9,2,2,2026-08-23T15:30:00Z,2,3,0,0,0,0,0.0,0.0,0.0,0.0,0.0,0.0,2.6666666666666665,65.33333333333333,0.0,1.5275252316519468,0.0,0.0,0.0,0.0,2.75
Bamba,MID,NEW,559,17,3,2,49,0,0,0,0,0,0,0,0,0,0,0,0,0,0.0,0.0,15,0,2,2026-08-29T16:30:00Z,2,3,0,0,0,0,1.0,14.0,0.0,0.0,0.0,5.0,0.0,0.0,0.0,0.0,0.0,0.0,0.0,0.0,1.0
Bamba,MID,NEW,559,17,3,3,49,0,0,0,0,0,0,0,0,0,0,0,0,0,0.0,0.0,27,2,2,2026-09-05T11:30:00Z,2,3,0,0,0,0,0.5,7.0,0.0,0.0,0.0,2.5,0.0,0.0,0.0,0.0,0.0,0.0,0.0,0.0,0.5
Penders,GKP,CHE,560,6,1,1,44,0,0,0,0,0,0,0,0,0,0,0,0,0,0.0,0.0,10,2,3,2026-08-24T19:00:00Z,4,4,0,0,0,0,0.0,0.0,0.0,0.0,0.0,0.0,0.3333333333333333,4.666666666666667,0.0,0.5773502691896258,0.0,0.0,0.0,0.0,0.25
Penders,GKP,CHE,560,6,1,2,44,0,0,0,0,0,0,0,0,0,0,0,0,0,0.0,0.0,16,4,3,2026-08-30T13:00:00Z,4,4,0,0,0,0,0.0,0.0,0.0,0.0,0.0,0.0,0.0,0.0,0.0,0.0,0.0,0.0,0.0,0.0,0.0
Penders,GKP,CHE,560,6,1,3,44,0,0,0,0,0,0,0,0,0,0,0,0,0,0.0,0.0,29,2,1,2026-09-06T15:30:00Z,4,4,0,0,0,0,0.0,0.0,0.0,0.0,0.0,0.0,0.0,0.0,0.0,0.0,0.0,0.0,0.0,0.0,0.0
Anselmino,DEF,CHE,561,6,2,1,45,0,0,0,0,0,0,0,0,0,0,0,0,0,0.0,0.0,10,2,3,2026-08-24T19:00:00Z,4,4,0,0,0,0,0.0,0.0,0.0,0.0,0.0,0.0,0.0,0.0,0.0,0.0,0.0,0.0,0.0,0.0,0.0
Anselmino,DEF,CHE,561,6,2,2,45,0,0,0,0,0,0,0,0,0,0,0,0,0,0.0,0.0,16,4,3,2026-08-30T13:00:00Z,4,4,0,0,0,0,0.0,0.0,0.0,0.0,0.0,0.0,0.0,0.0,0.0,0.0,0.0,0.0,0.0,0.0,0.0
Anselmino,DEF,CHE,561,6,2,3,45,0,0,0,0,0,0,0,0,0,0,0,0,0,0.0,0.0,29,2,1,2026-09-06T15:30:00Z,4,4,0,0,0,0,0.0,0.0,0.0,0.0,0.0,0.0,0.0,0.0,0.0,0.0,0.0,0.0,0.0,0.0,0.0
Maeda,MID,IPS,562,12,3,1,54,79,0,0,0,1,0,7,0,0,0,0,0,2,0.0,0.0,5,2,1,2026-08-22T14:00:00Z,2,2,0,0,0,0,0.0,0.0,0.0,0.0,0.0,0.0,0.0,0.0,0.0,0.0,0.0,0.0,0.0,0.0,0.0
Maeda,MID,IPS,562,12,3,2,54,72,0,0,0,4,0,10,0,0,0,0,0,2,0.0,0.0,18,5,2,2026-08-30T15:30:00Z,2,2,0,0,0,0,2.0,79.0,0.0,0.0,0.0,7.0,0.0,0.0,0.0,0.0,0.0,0.0,0.0,0.0,2.0
Maeda,MID,IPS,562,12,3,3,54,65,0,0,0,2,0,9,0,0,0,0,0,2,0.0,0.0,21,0,2,2026-09-04T19:00:00Z,2,2,0,0,0,0,2.0,75.5,0.0,0.0,0.0,8.5,0.0,0.0,0.0,0.0,0.0,0.0,0.0,0.0,2.0
Morita,MID,HUL,563,11,3,1,50,0,0,0,0,0,0,0,0,0,0,0,0,0,0.0,0.0,4,2,0,2026-08-22T11:30:00Z,2,2,0,0,0,0,0.0,0.0,0.0,0.0,0.0,0.0,2.0,72.0,0.0,0.0,0.0,0.0,0.0,0.0,2.0
Morita,MID,HUL,563,11,3,2,50,45,0,0,0,0,0,6,0,0,0,0,0,1,0.0,0.0,13,0,1,2026-08-29T14:00:00Z,2,2,0,0,0,0,0.0,0.0,0.0,0.0,0.0,0.0,0.0,0.0,0.0,0.0,0.0,0.0,0.0,0.0,0.0
Morita,MID,HUL,563,11,3,3,50,0,0,0,0,0,0,0,0,0,0,0,0,0,0.0,0.0,25,0,0,2026-09-05T16:30:00Z,2,2,0,0,0,0,0.5,22.5,0.0,0.0,0.0,3.0,0.0,0.0,0.0,0.0,0.0,0.0,0.0,0.0,0.5
Scherpen,GKP,IPS,564,12,1,1,45,90,0,0,0,1,2,12,0,0,0,0,0,2,0.0,0.0,5,2,1,2026-08-22T14:00:00Z,2,2,0,0,0,0,0.0,0.0,0.0,0.0,0.0,0.0,0.3333333333333333,15.0,0.0,0.5773502691896258,0.0,0.0,0.0,0.0,0.25
Scherpen,GKP,IPS,564,12,1,2,45,90,0,0,0,5,6,9,0,0,0,0,0,2,0.0,0.0,18,5,2,2026-08-30T15:30:00Z,2,2,0,0,0,0,2.0,90.0,0.0,0.0,0.0,12.0,0.0,0.0,0.0,0.0,0.0,0.0,0.0,0.0,2.0
Scherpen,GKP,IPS,564,12,1,3,45,90,0,0,0,2,5,13,0,0,0,0,0,2,0.0,0.0,21,0,2,2026-09-04T19:00:00Z,2,2,0,0,0,0,2.0,90.0,0.0,0.0,0.0,10.5,0.0,0.0,0.0,0.0,0.0,0.0,0.0,0.0,2.0
M.Sangaré,MID,BRE,565,4,3,1,57,75,0,2,1,0,0,41,3,0,0,0,0,14,0.0,0.0,2,3,0,2026-08-22T16:30:00Z,3,3,0,0,0,0,0.0,0.0,0.0,0.0,0.0,0.0,2.0,90.0,0.0,0.0,0.0,0.0,0.0,0.0,2.0
M.Sangaré,MID,BRE,565,4,3,2,57,90,0,0,0,1,0,16,0,0,0,0,0,4,0.0,0.0,17,1,1,2026-08-30T13:00:00Z,3,3,0,0,0,0,14.0,75.0,0.0,2.0,1.0,41.0,0.0,0.0,0.0,0.0,0.0,0.0,0.0,0.0,14.0
M.Sangaré,MID,BRE,565,4,3,3,57,45,0,0,0,0,0,0,0,1,0,0,0,0,0.0,0.0,22,1,1,2026-09-05T14:00:00Z,3,3,0,0,0,0,9.0,82.5,0.0,1.0,0.5,28.5,0.0,0.0,0.0,0.0,0.0,0.0,0.0,0.0,9.0
Silva,DEF,BOU,566,3,2,1,50,90,0,0,0,2,0,5,0,1,0,0,0,2,0.0,0.0,8,2,1,2026-08-23T13:00:00Z,3,3,0,0,0,0,0.0,0.0,0.0,0.0,0.0,0.0,6.0,70.0,0.0,7.211102550927978,0.0,0.0,0.0,0.0,4.5
Silva,DEF,BOU,566,3,2,2,50,90,0,0,0,1,0,11,0,0,0,0,0,4,0.0,0.0,12,1,1,2026-08-29T14:00:00Z,3,3,0,0,0,0,2.0,90.0,0.0,0.0,0.0,5.0,0.0,0.0,0.0,0.0,0.0,0.0,0.0,0.0,2.0
Silva,DEF,BOU,566,3,2,3,50,90,0,0,0,2,0,8,0,0,0,0,0,1,0.0,0.0,27,2,2,2026-09-05T11:30:00Z,3,3,0,0,0,0,3.0,90.0,0.0,0.0,0.0,8.0,0.0,0.0,0.0,0.0,0.0,0.0,0.0,0.0,3.0
Horníček,GKP,NEW,567,17,1,1,50,90,0,0,0,2,5,12,0,1,0,0,0,1,0.0,0.0,9,2,2,2026-08-23T15:30:00Z,2,3,0,0,0,0,0.0,0.0,0.0,0.0,0.0,0.0,2.3333333333333335,90.0,0.0,1.5275252316519468,0.0,0.0,0.0,0.0,2.0
Horníček,GKP,NEW,567,17,1,2,50,90,0,0,1,0,4,32,0,0,0,0,0,7,0.0,0.0,15,0,2,2026-08-29T16:30:00Z,2,3,0,0,0,0,1.0,90.0,0.0,0.0,0.0,12.0,0.0,0.0,0.0,0.0,0.0,0.0,0.0,0.0,1.0
Horníček,GKP,NEW,567,17,1,3,50,90,0,0,0,2,4,12,0,0,0,0,0,2,0.0,0.0,27,2,2,2026-09-05T11:30:00Z,2,3,0,0,0,0,4.0,90.0,0.0,0.0,0.5,22.0,0.0,0.0,0.0,0.0,0.0,0.0,0.0,0.0,4.0
Barco,MID,CHE,568,6,3,1,55,0,0,0,0,0,0,0,0,0,0,0,0,0,0.0,0.0,10,2,3,2026-08-24T19:00:00Z,4,4,0,0,0,0,0.0,0.0,0.0,0.0,0.0,0.0,3.3333333333333335,90.0,0.0,3.2145502536643185,0.0,0.0,0.0,0.0,3.0
Barco,MID,CHE,568,6,3,2,55,8,0,0,0,1,0,1,0,0,0,0,0,1,0.0,0.0,16,4,3,2026-08-30T13:00:00Z,4,4,0,0,0,0,0.0,0.0,0.0,0.0,0.0,0.0,0.0,0.0,0.0,0.0,0.0,0.0,0.0,0.0,0.0
Barco,MID,CHE,568,6,3,3,55,0,0,0,0,0,0,0,0,0,0,0,0,0,0.0,0.0,29,2,1,2026-09-06T15:30:00Z,4,4,0,0,0,0,0.5,4.0,0.0,0.0,0.0,0.5,0.0,0.0,0.0,0.0,0.0,0.0,0.0,0.0,0.5
Gonzalo,FWD,FUL,569,10,4,1,60,90,1,0,0,3,0,33,0,0,0,0,0,6,0.0,0.0,10,2,3,2026-08-24T19:00:00Z,2,3,0,0,0,0,0.0,0.0,0.0,0.0,0.0,0.0,0.3333333333333333,2.6666666666666665,0.0,0.5773502691896258,0.0,0.0,0.0,0.0,0.25
Gonzalo,FWD,FUL,569,10,4,2,60,90,0,0,0,1,0,2,0,0,0,0,0,2,0.0,0.0,19,1,0,2026-08-30T13:00:00Z,2,3,0,0,0,0,6.0,90.0,1.0,0.0,0.0,33.0,0.0,0.0,0.0,0.0,0.0,0.0,0.0,0.0,6.0
Gonzalo,FWD,FUL,569,10,4,3,60,90,0,0,0,3,0,10,0,0,0,0,0,2,0.0,0.0,24,2,3,2026-09-05T14:00:00Z,2,3,0,0,0,0,4.0,90.0,0.5,0.0,0.0,17.5,0.0,0.0,0.0,0.0,0.0,0.0,0.0,0.0,4.0
Palacios,MID,FUL,570,10,3,1,55,72,0,0,0,3,0,10,0,0,0,0,0,2,0.0,0.0,10,2,3,2026-08-24T19:00:00Z,2,3,0,0,0,0,0.0,0.0,0.0,0.0,0.0,0.0,3.3333333333333335,90.0,1.0,2.3094010767585034,0.0,0.0,0.0,0.0,3.0
Palacios,MID,FUL,570,10,3,2,55,75,0,0,0,1,0,6,0,1,0,0,0,1,0.0,0.0,19,1,0,2026-08-30T13:00:00Z,2,3,0,0,0,0,2.0,72.0,0.0,0.0,0.0,10.0,0.0,0.0,0.0,0.0,0.0,0.0,0.0,0.0,2.0
Palacios,MID,FUL,570,10,3,3,55,60,1,0,0,2,0,27,1,0,0,0,0,8,0.0,0.0,24,2,3,2026-09-05T14:00:00Z,2,3,0,0,0,0,1.5,73.5,0.0,0.0,0.0,8.0,0.0,0.0,0.0,0.0,0.0,0.0,0.0,0.0,1.5
Florentino,MID,IPS,571,12,3,1,49,0,0,0,0,0,0,0,0,0,0,0,0,0,0.0,0.0,5,2,1,2026-08-22T14:00:00Z,2,2,0,0,0,0,0.0,0.0,0.0,0.0,0.0,0.0,3.6666666666666665,69.0,1.0,3.785938897200183,0.0,0.0,0.0,0.0,4.75
Florentino,MID,IPS,571,12,3,2,49,0,0,0,0,0,0,0,0,0,0,0,0,0,0.0,0.0,18,5,2,2026-08-30T15:30:00Z,2,2,0,0,0,0,0.0,0.0,0.0,0.0,0.0,0.0,0.0,0.0,0.0,0.0,0.0,0.0,0.0,0.0,0.0
Florentino,MID,IPS,571,12,3,3,49,0,0,0,0,0,0,0,0,0,0,0,0,0,0.0,0.0,21,0,2,2026-09-04T19:00:00Z,2,2,0,0,0,0,0.0,0.0,0.0,0.0,0.0,0.0,0.0,0.0,0.0,0.0,0.0,0.0,0.0,0.0,0.0
Tzolakis,GKP,HUL,572,11,1,1,46,90,0,0,1,0,5,41,3,0,0,0,0,10,0.0,0.0,4,2,0,2026-08-22T11:30:00Z,2,2,0,0,0,0,0.0,0.0,0.0,0.0,0.0,0.0,0.0,0.0,0.0,0.0,0.0,0.0,0.0,0.0,0.0
Tzolakis,GKP,HUL,572,11,1,2,46,90,0,0,1,0,3,32,3,0,0,0,0,10,0.0,0.0,13,0,1,2026-08-29T14:00:00Z,2,2,0,0,0,0,10.0,90.0,0.0,0.0,1.0,41.0,0.0,0.0,0.0,0.0,0.0,0.0,0.0,0.0,10.0
Tzolakis,GKP,HUL,572,11,1,3,46,90,0,0,1,0,1,25,0,0,0,0,0,6,0.0,0.0,25,0,0,2026-09-05T16:30:00Z,2,2,0,0,0,0,10.0,90.0,0.0,0.0,1.0,36.5,0.0,0.0,0.0,0.0,0.0,0.0,0.0,0.0,10.0
Sanchez,DEF,BOU,573,3,2,1,45,0,0,0,0,0,0,0,0,0,0,0,0,0,0.0,0.0,8,2,1,2026-08-23T13:00:00Z,3,3,0,0,0,0,0.0,0.0,0.0,0.0,0.0,0.0,8.666666666666666,90.0,0.0,2.309401076758503,0.0,0.0,0.0,0.0,8.0
Sanchez,DEF,BOU,573,3,2,2,45,0,0,0,0,0,0,0,0,0,0,0,0,0,0.0,0.0,12,1,1,2026-08-29T14:00:00Z,3,3,0,0,0,0,0.0,0.0,0.0,0.0,0.0,0.0,0.0,0.0,0.0,0.0,0.0,0.0,0.0,0.0,0.0
Sanchez,DEF,BOU,573,3,2,3,45,0,0,0,0,0,0,0,0,0,0,0,0,0,0.0,0.0,27,2,2,2026-09-05T11:30:00Z,3,3,0,0,0,0,0.0,0.0,0.0,0.0,0.0,0.0,0.0,0.0,0.0,0.0,0.0,0.0,0.0,0.0,0.0
Hjertø-Dahl,MID,HUL,574,11,3,1,49,0,0,0,0,0,0,0,0,0,0,0,0,0,0.0,0.0,4,2,0,2026-08-22T11:30:00Z,2,2,0,0,0,0,0.0,0.0,0.0,0.0,0.0,0.0,0.0,0.0,0.0,0.0,0.0,0.0,0.0,0.0,0.0
Hjertø-Dahl,MID,HUL,574,11,3,2,49,0,0,0,0,0,0,0,0,0,0,0,0,0,0.0,0.0,13,0,1,2026-08-29T14:00:00Z,2,2,0,0,0,0,0.0,0.0,0.0,0.0,0.0,0.0,0.0,0.0,0.0,0.0,0.0,0.0,0.0,0.0,0.0
Hjertø-Dahl,MID,HUL,574,11,3,3,49,8,0,0,0,0,0,4,0,0,0,0,0,1,0.0,0.0,25,0,0,2026-09-05T16:30:00Z,2,2,0,0,0,0,0.0,0.0,0.0,0.0,0.0,0.0,0.0,0.0,0.0,0.0,0.0,0.0,0.0,0.0,0.0
Yirenkyi,MID,COV,575,7,3,1,49,61,0,0,0,3,0,2,0,1,0,0,0,1,0.0,0.0,1,3,0,2026-08-21T19:00:00Z,2,2,0,0,0,0,0.0,0.0,0.0,0.0,0.0,0.0,0.3333333333333333,2.6666666666666665,0.0,0.5773502691896258,0.0,0.0,0.0,0.0,0.5
Yirenkyi,MID,COV,575,7,3,2,49,70,0,0,1,0,0,17,0,0,0,0,0,3,0.0,0.0,13,0,1,2026-08-29T14:00:00Z,2,2,0,0,0,0,1.0,61.0,0.0,0.0,0.0,2.0,0.0,0.0,0.0,0.0,0.0,0.0,0.0,0.0,1.0
Yirenkyi,MID,COV,575,7,3,3,49,27,0,0,0,0,0,4,0,0,0,0,0,1,0.0,0.0,26,1,0,2026-09-05T14:00:00Z,2,2,0,0,0,0,2.0,65.5,0.0,0.0,0.5,9.5,0.0,0.0,0.0,0.0,0.0,0.0,0.0,0.0,2.0
Stroud,MID,HUL,576,11,3,1,50,70,0,0,1,0,0,11,0,0,0,0,0,3,0.0,0.0,4,2,0,2026-08-22T11:30:00Z,2,2,0,0,0,0,0.0,0.0,0.0,0.0,0.0,0.0,1.6666666666666667,52.666666666666664,0.0,1.1547005383792517,0.0,0.0,0.0,0.0,1.5
Stroud,MID,HUL,576,11,3,2,50,58,0,0,0,0,0,-2,0,1,0,0,0,0,0.0,0.0,13,0,1,2026-08-29T14:00:00Z,2,2,0,0,0,0,3.0,70.0,0.0,0.0,1.0,11.0,0.0,0.0,0.0,0.0,0.0,0.0,0.0,0.0,3.0
Stroud,MID,HUL,576,11,3,3,50,62,0,0,1,0,0,5,0,0,0,0,0,3,0.0,0.0,25,0,0,2026-09-05T16:30:00Z,2,2,0,0,0,0,1.5,64.0,0.0,0.0,0.5,4.5,0.0,0.0,0.0,0.0,0.0,0.0,0.0,0.0,1.5
Tomiyasu,DEF,CRY,577,8,2,1,45,18,0,0,0,0,0,3,0,0,0,0,0,1,0.0,0.0,3,2,0,2026-08-22T14:00:00Z,3,3,0,0,0,0,0.0,0.0,0.0,0.0,0.0,0.0,2.0,63.333333333333336,0.0,1.7320508075688772,0.0,0.0,0.0,0.0,2.25
Tomiyasu,DEF,CRY,577,8,2,2,45,73,0,0,0,3,0,-3,0,0,0,0,0,1,0.0,0.0,11,1,4,2026-08-28T19:00:00Z,3,3,0,0,0,0,1.0,18.0,0.0,0.0,0.0,3.0,0.0,0.0,0.0,0.0,0.0,0.0,0.0,0.0,1.0
Tomiyasu,DEF,CRY,577,8,2,3,45,0,0,0,0,0,0,0,0,0,0,0,0,0,0.0,0.0,24,2,3,2026-09-05T14:00:00Z,3,3,0,0,0,0,1.0,45.5,0.0,0.0,0.0,0.0,0.0,0.0,0.0,0.0,0.0,0.0,0.0,0.0,1.0
Mudryk,MID,TOT,578,19,3,1,54,0,0,0,0,0,0,0,0,0,0,0,0,0,0.0,0.0,10,2,3,2026-08-24T19:00:00Z,3,3,0,0,0,0,0.0,0.0,0.0,0.0,0.0,0.0,0.6666666666666666,30.333333333333332,0.0,0.5773502691896258,0.0,0.0,0.0,0.0,0.5
Mudryk,MID,TOT,578,19,3,2,54,0,0,0,0,0,0,0,0,0,0,0,0,0,0.0,0.0,16,4,3,2026-08-30T13:00:00Z,3,3,0,0,0,0,0.0,0.0,0.0,0.0,0.0,0.0,0.0,0.0,0.0,0.0,0.0,0.0,0.0,0.0,0.0
Mudryk,MID,TOT,578,19,3,3,54,16,0,0,0,0,0,3,0,0,0,0,0,1,0.0,0.0,28,0,0,2026-09-05T14:00:00Z,3,3,0,0,0,0,0.0,0.0,0.0,0.0,0.0,0.0,0.0,0.0,0.0,0.0,0.0,0.0,0.0,0.0,0.0
Araujo,DEF,LIV,579,14,2,1,54,20,0,0,0,0,0,3,0,0,0,0,0,1,0.0,0.0,9,2,2,2026-08-23T15:30:00Z,4,4,0,0,0,0,0.0,0.0,0.0,0.0,0.0,0.0,0.3333333333333333,5.333333333333333,0.0,0.5773502691896258,0.0,0.0,0.0,0.0,0.5
Araujo,DEF,LIV,579,14,2,2,54,13,0,0,0,0,0,-1,0,1,0,0,0,0,0.0,0.0,14,2,2,2026-08-29T11:30:00Z,4,4,0,0,0,0,1.0,20.0,0.0,0.0,0.0,3.0,0.0,0.0,0.0,0.0,0.0,0.0,0.0,0.0,1.0
Araujo,DEF,LIV,579,14,2,3,54,90,0,0,1,0,0,27,0,0,0,0,0,8,0.0,0.0,21,0,2,2026-09-04T19:00:00Z,4,4,0,0,0,0,0.5,16.5,0.0,0.0,0.0,1.0,0.0,0.0,0.0,0.0,0.0,0.0,0.0,0.0,0.5
Charles,MID,FUL,580,10,3,1,50,23,0,0,0,0,0,5,0,0,0,0,0,1,0.0,0.0,10,2,3,2026-08-24T19:00:00Z,2,3,0,0,0,0,0.0,0.0,0.0,0.0,0.0,0.0,3.0,41.0,0.0,4.358898943540674,0.0,0.0,0.0,0.0,4.25
Charles,MID,FUL,580,10,3,2,50,22,0,0,0,1,0,2,0,0,0,0,0,1,0.0,0.0,19,1,0,2026-08-30T13:00:00Z,2,3,0,0,0,0,1.0,23.0,0.0,0.0,0.0,5.0,0.0,0.0,0.0,0.0,0.0,0.0,0.0,0.0,1.0
Charles,MID,FUL,580,10,3,3,50,78,0,0,0,3,0,18,0,0,0,0,0,2,0.0,0.0,24,2,3,2026-09-05T14:00:00Z,2,3,0,0,0,0,1.0,22.5,0.0,0.0,0.0,3.5,0.0,0.0,0.0,0.0,0.0,0.0,0.0,0.0,1.0
Diomande,DEF,NFO,581,18,2,1,54,0,0,0,0,0,0,0,0,0,0,0,0,0,0.0,0.0,6,0,1,2026-08-22T14:00:00Z,3,3,0,0,0,0,0.0,0.0,0.0,0.0,0.0,0.0,1.3333333333333333,41.0,0.0,0.5773502691896258,0.0,0.0,0.0,0.0,1.5
Diomande,DEF,NFO,581,18,2,2,54,0,0,0,0,0,0,0,0,0,0,0,0,0,0.0,0.0,14,2,2,2026-08-29T11:30:00Z,3,3,0,0,0,0,0.0,0.0,0.0,0.0,0.0,0.0,0.0,0.0,0.0,0.0,0.0,0.0,0.0,0.0,0.0
Diomande,DEF,NFO,581,18,2,3,54,1,0,0,0,0,0,3,0,0,0,0,0,1,0.0,0.0,28,0,0,2026-09-05T14:00:00Z,3,3,0,0,0,0,0.0,0.0,0.0,0.0,0.0,0.0,0.0,0.0,0.0,0.0,0.0,0.0,0.0,0.0,0.0
Madjo,FWD,AVL,582,2,4,1,55,0,0,0,0,0,0,0,0,0,0,0,0,0,0.0,0.0,7,4,0,2026-08-23T13:00:00Z,3,4,0,0,0,0,0.0,0.0,0.0,0.0,0.0,0.0,0.3333333333333333,0.3333333333333333,0.0,0.5773502691896258,0.0,0.0,0.0,0.0,0.5
Madjo,FWD,AVL,582,2,4,2,55,0,0,0,0,0,0,0,0,0,0,0,0,0,0.0,0.0,20,0,1,2026-08-31T19:00:00Z,3,4,0,0,0,0,0.0,0.0,0.0,0.0,0.0,0.0,0.0,0.0,0.0,0.0,0.0,0.0,0.0,0.0,0.0
Madjo,FWD,AVL,582,2,4,3,55,0,0,0,0,0,0,0,0,0,0,0,0,0,0.0,0.0,25,0,0,2026-09-05T16:30:00Z,3,4,0,0,0,0,0.0,0.0,0.0,0.0,0.0,0.0,0.0,0.0,0.0,0.0,0.0,0.0,0.0,0.0,0.0
Chavarria,DEF,CHE,583,6,2,1,49,25,0,0,0,0,0,3,0,0,0,0,0,1,0.0,0.0,10,2,3,2026-08-24T19:00:00Z,4,4,0,0,0,0,0.0,0.0,0.0,0.0,0.0,0.0,0.0,0.0,0.0,0.0,0.0,0.0,0.0,0.0,0.0
Chavarria,DEF,CHE,583,6,2,2,49,18,0,0,0,1,0,1,0,0,0,0,0,1,0.0,0.0,16,4,3,2026-08-30T13:00:00Z,4,4,0,0,0,0,1.0,25.0,0.0,0.0,0.0,3.0,0.0,0.0,0.0,0.0,0.0,0.0,0.0,0.0,1.0
Chavarria,DEF,CHE,583,6,2,3,49,30,0,0,0,0,0,2,0,0,0,0,0,1,0.0,0.0,29,2,1,2026-09-06T15:30:00Z,4,4,0,0,0,0,1.0,21.5,0.0,0.0,0.0,2.0,0.0,0.0,0.0,0.0,0.0,0.0,0.0,0.0,1.0
Hamer,MID,COV,584,7,3,1,54,8,0,0,0,0,0,3,0,0,0,0,0,1,0.0,0.0,1,3,0,2026-08-21T19:00:00Z,2,2,0,0,0,0,0.0,0.0,0.0,0.0,0.0,0.0,1.0,24.333333333333332,0.0,0.0,0.0,0.0,0.0,0.0,1.0
Hamer,MID,COV,584,7,3,2,54,19,0,0,0,1,0,2,0,0,0,0,0,1,0.0,0.0,13,0,1,2026-08-29T14:00:00Z,2,2,0,0,0,0,1.0,8.0,0.0,0.0,0.0,3.0,0.0,0.0,0.0,0.0,0.0,0.0,0.0,0.0,1.0
Hamer,MID,COV,584,7,3,3,54,5,0,0,0,0,0,1,0,0,0,0,0,1,0.0,0.0,26,1,0,2026-09-05T14:00:00Z,2,2,0,0,0,0,1.0,13.5,0.0,0.0,0.0,2.5,0.0,0.0,0.0,0.0,0.0,0.0,0.0,0.0,1.0
Herrington,DEF,HUL,585,11,2,1,40,26,0,0,0,0,0,4,0,0,0,0,0,1,0.0,0.0,4,2,0,2026-08-22T11:30:00Z,2,2,0,0,0,0,0.0,0.0,0.0,0.0,0.0,0.0,1.0,10.666666666666666,0.0,0.0,0.0,0.0,0.0,0.0,1.0
Herrington,DEF,HUL,585,11,2,2,40,31,0,0,0,0,0,3,0,0,0,0,0,1,0.0,0.0,13,0,1,2026-08-29T14:00:00Z,2,2,0,0,0,0,1.0,26.0,0.0,0.0,0.0,4.0,0.0,0.0,0.0,0.0,0.0,0.0,0.0,0.0,1.0
Herrington,DEF,HUL,585,11,2,3,40,19,0,0,0,0,0,2,0,0,0,0,0,1,0.0,0.0,25,0,0,2026-09-05T16:30:00Z,2,2,0,0,0,0,1.0,28.5,0.0,0.0,0.0,3.5,0.0,0.0,0.0,0.0,0.0,0.0,0.0,0.0,1.0
Mendy,DEF,HUL,586,11,2,1,41,63,1,0,1,0,0,35,1,0,0,0,0,15,0.0,0.0,4,2,0,2026-08-22T11:30:00Z,2,2,0,0,0,0,0.0,0.0,0.0,0.0,0.0,0.0,1.0,25.333333333333332,0.0,0.0,0.0,0.0,0.0,0.0,1.0
Mendy,DEF,HUL,586,11,2,2,41,58,0,0,0,0,0,9,0,0,0,0,0,1,0.0,0.0,13,0,1,2026-08-29T14:00:00Z,2,2,0,0,0,0,15.0,63.0,1.0,0.0,1.0,35.0,0.0,0.0,0.0,0.0,0.0,0.0,0.0,0.0,15.0
Mendy,DEF,HUL,586,11,2,3,41,70,0,0,1,0,0,22,0,0,0,0,0,8,0.0,0.0,25,0,0,2026-09-05T16:30:00Z,2,2,0,0,0,0,8.0,60.5,0.5,0.0,0.5,22.0,0.0,0.0,0.0,0.0,0.0,0.0,0.0,0.0,8.0
Rulli,GKP,MCI,587,15,1,1,50,0,0,0,0,0,0,0,0,0,0,0,0,0,0.0,0.0,8,2,1,2026-08-23T13:00:00Z,4,5,0,0,0,0,0.0,0.0,0.0,0.0,0.0,0.0,8.0,63.666666666666664,1.0,7.0,0.0,0.0,0.0,0.0,8.0
Rulli,GKP,MCI,587,15,1,2,50,0,0,0,0,0,0,0,0,0,0,0,0,0,0.0,0.0,11,1,4,2026-08-28T19:00:00Z,4,5,0,0,0,0,0.0,0.0,0.0,0.0,0.0,0.0,0.0,0.0,0.0,0.0,0.0,0.0,0.0,0.0,0.0
Rulli,GKP,MCI,587,15,1,3,50,0,0,0,0,0,0,0,0,0,0,0,0,0,0.0,0.0,26,1,0,2026-09-05T14:00:00Z,4,5,0,0,0,0,0.0,0.0,0.0,0.0,0.0,0.0,0.0,0.0,0.0,0.0,0.0,0.0,0.0,0.0,0.0
Khalaili,DEF,CRY,588,8,2,1,50,35,0,0,0,0,0,12,0,0,0,0,0,1,0.0,0.0,3,2,0,2026-08-22T14:00:00Z,3,3,0,0,0,0,0.0,0.0,0.0,0.0,0.0,0.0,0.0,0.0,0.0,0.0,0.0,0.0,0.0,0.0,0.0
Khalaili,DEF,CRY,588,8,2,2,50,74,0,0,0,3,0,9,0,1,0,0,0,2,0.0,0.0,11,1,4,2026-08-28T19:00:00Z,3,3,0,0,0,0,1.0,35.0,0.0,0.0,0.0,12.0,0.0,0.0,0.0,0.0,0.0,0.0,0.0,0.0,1.0
Khalaili,DEF,CRY,588,8,2,3,50,90,0,0,0,2,0,6,0,0,0,0,0,3,0.0,0.0,24,2,3,2026-09-05T14:00:00Z,3,3,0,0,0,0,1.5,54.5,0.0,0.0,0.0,10.5,0.0,0.0,0.0,0.0,0.0,0.0,0.0,0.0,1.5
Gourna-Douath,MID,HUL,589,11,3,1,50,0,0,0,0,0,0,0,0,0,0,0,0,0,0.0,0.0,4,2,0,2026-08-22T11:30:00Z,2,2,0,0,0,0,0.0,0.0,0.0,0.0,0.0,0.0,2.0,66.33333333333333,0.0,1.0,0.0,0.0,0.0,0.0,2.25
Gourna-Douath,MID,HUL,589,11,3,2,50,45,0,0,0,0,0,6,0,0,0,0,0,1,0.0,0.0,13,0,1,2026-08-29T14:00:00Z,2,2,0,0,0,0,0.0,0.0,0.0,0.0,0.0,0.0,0.0,0.0,0.0,0.0,0.0,0.0,0.0,0.0,0.0
Gourna-Douath,MID,HUL,589,11,3,3,50,81,0,0,1,0,0,7,0,1,0,0,0,2,0.0,0.0,25,0,0,2026-09-05T16:30:00Z,2,2,0,0,0,0,0.5,22.5,0.0,0.0,0.0,3.0,0.0,0.0,0.0,0.0,0.0,0.0,0.0,0.0,0.5
Benda,GKP,NFO,590,18,1,1,45,0,0,0,0,0,0,0,0,0,0,0,0,0,0.0,0.0,6,0,1,2026-08-22T14:00:00Z,3,3,0,0,0,0,0.0,0.0,0.0,0.0,0.0,0.0,1.0,42.0,0.0,1.0,0.0,0.0,0.0,0.0,1.25
Benda,GKP,NFO,590,18,1,2,45,0,0,0,0,0,0,0,0,0,0,0,0,0,0.0,0.0,14,2,2,2026-08-29T11:30:00Z,3,3,0,0,0,0,0.0,0.0,0.0,0.0,0.0,0.0,0.0,0.0,0.0,0.0,0.0,0.0,0.0,0.0,0.0
Benda,GKP,NFO,590,18,1,3,45,0,0,0,0,0,0,0,0,0,0,0,0,0,0.0,0.0,28,0,0,2026-09-05T14:00:00Z,3,3,0,0,0,0,0.0,0.0,0.0,0.0,0.0,0.0,0.0,0.0,0.0,0.0,0.0,0.0,0.0,0.0,0.0
Enciso,MID,IPS,591,12,3,1,55,70,0,1,0,1,0,24,0,0,0,0,0,5,0.0,0.0,5,2,1,2026-08-22T14:00:00Z,2,2,0,0,0,0,0.0,0.0,0.0,0.0,0.0,0.0,0.0,0.0,0.0,0.0,0.0,0.0,0.0,0.0,0.0
Enciso,MID,IPS,591,12,3,2,55,90,0,1,0,5,0,25,0,0,0,0,0,5,0.0,0.0,18,5,2,2026-08-30T15:30:00Z,2,2,0,0,0,0,5.0,70.0,0.0,1.0,0.0,24.0,0.0,0.0,0.0,0.0,0.0,0.0,0.0,0.0,5.0
Enciso,MID,IPS,591,12,3,3,55,90,0,0,0,2,0,16,0,1,0,0,0,1,0.0,0.0,21,0,2,2026-09-04T19:00:00Z,2,2,0,0,0,0,5.0,80.0,0.0,1.0,0.0,24.5,0.0,0.0,0.0,0.0,0.0,0.0,0.0,0.0,5.0
Ouattara,DEF,IPS,592,12,2,1,40,10,0,0,0,0,0,4,0,0,0,0,0,1,0.0,0.0,5,2,1,2026-08-22T14:00:00Z,2,2,0,0,0,0,0.0,0.0,0.0,0.0,0.0,0.0,3.6666666666666665,83.33333333333333,0.0,2.3094010767585034,0.0,0.0,0.0,0.0,3.0
Ouattara,DEF,IPS,592,12,2,2,40,17,0,0,0,1,0,-1,0,0,0,0,0,1,0.0,0.0,18,5,2,2026-08-30T15:30:00Z,2,2,0,0,0,0,1.0,10.0,0.0,0.0,0.0,4.0,0.0,0.0,0.0,0.0,0.0,0.0,0.0,0.0,1.0
Ouattara,DEF,IPS,592,12,2,3,40,12,0,0,0,0,0,4,0,0,0,0,0,1,0.0,0.0,21,0,2,2026-09-04T19:00:00Z,2,2,0,0,0,0,1.0,13.5,0.0,0.0,0.0,1.5,0.0,0.0,0.0,0.0,0.0,0.0,0.0,0.0,1.0
Dedić,DEF,NEW,593,17,2,1,45,90,0,0,0,2,0,-1,0,0,0,0,0,1,0.0,0.0,9,2,2,2026-08-23T15:30:00Z,2,3,0,0,0,0,0.0,0.0,0.0,0.0,0.0,0.0,1.0,13.0,0.0,0.0,0.0,0.0,0.0,0.0,1.0
Dedić,DEF,NEW,593,17,2,2,45,90,0,1,1,0,0,37,2,0,0,0,0,11,0.0,0.0,15,0,2,2026-08-29T16:30:00Z,2,3,0,0,0,0,1.0,90.0,0.0,0.0,0.0,-1.0,0.0,0.0,0.0,0.0,0.0,0.0,0.0,0.0,1.0
Dedić,DEF,NEW,593,17,2,3,45,90,0,0,0,2,0,3,0,0,0,0,0,1,0.0,0.0,27,2,2,2026-09-05T11:30:00Z,2,3,0,0,0,0,6.0,90.0,0.0,0.5,0.5,18.0,0.0,0.0,0.0,0.0,0.0,0.0,0.0,0.0,6.0
David,FWD,BHA,594,5,4,1,60,0,0,0,0,0,0,0,0,0,0,0,0,0,0.0,0.0,7,4,0,2026-08-23T13:00:00Z,2,3,0,0,0,0,0.0,0.0,0.0,0.0,0.0,0.0,4.333333333333333,90.0,0.0,5.773502691896258,0.0,0.0,0.0,0.0,3.5
David,FWD,BHA,594,5,4,2,60,10,0,0,0,0,0,3,0,0,0,0,0,1,0.0,0.0,16,4,3,2026-08-30T13:00:00Z,2,3,0,0,0,0,0.0,0.0,0.0,0.0,0.0,0.0,0.0,0.0,0.0,0.0,0.0,0.0,0.0,0.0,0.0
David,FWD,BHA,594,5,4,3,60,13,0,0,0,0,0,-7,0,1,0,0,0,0,0.0,0.0,23,1,1,2026-09-05T14:00:00Z,2,3,0,0,0,0,0.5,5.0,0.0,0.0,0.0,1.5,0.0,0.0,0.0,0.0,0.0,0.0,0.0,0.0,0.5
Gozo,MID,CRY,595,8,3,1,50,0,0,0,0,0,0,0,0,0,0,0,0,0,0.0,0.0,3,2,0,2026-08-22T14:00:00Z,3,3,0,0,0,0,0.0,0.0,0.0,0.0,0.0,0.0,0.3333333333333333,7.666666666666667,0.0,0.5773502691896258,0.0,0.0,0.0,0.0,0.25
Gozo,MID,CRY,595,8,3,2,50,22,0,0,0,1,0,3,0,0,0,0,0,1,0.0,0.0,11,1,4,2026-08-28T19:00:00Z,3,3,0,0,0,0,0.0,0.0,0.0,0.0,0.0,0.0,0.0,0.0,0.0,0.0,0.0,0.0,0.0,0.0,0.0
Gozo,MID,CRY,595,8,3,3,50,0,0,0,0,0,0,0,0,0,0,0,0,0,0.0,0.0,24,2,3,2026-09-05T14:00:00Z,3,3,0,0,0,0,0.5,11.0,0.0,0.0,0.0,1.5,0.0,0.0,0.0,0.0,0.0,0.0,0.0,0.0,0.5
Ruggeri,DEF,AVL,596,2,2,1,45,8,0,0,0,0,0,3,0,0,0,0,0,1,0.0,0.0,7,4,0,2026-08-23T13:00:00Z,3,4,0,0,0,0,0.0,0.0,0.0,0.0,0.0,0.0,0.3333333333333333,7.333333333333333,0.0,0.5773502691896258,0.0,0.0,0.0,0.0,0.25
Ruggeri,DEF,AVL,596,2,2,2,45,0,0,0,0,0,0,0,0,0,0,0,0,0,0.0,0.0,20,0,1,2026-08-31T19:00:00Z,3,4,0,0,0,0,1.0,8.0,0.0,0.0,0.0,3.0,0.0,0.0,0.0,0.0,0.0,0.0,0.0,0.0,1.0
Ruggeri,DEF,AVL,596,2,2,3,45,15,0,0,0,0,0,3,0,0,0,0,0,1,0.0,0.0,25,0,0,2026-09-05T16:30:00Z,3,4,0,0,0,0,0.5,4.0,0.0,0.0,0.0,1.5,0.0,0.0,0.0,0.0,0.0,0.0,0.0,0.0,0.5
Suzuki,GKP,AVL,597,2,1,1,50,0,0,0,0,0,0,0,0,0,0,0,0,0,0.0,0.0,7,4,0,2026-08-23T13:00:00Z,3,4,0,0,0,0,0.0,0.0,0.0,0.0,0.0,0.0,0.6666666666666666,7.666666666666667,0.0,0.5773502691896258,0.0,0.0,0.0,0.0,0.75
Suzuki,GKP,AVL,597,2,1,2,50,90,0,0,0,1,1,8,0,0,0,0,0,2,0.0,0.0,20,0,1,2026-08-31T19:00:00Z,3,4,0,0,0,0,0.0,0.0,0.0,0.0,0.0,0.0,0.0,0.0,0.0,0.0,0.0,0.0,0.0,0.0,0.0
Suzuki,GKP,AVL,597,2,1,3,50,90,0,0,1,0,4,38,3,0,0,0,0,10,0.0,0.0,25,0,0,2026-09-05T16:30:00Z,3,4,0,0,0,0,1.0,45.0,0.0,0.0,0.0,4.0,0.0,0.0,0.0,0.0,0.0,0.0,0.0,0.0,1.0
Elvedi,DEF,LEE,598,13,2,1,45,0,0,0,0,0,0,0,0,0,0,0,0,0,0.0,0.0,6,0,1,2026-08-22T14:00:00Z,2,3,0,0,0,0,0.0,0.0,0.0,0.0,0.0,0.0,4.0,60.0,0.0,5.291502622129181,0.0,0.0,0.0,0.0,5.5
Elvedi,DEF,LEE,598,13,2,2,45,56,0,0,0,1,0,9,0,0,0,0,0,1,0.0,0.0,17,1,1,2026-08-30T13:00:00Z,2,3,0,0,0,0,0.0,0.0,0.0,0.0,0.0,0.0,0.0,0.0,0.0,0.0,0.0,0.0,0.0,0.0,0.0
Elvedi,DEF,LEE,598,13,2,3,45,90,0,0,0,1,0,12,0,0,0,0,0,4,0.0,0.0,23,1,1,2026-09-05T14:00:00Z,2,3,0,0,0,0,0.5,28.0,0.0,0.0,0.0,4.5,0.0,0.0,0.0,0.0,0.0,0.0,0.0,0.0,0.5
Cherif,FWD,COV,599,7,4,1,50,0,0,0,0,0,0,0,0,0,0,0,0,0,0.0,0.0,1,3,0,2026-08-21T19:00:00Z,2,2,0,0,0,0,0.0,0.0,0.0,0.0,0.0,0.0,1.6666666666666667,48.666666666666664,0.0,2.0816659994661326,0.0,0.0,0.0,0.0,2.25
Cherif,FWD,COV,599,7,4,2,50,0,0,0,0,0,0,0,0,0,0,0,0,0,0.0,0.0,13,0,1,2026-08-29T14:00:00Z,2,2,0,0,0,0,0.0,0.0,0.0,0.0,0.0,0.0,0.0,0.0,0.0,0.0,0.0,0.0,0.0,0.0,0.0
Cherif,FWD,COV,599,7,4,3,50,0,0,0,0,0,0,0,0,0,0,0,0,0,0.0,0.0,26,1,0,2026-09-05T14:00:00Z,2,2,0,0,0,0,0.0,0.0,0.0,0.0,0.0,0.0,0.0,0.0,0.0,0.0,0.0,0.0,0.0,0.0,0.0
Osman,MID,BHA,600,5,3,1,50,12,0,0,0,0,0,7,0,0,0,0,0,1,0.0,0.0,7,4,0,2026-08-23T13:00:00Z,2,3,0,0,0,0,0.0,0.0,0.0,0.0,0.0,0.0,0.0,0.0,0.0,0.0,0.0,0.0,0.0,0.0,0.0
Osman,MID,BHA,600,5,3,2,50,16,0,0,0,1,0,6,0,0,0,0,0,1,0.0,0.0,16,4,3,2026-08-30T13:00:00Z,2,3,0,0,0,0,1.0,12.0,0.0,0.0,0.0,7.0,0.0,0.0,0.0,0.0,0.0,0.0,0.0,0.0,1.0
Osman,MID,BHA,600,5,3,3,50,0,0,0,0,0,0,0,0,0,0,0,0,0,0.0,0.0,23,1,1,2026-09-05T14:00:00Z,2,3,0,0,0,0,1.0,14.0,0.0,0.0,0.0,6.5,0.0,0.0,0.0,0.0,0.0,0.0,0.0,0.0,1.0
Williams-Barnett,MID,TOT,601,19,3,1,45,0,0,0,0,0,0,0,0,0,0,0,0,0,0.0,0.0,2,3,0,2026-08-22T16:30:00Z,3,3,0,0,0,0,0.0,0.0,0.0,0.0,0.0,0.0,0.6666666666666666,9.333333333333334,0.0,0.5773502691896258,0.0,0.0,0.0,0.0,0.5
Williams-Barnett,MID,TOT,601,19,3,2,45,0,0,0,0,0,0,0,0,0,0,0,0,0,0.0,0.0,15,0,2,2026-08-29T16:30:00Z,3,3,0,0,0,0,0.0,0.0,0.0,0.0,0.0,0.0,0.0,0.0,0.0,0.0,0.0,0.0,0.0,0.0,0.0
Williams-Barnett,MID,TOT,601,19,3,3,45,0,0,0,0,0,0,0,0,0,0,0,0,0,0.0,0.0,28,0,0,2026-09-05T14:00:00Z,3,3,0,0,0,0,0.0,0.0,0.0,0.0,0.0,0.0,0.0,0.0,0.0,0.0,0.0,0.0,0.0,0.0,0.0
Humphreys,MID,IPS,602,12,3,1,45,0,0,0,0,0,0,0,0,0,0,0,0,0,0.0,0.0,5,2,1,2026-08-22T14:00:00Z,2,2,0,0,0,0,0.0,0.0,0.0,0.0,0.0,0.0,0.0,0.0,0.0,0.0,0.0,0.0,0.0,0.0,0.0
Humphreys,MID,IPS,602,12,3,2,45,0,0,0,0,0,0,0,0,0,0,0,0,0,0.0,0.0,18,5,2,2026-08-30T15:30:00Z,2,2,0,0,0,0,0.0,0.0,0.0,0.0,0.0,0.0,0.0,0.0,0.0,0.0,0.0,0.0,0.0,0.0,0.0
Humphreys,MID,IPS,602,12,3,3,45,0,0,0,0,0,0,0,0,0,0,0,0,0,0.0,0.0,21,0,2,2026-09-04T19:00:00Z,2,2,0,0,0,0,0.0,0.0,0.0,0.0,0.0,0.0,0.0,0.0,0.0,0.0,0.0,0.0,0.0,0.0,0.0
Lienou,DEF,LEE,603,13,2,1,40,0,0,0,0,0,0,0,0,0,0,0,0,0,0.0,0.0,6,0,1,2026-08-22T14:00:00Z,2,3,0,0,0,0,0.0,0.0,0.0,0.0,0.0,0.0,0.0,0.0,0.0,0.0,0.0,0.0,0.0,0.0,0.0
Lienou,DEF,LEE,603,13,2,2,40,0,0,0,0,0,0,0,0,0,0,0,0,0,0.0,0.0,17,1,1,2026-08-30T13:00:00Z,2,3,0,0,0,0,0.0,0.0,0.0,0.0,0.0,0.0,0.0,0.0,0.0,0.0,0.0,0.0,0.0,0.0,0.0
Lienou,DEF,LEE,603,13,2,3,40,0,0,0,0,0,0,0,0,0,0,0,0,0,0.0,0.0,23,1,1,2026-09-05T14:00:00Z,2,3,0,0,0,0,0.0,0.0,0.0,0.0,0.0,0.0,0.0,0.0,0.0,0.0,0.0,0.0,0.0,0.0,0.0
Cresswell,MID,LEE,604,13,3,1,45,0,0,0,0,0,0,0,0,0,0,0,0,0,0.0,0.0,6,0,1,2026-08-22T14:00:00Z,2,3,0,0,0,0,0.0,0.0,0.0,0.0,0.0,0.0,0.0,0.0,0.0,0.0,0.0,0.0,0.0,0.0,0.0
Cresswell,MID,LEE,604,13,3,2,45,0,0,0,0,0,0,0,0,0,0,0,0,0,0.0,0.0,17,1,1,2026-08-30T13:00:00Z,2,3,0,0,0,0,0.0,0.0,0.0,0.0,0.0,0.0,0.0,0.0,0.0,0.0,0.0,0.0,0.0,0.0,0.0
Cresswell,MID,LEE,604,13,3,3,45,0,0,0,0,0,0,0,0,0,0,0,0,0,0.0,0.0,23,1,1,2026-09-05T14:00:00Z,2,3,0,0,0,0,0.0,0.0,0.0,0.0,0.0,0.0,0.0,0.0,0.0,0.0,0.0,0.0,0.0,0.0,0.0
Yalcouyé,MID,BHA,605,5,3,1,45,4,0,0,0,0,0,3,0,0,0,0,0,1,0.0,0.0,7,4,0,2026-08-23T13:00:00Z,2,3,0,0,0,0,0.0,0.0,0.0,0.0,0.0,0.0,0.0,0.0,0.0,0.0,0.0,0.0,0.0,0.0,0.0
Yalcouyé,MID,BHA,605,5,3,2,45,73,1,0,0,3,0,39,1,0,0,0,0,8,0.0,0.0,16,4,3,2026-08-30T13:00:00Z,2,3,0,0,0,0,1.0,4.0,0.0,0.0,0.0,3.0,0.0,0.0,0.0,0.0,0.0,0.0,0.0,0.0,1.0
Yalcouyé,MID,BHA,605,5,3,3,45,90,0,0,0,1,0,16,0,0,0,0,0,2,0.0,0.0,23,1,1,2026-09-05T14:00:00Z,2,3,0,0,0,0,4.5,38.5,0.5,0.0,0.0,21.0,0.0,0.0,0.0,0.0,0.0,0.0,0.0,0.0,4.5
Rowe,DEF,AVL,606,2,2,1,40,0,0,0,0,0,0,0,0,0,0,0,0,0,0.0,0.0,7,4,0,2026-08-23T13:00:00Z,3,4,0,0,0,0,0.0,0.0,0.0,0.0,0.0,0.0,3.6666666666666665,55.666666666666664,1.0,3.7859388972001824,0.0,0.0,0.0,0.0,3.25
Rowe,DEF,AVL,606,2,2,2,40,0,0,0,0,0,0,0,0,0,0,0,0,0,0.0,0.0,20,0,1,2026-08-31T19:00:00Z,3,4,0,0,0,0,0.0,0.0,0.0,0.0,0.0,0.0,0.0,0.0,0.0,0.0,0.0,0.0,0.0,0.0,0.0
Rowe,DEF,AVL,606,2,2,3,40,0,0,0,0,0,0,0,0,0,0,0,0,0,0.0,0.0,25,0,0,2026-09-05T16:30:00Z,3,4,0,0,0,0,0.0,0.0,0.0,0.0,0.0,0.0,0.0,0.0,0.0,0.0,0.0,0.0,0.0,0.0,0.0
Lynch,MID,AVL,607,2,3,1,45,0,0,0,0,0,0,0,0,0,0,0,0,0,0.0,0.0,7,4,0,2026-08-23T13:00:00Z,3,4,0,0,0,0,0.0,0.0,0.0,0.0,0.0,0.0,0.0,0.0,0.0,0.0,0.0,0.0,0.0,0.0,0.0
Lynch,MID,AVL,607,2,3,2,45,0,0,0,0,0,0,0,0,0,0,0,0,0,0.0,0.0,20,0,1,2026-08-31T19:00:00Z,3,4,0,0,0,0,0.0,0.0,0.0,0.0,0.0,0.0,0.0,0.0,0.0,0.0,0.0,0.0,0.0,0.0,0.0
Lynch,MID,AVL,607,2,3,3,45,0,0,0,0,0,0,0,0,0,0,0,0,0,0.0,0.0,25,0,0,2026-09-05T16:30:00Z,3,4,0,0,0,0,0.0,0.0,0.0,0.0,0.0,0.0,0.0,0.0,0.0,0.0,0.0,0.0,0.0,0.0,0.0
Jebbison,FWD,BOU,608,3,4,1,50,15,0,0,0,2,0,6,0,0,0,0,0,1,0.0,0.0,8,2,1,2026-08-23T13:00:00Z,3,3,0,0,0,0,0.0,0.0,0.0,0.0,0.0,0.0,0.0,0.0,0.0,0.0,0.0,0.0,0.0,0.0,0.0
Jebbison,FWD,BOU,608,3,4,2,50,0,0,0,0,0,0,0,0,0,0,0,0,0,0.0,0.0,12,1,1,2026-08-29T14:00:00Z,3,3,0,0,0,0,1.0,15.0,0.0,0.0,0.0,6.0,0.0,0.0,0.0,0.0,0.0,0.0,0.0,0.0,1.0
Jebbison,FWD,BOU,608,3,4,3,50,1,0,0,0,0,0,4,0,0,0,0,0,1,0.0,0.0,27,2,2,2026-09-05T11:30:00Z,3,3,0,0,0,0,0.5,7.5,0.0,0.0,0.0,3.0,0.0,0.0,0.0,0.0,0.0,0.0,0.0,0.0,0.5
Shahar,DEF,NEW,609,17,2,1,40,0,0,0,0,0,0,0,0,0,0,0,0,0,0.0,0.0,9,2,2,2026-08-23T15:30:00Z,2,3,0,0,0,0,0.0,0.0,0.0,0.0,0.0,0.0,0.6666666666666666,5.333333333333333,0.0,0.5773502691896258,0.0,0.0,0.0,0.0,0.75
Shahar,DEF,NEW,609,17,2,2,40,0,0,0,0,0,0,0,0,0,0,0,0,0,0.0,0.0,15,0,2,2026-08-29T16:30:00Z,2,3,0,0,0,0,0.0,0.0,0.0,0.0,0.0,0.0,0.0,0.0,0.0,0.0,0.0,0.0,0.0,0.0,0.0
Shahar,DEF,NEW,609,17,2,3,40,0,0,0,0,0,0,0,0,0,0,0,0,0,0.0,0.0,27,2,2,2026-09-05T11:30:00Z,2,3,0,0,0,0,0.0,0.0,0.0,0.0,0.0,0.0,0.0,0.0,0.0,0.0,0.0,0.0,0.0,0.0,0.0
De Fougerolles,DEF,FUL,610,10,2,1,40,0,0,0,0,0,0,0,0,0,0,0,0,0,0.0,0.0,10,2,3,2026-08-24T19:00:00Z,2,3,0,0,0,0,0.0,0.0,0.0,0.0,0.0,0.0,0.0,0.0,0.0,0.0,0.0,0.0,0.0,0.0,0.0
De Fougerolles,DEF,FUL,610,10,2,2,40,0,0,0,0,0,0,0,0,0,0,0,0,0,0.0,0.0,19,1,0,2026-08-30T13:00:00Z,2,3,0,0,0,0,0.0,0.0,0.0,0.0,0.0,0.0,0.0,0.0,0.0,0.0,0.0,0.0,0.0,0.0,0.0
De Fougerolles,DEF,FUL,610,10,2,3,40,0,0,0,0,0,0,0,0,0,0,0,0,0,0.0,0.0,24,2,3,2026-09-05T14:00:00Z,2,3,0,0,0,0,0.0,0.0,0.0,0.0,0.0,0.0,0.0,0.0,0.0,0.0,0.0,0.0,0.0,0.0,0.0
Wan-Bissaka,DEF,AVL,611,2,2,2,45,12,0,0,0,0,0,4,0,0,0,0,0,1,0.0,0.0,20,0,1,2026-08-31T19:00:00Z,3,4,0,0,0,0,0.0,0.0,0.0,0.0,0.0,0.0,0.0,0.0,0.0,0.0,0.0,0.0,0.0,0.0,0.0
Wan-Bissaka,DEF,AVL,611,2,2,3,45,5,0,0,0,0,0,3,0,0,0,0,0,1,0.0,0.0,25,0,0,2026-09-05T16:30:00Z,3,4,0,0,0,0,1.0,12.0,0.0,0.0,0.0,4.0,0.0,0.0,0.0,0.0,0.0,0.0,0.0,0.0,1.0
Methalie,DEF,SUN,612,20,2,2,45,0,0,0,0,0,0,0,0,0,0,0,0,0,0.0,0.0,19,1,0,2026-08-30T13:00:00Z,2,3,0,0,0,0,0.0,0.0,0.0,0.0,0.0,0.0,0.0,0.0,0.0,0.0,0.0,0.0,0.0,0.0,1.0
Methalie,DEF,SUN,612,20,2,3,45,0,0,0,0,0,0,0,0,0,0,0,0,0,0.0,0.0,22,1,1,2026-09-05T14:00:00Z,2,3,0,0,0,0,0.0,0.0,0.0,0.0,0.0,0.0,0.0,0.0,0.0,0.0,0.0,0.0,0.0,0.0,0.0
Ahoka,MID,SUN,613,20,3,2,45,0,0,0,0,0,0,0,0,0,0,0,0,0,0.0,0.0,19,1,0,2026-08-30T13:00:00Z,2,3,0,0,0,0,0.0,0.0,0.0,0.0,0.0,0.0,0.0,0.0,0.0,0.0,0.0,0.0,0.0,0.0,0.0
Ahoka,MID,SUN,613,20,3,3,45,0,0,0,0,0,0,0,0,0,0,0,0,0,0.0,0.0,22,1,1,2026-09-05T14:00:00Z,2,3,0,0,0,0,0.0,0.0,0.0,0.0,0.0,0.0,0.0,0.0,0.0,0.0,0.0,0.0,0.0,0.0,0.0
Hadjam,DEF,BHA,614,5,2,2,45,0,0,0,0,0,0,0,0,0,0,0,0,0,0.0,0.0,16,4,3,2026-08-30T13:00:00Z,2,3,0,0,0,0,0.0,0.0,0.0,0.0,0.0,0.0,0.0,0.0,0.0,0.0,0.0,0.0,0.0,0.0,0.0
Hadjam,DEF,BHA,614,5,2,3,45,0,0,0,0,0,0,0,0,0,0,0,0,0,0.0,0.0,23,1,1,2026-09-05T14:00:00Z,2,3,0,0,0,0,0.0,0.0,0.0,0.0,0.0,0.0,0.0,0.0,0.0,0.0,0.0,0.0,0.0,0.0,0.0
Di Gregorio,GKP,BOU,615,3,1,2,45,0,0,0,0,0,0,0,0,0,0,0,0,0,0.0,0.0,12,1,1,2026-08-29T14:00:00Z,3,3,0,0,0,0,0.0,0.0,0.0,0.0,0.0,0.0,0.0,0.0,0.0,0.0,0.0,0.0,0.0,0.0,0.0
Di Gregorio,GKP,BOU,615,3,1,3,45,0,0,0,0,0,0,0,0,0,0,0,0,0,0.0,0.0,27,2,2,2026-09-05T11:30:00Z,3,3,0,0,0,0,0.0,0.0,0.0,0.0,0.0,0.0,0.0,0.0,0.0,0.0,0.0,0.0,0.0,0.0,0.0
Bouaddi,MID,MCI,616,15,3,2,55,8,0,0,0,0,0,3,0,0,0,0,0,1,0.0,0.0,11,1,4,2026-08-28T19:00:00Z,4,5,0,0,0,0,0.0,0.0,0.0,0.0,0.0,0.0,0.0,0.0,0.0,0.0,0.0,0.0,0.0,0.0,0.0
Bouaddi,MID,MCI,616,15,3,3,55,14,0,0,0,0,0,5,0,0,0,0,0,1,0.0,0.0,26,1,0,2026-09-05T14:00:00Z,4,5,0,0,0,0,1.0,8.0,0.0,0.0,0.0,3.0,0.0,0.0,0.0,0.0,0.0,0.0,0.0,0.0,1.0
Cho,MID,HUL,617,11,3,2,50,7,0,0,0,0,0,3,0,0,0,0,0,1,0.0,0.0,13,0,1,2026-08-29T14:00:00Z,2,2,0,0,0,0,0.0,0.0,0.0,0.0,0.0,0.0,0.0,0.0,0.0,0.0,0.0,0.0,0.0,0.0,1.0
Cho,MID,HUL,617,11,3,3,50,8,0,0,0,0,0,5,0,0,0,0,0,1,0.0,0.0,25,0,0,2026-09-05T16:30:00Z,2,2,0,0,0,0,1.0,7.0,0.0,0.0,0.0,3.0,0.0,0.0,0.0,0.0,0.0,0.0,0.0,0.0,1.0
Goretzka,MID,AVL,618,2,3,2,60,0,0,0,0,0,0,0,0,0,0,0,0,0,0.0,0.0,20,0,1,2026-08-31T19:00:00Z,3,4,0,0,0,0,0.0,0.0,0.0,0.0,0.0,0.0,0.0,0.0,0.0,0.0,0.0,0.0,0.0,0.0,1.0
Goretzka,MID,AVL,618,2,3,3,60,0,0,0,0,0,0,0,0,0,0,0,0,0,0.0,0.0,25,0,0,2026-09-05T16:30:00Z,3,4,0,0,0,0,0.0,0.0,0.0,0.0,0.0,0.0,0.0,0.0,0.0,0.0,0.0,0.0,0.0,0.0,0.0
Palacios,MID,IPS,619,12,3,2,50,28,0,0,0,2,0,11,0,0,0,0,0,1,0.0,0.0,18,5,2,2026-08-30T15:30:00Z,2,2,0,0,0,0,0.0,0.0,0.0,0.0,0.0,0.0,0.0,0.0,0.0,0.0,0.0,0.0,0.0,0.0,0.0
Palacios,MID,IPS,619,12,3,3,50,77,0,0,0,2,0,24,0,0,0,0,0,4,0.0,0.0,21,0,2,2026-09-04T19:00:00Z,2,2,0,0,0,0,1.0,28.0,0.0,0.0,0.0,11.0,0.0,0.0,0.0,0.0,0.0,0.0,0.0,0.0,1.0
Diouf,DEF,BRE,620,4,2,2,45,0,0,0,0,0,0,0,0,0,0,0,0,0,0.0,0.0,17,1,1,2026-08-30T13:00:00Z,3,3,0,0,0,0,0.0,0.0,0.0,0.0,0.0,0.0,0.0,0.0,0.0,0.0,0.0,0.0,0.0,0.0,2.5
Diouf,DEF,BRE,620,4,2,3,45,0,0,0,0,0,0,0,0,0,0,0,0,0,0.0,0.0,22,1,1,2026-09-05T14:00:00Z,3,3,0,0,0,0,0.0,0.0,0.0,0.0,0.0,0.0,0.0,0.0,0.0,0.0,0.0,0.0,0.0,0.0,0.0
McAidoo,MID,MCI,621,15,3,2,45,8,0,0,0,0,0,3,0,0,0,0,0,1,0.0,0.0,11,1,4,2026-08-28T19:00:00Z,4,5,0,0,0,0,0.0,0.0,0.0,0.0,0.0,0.0,0.0,0.0,0.0,0.0,0.0,0.0,0.0,0.0,0.0
McAidoo,MID,MCI,621,15,3,3,45,3,0,0,0,0,0,5,0,0,0,0,0,1,0.0,0.0,26,1,0,2026-09-05T14:00:00Z,4,5,0,0,0,0,1.0,8.0,0.0,0.0,0.0,3.0,0.0,0.0,0.0,0.0,0.0,0.0,0.0,0.0,1.0
Braithwaite,DEF,MCI,622,15,2,2,40,1,0,0,0,0,0,3,0,0,0,0,0,1,0.0,0.0,11,1,4,2026-08-28T19:00:00Z,4,5,0,0,0,0,0.0,0.0,0.0,0.0,0.0,0.0,0.0,0.0,0.0,0.0,0.0,0.0,0.0,0.0,1.0
Braithwaite,DEF,MCI,622,15,2,3,40,0,0,0,0,0,0,0,0,0,0,0,0,0,0.0,0.0,26,1,0,2026-09-05T14:00:00Z,4,5,0,0,0,0,1.0,1.0,0.0,0.0,0.0,3.0,0.0,0.0,0.0,0.0,0.0,0.0,0.0,0.0,1.0
Bentley,GKP,COV,623,7,1,2,40,0,0,0,0,0,0,0,0,0,0,0,0,0,0.0,0.0,13,0,1,2026-08-29T14:00:00Z,2,2,0,0,0,0,0.0,0.0,0.0,0.0,0.0,0.0,0.0,0.0,0.0,0.0,0.0,0.0,0.0,0.0,0.5
Bentley,GKP,COV,623,7,1,3,40,0,0,0,0,0,0,0,0,0,0,0,0,0,0.0,0.0,26,1,0,2026-09-05T14:00:00Z,2,2,0,0,0,0,0.0,0.0,0.0,0.0,0.0,0.0,0.0,0.0,0.0,0.0,0.0,0.0,0.0,0.0,0.0
Cozier-Duberry,MID,BHA,624,5,3,2,50,0,0,0,0,0,0,0,0,0,0,0,0,0,0.0,0.0,16,4,3,2026-08-30T13:00:00Z,2,3,0,0,0,0,0.0,0.0,0.0,0.0,0.0,0.0,0.0,0.0,0.0,0.0,0.0,0.0,0.0,0.0,0.0
Cozier-Duberry,MID,BHA,624,5,3,3,50,0,0,0,0,0,0,0,0,0,0,0,0,0,0.0,0.0,23,1,1,2026-09-05T14:00:00Z,2,3,0,0,0,0,0.0,0.0,0.0,0.0,0.0,0.0,0.0,0.0,0.0,0.0,0.0,0.0,0.0,0.0,0.0
Cairns,GKP,LEE,625,13,1,2,40,0,0,0,0,0,0,0,0,0,0,0,0,0,0.0,0.0,17,1,1,2026-08-30T13:00:00Z,2,3,0,0,0,0,0.0,0.0,0.0,0.0,0.0,0.0,0.0,0.0,0.0,0.0,0.0,0.0,0.0,0.0,0.0
Cairns,GKP,LEE,625,13,1,3,40,0,0,0,0,0,0,0,0,0,0,0,0,0,0.0,0.0,23,1,1,2026-09-05T14:00:00Z,2,3,0,0,0,0,0.0,0.0,0.0,0.0,0.0,0.0,0.0,0.0,0.0,0.0,0.0,0.0,0.0,0.0,0.0
Zepa,MID,FUL,626,10,3,2,45,0,0,0,0,0,0,0,0,0,0,0,0,0,0.0,0.0,19,1,0,2026-08-30T13:00:00Z,2,3,0,0,0,0,0.0,0.0,0.0,0.0,0.0,0.0,0.0,0.0,0.0,0.0,0.0,0.0,0.0,0.0,0.0
Zepa,MID,FUL,626,10,3,3,45,0,0,0,0,0,0,0,0,0,0,0,0,0,0.0,0.0,24,2,3,2026-09-05T14:00:00Z,2,3,0,0,0,0,0.0,0.0,0.0,0.0,0.0,0.0,0.0,0.0,0.0,0.0,0.0,0.0,0.0,0.0,0.0
Barcola,MID,LIV,627,14,3,3,80,26,0,0,0,0,0,5,0,0,0,0,0,1,0.0,0.0,21,0,2,2026-09-04T19:00:00Z,4,4,0,0,0,0,0.0,0.0,0.0,0.0,0.0,0.0,0.0,0.0,0.0,0.0,0.0,0.0,0.0,0.0,0.0
Allan,MID,MCI,628,15,3,3,60,0,0,0,0,0,0,0,0,0,0,0,0,0,0.0,0.0,26,1,0,2026-09-05T14:00:00Z,4,5,0,0,0,0,0.0,0.0,0.0,0.0,0.0,0.0,0.0,0.0,0.0,0.0,0.0,0.0,0.0,0.0,1.0
Zetterer,GKP,LEE,629,13,1,3,40,0,0,0,0,0,0,0,0,0,0,0,0,0,0.0,0.0,23,1,1,2026-09-05T14:00:00Z,2,3,0,0,0,0,0.0,0.0,0.0,0.0,0.0,0.0,0.0,0.0,0.0,0.0,0.0,0.0,0.0,0.0,0.0
Harwood-Bellis,DEF,AVL,630,2,2,3,45,0,0,0,0,0,0,0,0,0,0,0,0,0,0.0,0.0,25,0,0,2026-09-05T16:30:00Z,3,4,0,0,0,0,0.0,0.0,0.0,0.0,0.0,0.0,0.0,0.0,0.0,0.0,0.0,0.0,0.0,0.0,0.0
Mbaye,MID,AVL,631,2,3,3,60,0,0,0,0,0,0,0,0,0,0,0,0,0,0.0,0.0,25,0,0,2026-09-05T16:30:00Z,3,4,0,0,0,0,0.0,0.0,0.0,0.0,0.0,0.0,0.0,0.0,0.0,0.0,0.0,0.0,0.0,0.0,0.0
Ansah,FWD,HUL,632,11,4,3,50,0,0,0,0,0,0,0,0,0,0,0,0,0,0.0,0.0,25,0,0,2026-09-05T16:30:00Z,2,2,0,0,0,0,0.0,0.0,0.0,0.0,0.0,0.0,0.0,0.0,0.0,0.0,0.0,0.0,0.0,0.0,0.0
Ahanor,DEF,CRY,633,8,2,3,45,0,0,0,0,0,0,0,0,0,0,0,0,0,0.0,0.0,24,2,3,2026-09-05T14:00:00Z,3,3,0,0,0,0,0.0,0.0,0.0,0.0,0.0,0.0,0.0,0.0,0.0,0.0,0.0,0.0,0.0,0.0,0.0
Fernandez-Pardo,FWD,NEW,634,17,4,3,60,27,0,0,0,0,0,4,0,0,0,0,0,1,0.0,0.0,27,2,2,2026-09-05T11:30:00Z,2,3,0,0,0,0,0.0,0.0,0.0,0.0,0.0,0.0,0.0,0.0,0.0,0.0,0.0,0.0,0.0,0.0,0.0
Larsson,MID,FUL,635,10,3,3,50,11,0,0,0,0,0,3,0,0,0,0,0,1,0.0,0.0,24,2,3,2026-09-05T14:00:00Z,2,3,0,0,0,0,0.0,0.0,0.0,0.0,0.0,0.0,0.0,0.0,0.0,0.0,0.0,0.0,0.0,0.0,1.0
Ángel,MID,FUL,636,10,3,3,50,0,0,0,0,0,0,0,0,0,0,0,0,0,0.0,0.0,24,2,3,2026-09-05T14:00:00Z,2,3,0,0,0,0,0.0,0.0,0.0,0.0,0.0,0.0,0.0,0.0,0.0,0.0,0.0,0.0,0.0,0.0,1.0
Vaz,FWD,HUL,637,11,4,3,50,0,0,0,0,0,0,0,0,0,0,0,0,0,0.0,0.0,25,0,0,2026-09-05T16:30:00Z,2,2,0,0,0,0,0.0,0.0,0.0,0.0,0.0,0.0,0.0,0.0,0.0,0.0,0.0,0.0,0.0,0.0,0.0
Norton-Cuffy,DEF,HUL,638,11,2,3,40,26,0,0,0,0,0,3,0,0,0,0,0,1,0.0,0.0,25,0,0,2026-09-05T16:30:00Z,2,2,0,0,0,0,0.0,0.0,0.0,0.0,0.0,0.0,0.0,0.0,0.0,0.0,0.0,0.0,0.0,0.0,0.0
Andrés,MID,BHA,639,5,3,3,55,0,0,0,0,0,0,0,0,0,0,0,0,0,0.0,0.0,23,1,1,2026-09-05T14:00:00Z,2,3,0,0,0,0,0.0,0.0,0.0,0.0,0.0,0.0,0.0,0.0,0.0,0.0,0.0,0.0,0.0,0.0,1.0
Flemming,FWD,IPS,640,12,4,3,55,24,0,0,0,0,0,4,0,0,0,0,0,1,0.0,0.0,21,0,2,2026-09-04T19:00:00Z,2,2,0,0,0,0,0.0,0.0,0.0,0.0,0.0,0.0,0.0,0.0,0.0,0.0,0.0,0.0,0.0,0.0,0.0
Bard,DEF,LEE,641,13,2,3,45,0,0,0,0,0,0,0,0,0,0,0,0,0,0.0,0.0,23,1,1,2026-09-05T14:00:00Z,2,3,0,0,0,0,0.0,0.0,0.0,0.0,0.0,0.0,0.0,0.0,0.0,0.0,0.0,0.0,0.0,0.0,1.0
Thomas,MID,HUL,642,11,3,3,55,27,0,0,0,0,0,5,0,0,0,0,0,1,0.0,0.0,25,0,0,2026-09-05T16:30:00Z,2,2,0,0,0,0,0.0,0.0,0.0,0.0,0.0,0.0,0.0,0.0,0.0,0.0,0.0,0.0,0.0,0.0,0.0
Chilwell,DEF,CRY,643,8,2,3,45,16,1,0,0,0,0,20,0,0,0,0,0,7,0.0,0.0,24,2,3,2026-09-05T14:00:00Z,3,3,0,0,0,0,0.0,0.0,0.0,0.0,0.0,0.0,0.0,0.0,0.0,0.0,0.0,0.0,0.0,0.0,1.0
Timber,MID,CRY,644,8,3,3,50,73,0,0,0,2,0,8,0,0,0,0,0,2,0.0,0.0,24,2,3,2026-09-05T14:00:00Z,3,3,0,0,0,0,0.0,0.0,0.0,0.0,0.0,0.0,0.0,0.0,0.0,0.0,0.0,0.0,0.0,0.0,7.0
Mouzakitis,MID,HUL,645,11,3,3,50,0,0,0,0,0,0,0,0,0,0,0,0,0,0.0,0.0,25,0,0,2026-09-05T16:30:00Z,2,2,0,0,0,0,0.0,0.0,0.0,0.0,0.0,0.0,0.0,0.0,0.0,0.0,0.0,0.0,0.0,0.0,2.0
Fofana,MID,SUN,646,20,3,3,55,16,0,0,0,0,0,3,0,0,0,0,0,1,0.0,0.0,22,1,1,2026-09-05T14:00:00Z,2,3,0,0,0,0,0.0,0.0,0.0,0.0,0.0,0.0,0.0,0.0,0.0,0.0,0.0,0.0,0.0,0.0,0.0
Osorio,MID,CRY,647,8,3,3,55,1,0,0,0,0,0,2,0,0,0,0,0,1,0.0,0.0,24,2,3,2026-09-05T14:00:00Z,3,3,0,0,0,0,0.0,0.0,0.0,0.0,0.0,0.0,0.0,0.0,0.0,0.0,0.0,0.0,0.0,0.0,1.0
Bahoya,MID,LEE,648,13,3,3,50,0,0,0,0,0,0,0,0,0,0,0,0,0,0.0,0.0,23,1,1,2026-09-05T14:00:00Z,2,3,0,0,0,0,0.0,0.0,0.0,0.0,0.0,0.0,0.0,0.0,0.0,0.0,0.0,0.0,0.0,0.0,1.0
Maitland-Niles,DEF,EVE,649,9,2,3,45,13,1,0,0,1,0,13,0,0,0,0,0,7,0.0,0.0,30,2,2,2026-09-06T13:00:00Z,3,3,0,0,0,0,0.0,0.0,0.0,0.0,0.0,0.0,0.0,0.0,0.0,0.0,0.0,0.0,0.0,0.0,0.0
Affengruber,DEF,FUL,650,10,2,3,45,0,0,0,0,0,0,0,0,0,0,0,0,0,0.0,0.0,24,2,3,2026-09-05T14:00:00Z,2,3,0,0,0,0,0.0,0.0,0.0,0.0,0.0,0.0,0.0,0.0,0.0,0.0,0.0,0.0,0.0,0.0,7.0
J.Angulo,FWD,SUN,651,20,4,3,45,0,0,0,0,0,0,0,0,0,0,0,0,0,0.0,0.0,22,1,1,2026-09-05T14:00:00Z,2,3,0,0,0,0,0.0,0.0,0.0,0.0,0.0,0.0,0.0,0.0,0.0,0.0,0.0,0.0,0.0,0.0,0.0
Azeez,MID,BHA,652,5,3,3,55,0,0,0,0,0,0,0,0,0,0,0,0,0,0.0,0.0,23,1,1,2026-09-05T14:00:00Z,2,3,0,0,0,0,0.0,0.0,0.0,0.0,0.0,0.0,0.0,0.0,0.0,0.0,0.0,0.0,0.0,0.0,0.0
Samba,MID,MCI,653,15,3,3,45,0,0,0,0,0,0,0,0,0,0,0,0,0,0.0,0.0,26,1,0,2026-09-05T14:00:00Z,4,5,0,0,0,0,0.0,0.0,0.0,0.0,0.0,0.0,0.0,0.0,0.0,0.0,0.0,0.0,0.0,0.0,0.0
Graham,MID,EVE,654,9,3,3,45,0,0,0,0,0,0,0,0,0,0,0,0,0,0.0,0.0,30,2,2,2026-09-06T13:00:00Z,3,3,0,0,0,0,0.0,0.0,0.0,0.0,0.0,0.0,0.0,0.0,0.0,0.0,0.0,0.0,0.0,0.0,0.0
